"product_key","order_date_key","due_date_key","ship_date_key","customer_key","promotion_key","currency_key","sales_territory_key","sales_order_number","sales_order_line_number","revision_number","order_quantity","unit_price","extended_amount","unit_price_discount_pct","discount_amount","product_standard_cost","total_product_cost","sales_amount","tax_amt","freight","carrier_tracking_number","customer_po_number","order_date","due_date","ship_date"
310,20101229,20110110,20110105,21768,1,19,6,"SO43697",1,1,1,3578.27,3578.27,0,0,2171.2942,2171.2942,3578.27,286.2616,89.4568,\N,\N,"2010-12-29 00:00:00.000000","2011-01-10 00:00:00.000000","2011-01-05 00:00:00.000000"
346,20101229,20110110,20110105,28389,1,39,7,"SO43698",1,1,1,3399.99,3399.99,0,0,1912.1544,1912.1544,3399.99,271.9992,84.9998,\N,\N,"2010-12-29 00:00:00.000000","2011-01-10 00:00:00.000000","2011-01-05 00:00:00.000000"
346,20101229,20110110,20110105,25863,1,100,1,"SO43699",1,1,1,3399.99,3399.99,0,0,1912.1544,1912.1544,3399.99,271.9992,84.9998,\N,\N,"2010-12-29 00:00:00.000000","2011-01-10 00:00:00.000000","2011-01-05 00:00:00.000000"
336,20101229,20110110,20110105,14501,1,100,4,"SO43700",1,1,1,699.0982,699.0982,0,0,413.1463,413.1463,699.0982,55.9279,17.4775,\N,\N,"2010-12-29 00:00:00.000000","2011-01-10 00:00:00.000000","2011-01-05 00:00:00.000000"
346,20101229,20110110,20110105,11003,1,6,9,"SO43701",1,1,1,3399.99,3399.99,0,0,1912.1544,1912.1544,3399.99,271.9992,84.9998,\N,\N,"2010-12-29 00:00:00.000000","2011-01-10 00:00:00.000000","2011-01-05 00:00:00.000000"
311,20101230,20110111,20110106,27645,1,100,4,"SO43702",1,1,1,3578.27,3578.27,0,0,2171.2942,2171.2942,3578.27,286.2616,89.4568,\N,\N,"2010-12-30 00:00:00.000000","2011-01-11 00:00:00.000000","2011-01-06 00:00:00.000000"
310,20101230,20110111,20110106,16624,1,6,9,"SO43703",1,1,1,3578.27,3578.27,0,0,2171.2942,2171.2942,3578.27,286.2616,89.4568,\N,\N,"2010-12-30 00:00:00.000000","2011-01-11 00:00:00.000000","2011-01-06 00:00:00.000000"
351,20101230,20110111,20110106,11005,1,6,9,"SO43704",1,1,1,3374.99,3374.99,0,0,1898.0944,1898.0944,3374.99,269.9992,84.3748,\N,\N,"2010-12-30 00:00:00.000000","2011-01-11 00:00:00.000000","2011-01-06 00:00:00.000000"
344,20101230,20110111,20110106,11011,1,6,9,"SO43705",1,1,1,3399.99,3399.99,0,0,1912.1544,1912.1544,3399.99,271.9992,84.9998,\N,\N,"2010-12-30 00:00:00.000000","2011-01-11 00:00:00.000000","2011-01-06 00:00:00.000000"
312,20101231,20110112,20110107,27621,1,100,4,"SO43706",1,1,1,3578.27,3578.27,0,0,2171.2942,2171.2942,3578.27,286.2616,89.4568,\N,\N,"2010-12-31 00:00:00.000000","2011-01-12 00:00:00.000000","2011-01-07 00:00:00.000000"
312,20101231,20110112,20110107,27616,1,100,4,"SO43707",1,1,1,3578.27,3578.27,0,0,2171.2942,2171.2942,3578.27,286.2616,89.4568,\N,\N,"2010-12-31 00:00:00.000000","2011-01-12 00:00:00.000000","2011-01-07 00:00:00.000000"
330,20101231,20110112,20110107,20042,1,98,10,"SO43708",1,1,1,699.0982,699.0982,0,0,413.1463,413.1463,699.0982,55.9279,17.4775,\N,\N,"2010-12-31 00:00:00.000000","2011-01-12 00:00:00.000000","2011-01-07 00:00:00.000000"
313,20101231,20110112,20110107,16351,1,6,9,"SO43709",1,1,1,3578.27,3578.27,0,0,2171.2942,2171.2942,3578.27,286.2616,89.4568,\N,\N,"2010-12-31 00:00:00.000000","2011-01-12 00:00:00.000000","2011-01-07 00:00:00.000000"
314,20101231,20110112,20110107,16517,1,6,9,"SO43710",1,1,1,3578.27,3578.27,0,0,2171.2942,2171.2942,3578.27,286.2616,89.4568,\N,\N,"2010-12-31 00:00:00.000000","2011-01-12 00:00:00.000000","2011-01-07 00:00:00.000000"
314,20110101,20110113,20110108,27606,1,100,1,"SO43711",1,1,1,3578.27,3578.27,0,0,2171.2942,2171.2942,3578.27,286.2616,89.4568,\N,\N,"2011-01-01 00:00:00.000000","2011-01-13 00:00:00.000000","2011-01-08 00:00:00.000000"
311,20110101,20110113,20110108,13513,1,29,8,"SO43712",1,1,1,3578.27,3578.27,0,0,2171.2942,2171.2942,3578.27,286.2616,89.4568,\N,\N,"2011-01-01 00:00:00.000000","2011-01-13 00:00:00.000000","2011-01-08 00:00:00.000000"
310,20110102,20110114,20110109,27601,1,100,4,"SO43713",1,1,1,3578.27,3578.27,0,0,2171.2942,2171.2942,3578.27,286.2616,89.4568,\N,\N,"2011-01-02 00:00:00.000000","2011-01-14 00:00:00.000000","2011-01-09 00:00:00.000000"
311,20110102,20110114,20110109,13591,1,98,10,"SO43714",1,1,1,3578.27,3578.27,0,0,2171.2942,2171.2942,3578.27,286.2616,89.4568,\N,\N,"2011-01-02 00:00:00.000000","2011-01-14 00:00:00.000000","2011-01-09 00:00:00.000000"
314,20110102,20110114,20110109,16483,1,6,9,"SO43715",1,1,1,3578.27,3578.27,0,0,2171.2942,2171.2942,3578.27,286.2616,89.4568,\N,\N,"2011-01-02 00:00:00.000000","2011-01-14 00:00:00.000000","2011-01-09 00:00:00.000000"
311,20110102,20110114,20110109,16529,1,6,9,"SO43716",1,1,1,3578.27,3578.27,0,0,2171.2942,2171.2942,3578.27,286.2616,89.4568,\N,\N,"2011-01-02 00:00:00.000000","2011-01-14 00:00:00.000000","2011-01-09 00:00:00.000000"
336,20110102,20110114,20110109,25249,1,6,9,"SO43717",1,1,1,699.0982,699.0982,0,0,413.1463,413.1463,699.0982,55.9279,17.4775,\N,\N,"2011-01-02 00:00:00.000000","2011-01-14 00:00:00.000000","2011-01-09 00:00:00.000000"
311,20110103,20110115,20110110,27668,1,100,1,"SO43718",1,1,1,3578.27,3578.27,0,0,2171.2942,2171.2942,3578.27,286.2616,89.4568,\N,\N,"2011-01-03 00:00:00.000000","2011-01-15 00:00:00.000000","2011-01-10 00:00:00.000000"
312,20110103,20110115,20110110,27612,1,100,4,"SO43719",1,1,1,3578.27,3578.27,0,0,2171.2942,2171.2942,3578.27,286.2616,89.4568,\N,\N,"2011-01-03 00:00:00.000000","2011-01-15 00:00:00.000000","2011-01-10 00:00:00.000000"
311,20110103,20110115,20110110,13264,1,29,8,"SO43720",1,1,1,3578.27,3578.27,0,0,2171.2942,2171.2942,3578.27,286.2616,89.4568,\N,\N,"2011-01-03 00:00:00.000000","2011-01-15 00:00:00.000000","2011-01-10 00:00:00.000000"
310,20110103,20110115,20110110,13590,1,98,10,"SO43721",1,1,1,3578.27,3578.27,0,0,2171.2942,2171.2942,3578.27,286.2616,89.4568,\N,\N,"2011-01-03 00:00:00.000000","2011-01-15 00:00:00.000000","2011-01-10 00:00:00.000000"
312,20110104,20110116,20110111,13581,1,98,10,"SO43722",1,1,1,3578.27,3578.27,0,0,2171.2942,2171.2942,3578.27,286.2616,89.4568,\N,\N,"2011-01-04 00:00:00.000000","2011-01-16 00:00:00.000000","2011-01-11 00:00:00.000000"
332,20110104,20110116,20110111,14520,1,100,1,"SO43723",1,1,1,699.0982,699.0982,0,0,413.1463,413.1463,699.0982,55.9279,17.4775,\N,\N,"2011-01-04 00:00:00.000000","2011-01-16 00:00:00.000000","2011-01-11 00:00:00.000000"
311,20110104,20110116,20110111,16520,1,6,9,"SO43724",1,1,1,3578.27,3578.27,0,0,2171.2942,2171.2942,3578.27,286.2616,89.4568,\N,\N,"2011-01-04 00:00:00.000000","2011-01-16 00:00:00.000000","2011-01-11 00:00:00.000000"
311,20110105,20110117,20110112,13258,1,29,8,"SO43725",1,1,1,3578.27,3578.27,0,0,2171.2942,2171.2942,3578.27,286.2616,89.4568,\N,\N,"2011-01-05 00:00:00.000000","2011-01-17 00:00:00.000000","2011-01-12 00:00:00.000000"
332,20110105,20110117,20110112,14560,1,100,4,"SO43726",1,1,1,699.0982,699.0982,0,0,413.1463,413.1463,699.0982,55.9279,17.4775,\N,\N,"2011-01-05 00:00:00.000000","2011-01-17 00:00:00.000000","2011-01-12 00:00:00.000000"
311,20110105,20110117,20110112,16607,1,6,9,"SO43727",1,1,1,3578.27,3578.27,0,0,2171.2942,2171.2942,3578.27,286.2616,89.4568,\N,\N,"2011-01-05 00:00:00.000000","2011-01-17 00:00:00.000000","2011-01-12 00:00:00.000000"
313,20110106,20110118,20110113,27666,1,100,4,"SO43728",1,1,1,3578.27,3578.27,0,0,2171.2942,2171.2942,3578.27,286.2616,89.4568,\N,\N,"2011-01-06 00:00:00.000000","2011-01-18 00:00:00.000000","2011-01-13 00:00:00.000000"
346,20110106,20110118,20110113,11238,1,98,10,"SO43729",1,1,1,3399.99,3399.99,0,0,1912.1544,1912.1544,3399.99,271.9992,84.9998,\N,\N,"2011-01-06 00:00:00.000000","2011-01-18 00:00:00.000000","2011-01-13 00:00:00.000000"
346,20110106,20110118,20110113,25861,1,100,4,"SO43730",1,1,1,3399.99,3399.99,0,0,1912.1544,1912.1544,3399.99,271.9992,84.9998,\N,\N,"2011-01-06 00:00:00.000000","2011-01-18 00:00:00.000000","2011-01-13 00:00:00.000000"
314,20110106,20110118,20110113,16629,1,6,9,"SO43731",1,1,1,3578.27,3578.27,0,0,2171.2942,2171.2942,3578.27,286.2616,89.4568,\N,\N,"2011-01-06 00:00:00.000000","2011-01-18 00:00:00.000000","2011-01-13 00:00:00.000000"
350,20110106,20110118,20110113,11025,1,6,9,"SO43732",1,1,1,3374.99,3374.99,0,0,1898.0944,1898.0944,3374.99,269.9992,84.3748,\N,\N,"2011-01-06 00:00:00.000000","2011-01-18 00:00:00.000000","2011-01-13 00:00:00.000000"
312,20110106,20110118,20110113,27577,1,100,1,"SO43733",1,1,1,3578.27,3578.27,0,0,2171.2942,2171.2942,3578.27,286.2616,89.4568,\N,\N,"2011-01-06 00:00:00.000000","2011-01-18 00:00:00.000000","2011-01-13 00:00:00.000000"
312,20110107,20110119,20110114,27604,1,100,1,"SO43734",1,1,1,3578.27,3578.27,0,0,2171.2942,2171.2942,3578.27,286.2616,89.4568,\N,\N,"2011-01-07 00:00:00.000000","2011-01-19 00:00:00.000000","2011-01-14 00:00:00.000000"
310,20110107,20110119,20110114,16522,1,6,9,"SO43735",1,1,1,3578.27,3578.27,0,0,2171.2942,2171.2942,3578.27,286.2616,89.4568,\N,\N,"2011-01-07 00:00:00.000000","2011-01-19 00:00:00.000000","2011-01-14 00:00:00.000000"
346,20110107,20110119,20110114,11002,1,6,9,"SO43736",1,1,1,3399.99,3399.99,0,0,1912.1544,1912.1544,3399.99,271.9992,84.9998,\N,\N,"2011-01-07 00:00:00.000000","2011-01-19 00:00:00.000000","2011-01-14 00:00:00.000000"
311,20110108,20110120,20110115,13261,1,29,8,"SO43737",1,1,1,3578.27,3578.27,0,0,2171.2942,2171.2942,3578.27,286.2616,89.4568,\N,\N,"2011-01-08 00:00:00.000000","2011-01-20 00:00:00.000000","2011-01-15 00:00:00.000000"
312,20110108,20110120,20110115,11606,1,39,7,"SO43738",1,1,1,3578.27,3578.27,0,0,2171.2942,2171.2942,3578.27,286.2616,89.4568,\N,\N,"2011-01-08 00:00:00.000000","2011-01-20 00:00:00.000000","2011-01-15 00:00:00.000000"
310,20110108,20110120,20110115,13563,1,98,10,"SO43739",1,1,1,3578.27,3578.27,0,0,2171.2942,2171.2942,3578.27,286.2616,89.4568,\N,\N,"2011-01-08 00:00:00.000000","2011-01-20 00:00:00.000000","2011-01-15 00:00:00.000000"
312,20110108,20110120,20110115,16527,1,6,9,"SO43740",1,1,1,3578.27,3578.27,0,0,2171.2942,2171.2942,3578.27,286.2616,89.4568,\N,\N,"2011-01-08 00:00:00.000000","2011-01-20 00:00:00.000000","2011-01-15 00:00:00.000000"
310,20110109,20110121,20110116,27671,1,100,1,"SO43741",1,1,1,3578.27,3578.27,0,0,2171.2942,2171.2942,3578.27,286.2616,89.4568,\N,\N,"2011-01-09 00:00:00.000000","2011-01-21 00:00:00.000000","2011-01-16 00:00:00.000000"
314,20110109,20110121,20110116,13576,1,98,10,"SO43742",1,1,1,3578.27,3578.27,0,0,2171.2942,2171.2942,3578.27,286.2616,89.4568,\N,\N,"2011-01-09 00:00:00.000000","2011-01-21 00:00:00.000000","2011-01-16 00:00:00.000000"
347,20110109,20110121,20110116,11007,1,6,9,"SO43743",1,1,1,3399.99,3399.99,0,0,1912.1544,1912.1544,3399.99,271.9992,84.9998,\N,\N,"2011-01-09 00:00:00.000000","2011-01-21 00:00:00.000000","2011-01-16 00:00:00.000000"
313,20110109,20110121,20110116,16631,1,6,9,"SO43744",1,1,1,3578.27,3578.27,0,0,2171.2942,2171.2942,3578.27,286.2616,89.4568,\N,\N,"2011-01-09 00:00:00.000000","2011-01-21 00:00:00.000000","2011-01-16 00:00:00.000000"
311,20110110,20110122,20110117,16514,1,6,9,"SO43745",1,1,1,3578.27,3578.27,0,0,2171.2942,2171.2942,3578.27,286.2616,89.4568,\N,\N,"2011-01-10 00:00:00.000000","2011-01-22 00:00:00.000000","2011-01-17 00:00:00.000000"
312,20110110,20110122,20110117,16616,1,6,9,"SO43746",1,1,1,3578.27,3578.27,0,0,2171.2942,2171.2942,3578.27,286.2616,89.4568,\N,\N,"2011-01-10 00:00:00.000000","2011-01-22 00:00:00.000000","2011-01-17 00:00:00.000000"
314,20110111,20110123,20110118,27623,1,100,4,"SO43747",1,1,1,3578.27,3578.27,0,0,2171.2942,2171.2942,3578.27,286.2616,89.4568,\N,\N,"2011-01-11 00:00:00.000000","2011-01-23 00:00:00.000000","2011-01-18 00:00:00.000000"
313,20110111,20110123,20110118,27625,1,100,1,"SO43748",1,1,1,3578.27,3578.27,0,0,2171.2942,2171.2942,3578.27,286.2616,89.4568,\N,\N,"2011-01-11 00:00:00.000000","2011-01-23 00:00:00.000000","2011-01-18 00:00:00.000000"
314,20110111,20110123,20110118,27636,1,100,1,"SO43749",1,1,1,3578.27,3578.27,0,0,2171.2942,2171.2942,3578.27,286.2616,89.4568,\N,\N,"2011-01-11 00:00:00.000000","2011-01-23 00:00:00.000000","2011-01-18 00:00:00.000000"
311,20110111,20110123,20110118,11591,1,39,7,"SO43750",1,1,1,3578.27,3578.27,0,0,2171.2942,2171.2942,3578.27,286.2616,89.4568,\N,\N,"2011-01-11 00:00:00.000000","2011-01-23 00:00:00.000000","2011-01-18 00:00:00.000000"
313,20110111,20110123,20110118,11592,1,39,7,"SO43751",1,1,1,3578.27,3578.27,0,0,2171.2942,2171.2942,3578.27,286.2616,89.4568,\N,\N,"2011-01-11 00:00:00.000000","2011-01-23 00:00:00.000000","2011-01-18 00:00:00.000000"
311,20110111,20110123,20110118,13265,1,29,8,"SO43752",1,1,1,3578.27,3578.27,0,0,2171.2942,2171.2942,3578.27,286.2616,89.4568,\N,\N,"2011-01-11 00:00:00.000000","2011-01-23 00:00:00.000000","2011-01-18 00:00:00.000000"
310,20110111,20110123,20110118,16482,1,6,9,"SO43753",1,1,1,3578.27,3578.27,0,0,2171.2942,2171.2942,3578.27,286.2616,89.4568,\N,\N,"2011-01-11 00:00:00.000000","2011-01-23 00:00:00.000000","2011-01-18 00:00:00.000000"
312,20110112,20110124,20110119,27617,1,100,1,"SO43754",1,1,1,3578.27,3578.27,0,0,2171.2942,2171.2942,3578.27,286.2616,89.4568,\N,\N,"2011-01-12 00:00:00.000000","2011-01-24 00:00:00.000000","2011-01-19 00:00:00.000000"
311,20110112,20110124,20110119,27670,1,100,4,"SO43755",1,1,1,3578.27,3578.27,0,0,2171.2942,2171.2942,3578.27,286.2616,89.4568,\N,\N,"2011-01-12 00:00:00.000000","2011-01-24 00:00:00.000000","2011-01-19 00:00:00.000000"
332,20110112,20110124,20110119,19941,1,98,10,"SO43756",1,1,1,699.0982,699.0982,0,0,413.1463,413.1463,699.0982,55.9279,17.4775,\N,\N,"2011-01-12 00:00:00.000000","2011-01-24 00:00:00.000000","2011-01-19 00:00:00.000000"
350,20110112,20110124,20110119,11017,1,6,9,"SO43757",1,1,1,3374.99,3374.99,0,0,1898.0944,1898.0944,3374.99,269.9992,84.3748,\N,\N,"2011-01-12 00:00:00.000000","2011-01-24 00:00:00.000000","2011-01-19 00:00:00.000000"
310,20110113,20110125,20110120,27646,1,100,4,"SO43758",1,1,1,3578.27,3578.27,0,0,2171.2942,2171.2942,3578.27,286.2616,89.4568,\N,\N,"2011-01-13 00:00:00.000000","2011-01-25 00:00:00.000000","2011-01-20 00:00:00.000000"
310,20110113,20110125,20110120,13257,1,29,8,"SO43759",1,1,1,3578.27,3578.27,0,0,2171.2942,2171.2942,3578.27,286.2616,89.4568,\N,\N,"2011-01-13 00:00:00.000000","2011-01-25 00:00:00.000000","2011-01-20 00:00:00.000000"
314,20110113,20110125,20110120,16352,1,6,9,"SO43760",1,1,1,3578.27,3578.27,0,0,2171.2942,2171.2942,3578.27,286.2616,89.4568,\N,\N,"2011-01-13 00:00:00.000000","2011-01-25 00:00:00.000000","2011-01-20 00:00:00.000000"
310,20110113,20110125,20110120,16493,1,6,9,"SO43761",1,1,1,3578.27,3578.27,0,0,2171.2942,2171.2942,3578.27,286.2616,89.4568,\N,\N,"2011-01-13 00:00:00.000000","2011-01-25 00:00:00.000000","2011-01-20 00:00:00.000000"
314,20110114,20110126,20110121,27578,1,100,4,"SO43762",1,1,1,3578.27,3578.27,0,0,2171.2942,2171.2942,3578.27,286.2616,89.4568,\N,\N,"2011-01-14 00:00:00.000000","2011-01-26 00:00:00.000000","2011-01-21 00:00:00.000000"
313,20110114,20110126,20110121,16525,1,6,9,"SO43763",1,1,1,3578.27,3578.27,0,0,2171.2942,2171.2942,3578.27,286.2616,89.4568,\N,\N,"2011-01-14 00:00:00.000000","2011-01-26 00:00:00.000000","2011-01-21 00:00:00.000000"
310,20110114,20110126,20110121,16612,1,6,9,"SO43764",1,1,1,3578.27,3578.27,0,0,2171.2942,2171.2942,3578.27,286.2616,89.4568,\N,\N,"2011-01-14 00:00:00.000000","2011-01-26 00:00:00.000000","2011-01-21 00:00:00.000000"
346,20110114,20110126,20110121,11010,1,6,9,"SO43765",1,1,1,3399.99,3399.99,0,0,1912.1544,1912.1544,3399.99,271.9992,84.9998,\N,\N,"2011-01-14 00:00:00.000000","2011-01-26 00:00:00.000000","2011-01-21 00:00:00.000000"
313,20110115,20110127,20110122,16518,1,6,9,"SO43766",1,1,1,3578.27,3578.27,0,0,2171.2942,2171.2942,3578.27,286.2616,89.4568,\N,\N,"2011-01-15 00:00:00.000000","2011-01-27 00:00:00.000000","2011-01-22 00:00:00.000000"
350,20110115,20110127,20110122,11001,1,6,9,"SO43767",1,1,1,3374.99,3374.99,0,0,1898.0944,1898.0944,3374.99,269.9992,84.3748,\N,\N,"2011-01-15 00:00:00.000000","2011-01-27 00:00:00.000000","2011-01-22 00:00:00.000000"
312,20110116,20110128,20110123,27649,1,100,1,"SO43768",1,1,1,3578.27,3578.27,0,0,2171.2942,2171.2942,3578.27,286.2616,89.4568,\N,\N,"2011-01-16 00:00:00.000000","2011-01-28 00:00:00.000000","2011-01-23 00:00:00.000000"
312,20110116,20110128,20110123,21659,1,19,6,"SO43769",1,1,1,3578.27,3578.27,0,0,2171.2942,2171.2942,3578.27,286.2616,89.4568,\N,\N,"2011-01-16 00:00:00.000000","2011-01-28 00:00:00.000000","2011-01-23 00:00:00.000000"
312,20110116,20110128,20110123,27614,1,100,1,"SO43770",1,1,1,3578.27,3578.27,0,0,2171.2942,2171.2942,3578.27,286.2616,89.4568,\N,\N,"2011-01-16 00:00:00.000000","2011-01-28 00:00:00.000000","2011-01-23 00:00:00.000000"
330,20110116,20110128,20110123,14559,1,100,4,"SO43771",1,1,1,699.0982,699.0982,0,0,413.1463,413.1463,699.0982,55.9279,17.4775,\N,\N,"2011-01-16 00:00:00.000000","2011-01-28 00:00:00.000000","2011-01-23 00:00:00.000000"
312,20110116,20110128,20110123,16524,1,6,9,"SO43772",1,1,1,3578.27,3578.27,0,0,2171.2942,2171.2942,3578.27,286.2616,89.4568,\N,\N,"2011-01-16 00:00:00.000000","2011-01-28 00:00:00.000000","2011-01-23 00:00:00.000000"
314,20110116,20110128,20110123,16526,1,6,9,"SO43773",1,1,1,3578.27,3578.27,0,0,2171.2942,2171.2942,3578.27,286.2616,89.4568,\N,\N,"2011-01-16 00:00:00.000000","2011-01-28 00:00:00.000000","2011-01-23 00:00:00.000000"
313,20110116,20110128,20110123,16348,1,6,9,"SO43774",1,1,1,3578.27,3578.27,0,0,2171.2942,2171.2942,3578.27,286.2616,89.4568,\N,\N,"2011-01-16 00:00:00.000000","2011-01-28 00:00:00.000000","2011-01-23 00:00:00.000000"
347,20110116,20110128,20110123,11027,1,6,9,"SO43775",1,1,1,3399.99,3399.99,0,0,1912.1544,1912.1544,3399.99,271.9992,84.9998,\N,\N,"2011-01-16 00:00:00.000000","2011-01-28 00:00:00.000000","2011-01-23 00:00:00.000000"
314,20110117,20110129,20110124,13260,1,29,8,"SO43776",1,1,1,3578.27,3578.27,0,0,2171.2942,2171.2942,3578.27,286.2616,89.4568,\N,\N,"2011-01-17 00:00:00.000000","2011-01-29 00:00:00.000000","2011-01-24 00:00:00.000000"
311,20110117,20110129,20110124,16515,1,6,9,"SO43777",1,1,1,3578.27,3578.27,0,0,2171.2942,2171.2942,3578.27,286.2616,89.4568,\N,\N,"2011-01-17 00:00:00.000000","2011-01-29 00:00:00.000000","2011-01-24 00:00:00.000000"
345,20110117,20110129,20110124,11018,1,6,9,"SO43778",1,1,1,3399.99,3399.99,0,0,1912.1544,1912.1544,3399.99,271.9992,84.9998,\N,\N,"2011-01-17 00:00:00.000000","2011-01-29 00:00:00.000000","2011-01-24 00:00:00.000000"
326,20110117,20110129,20110124,25252,1,6,9,"SO43779",1,1,1,699.0982,699.0982,0,0,413.1463,413.1463,699.0982,55.9279,17.4775,\N,\N,"2011-01-17 00:00:00.000000","2011-01-29 00:00:00.000000","2011-01-24 00:00:00.000000"
311,20110118,20110130,20110125,11599,1,39,7,"SO43780",1,1,1,3578.27,3578.27,0,0,2171.2942,2171.2942,3578.27,286.2616,89.4568,\N,\N,"2011-01-18 00:00:00.000000","2011-01-30 00:00:00.000000","2011-01-25 00:00:00.000000"
312,20110118,20110130,20110125,16495,1,6,9,"SO43781",1,1,1,3578.27,3578.27,0,0,2171.2942,2171.2942,3578.27,286.2616,89.4568,\N,\N,"2011-01-18 00:00:00.000000","2011-01-30 00:00:00.000000","2011-01-25 00:00:00.000000"
312,20110118,20110130,20110125,16516,1,6,9,"SO43782",1,1,1,3578.27,3578.27,0,0,2171.2942,2171.2942,3578.27,286.2616,89.4568,\N,\N,"2011-01-18 00:00:00.000000","2011-01-30 00:00:00.000000","2011-01-25 00:00:00.000000"
312,20110118,20110130,20110125,16620,1,6,9,"SO43783",1,1,1,3578.27,3578.27,0,0,2171.2942,2171.2942,3578.27,286.2616,89.4568,\N,\N,"2011-01-18 00:00:00.000000","2011-01-30 00:00:00.000000","2011-01-25 00:00:00.000000"
310,20110119,20110131,20110126,27667,1,100,4,"SO43784",1,1,1,3578.27,3578.27,0,0,2171.2942,2171.2942,3578.27,286.2616,89.4568,\N,\N,"2011-01-19 00:00:00.000000","2011-01-31 00:00:00.000000","2011-01-26 00:00:00.000000"
311,20110119,20110131,20110126,11601,1,39,7,"SO43785",1,1,1,3578.27,3578.27,0,0,2171.2942,2171.2942,3578.27,286.2616,89.4568,\N,\N,"2011-01-19 00:00:00.000000","2011-01-31 00:00:00.000000","2011-01-26 00:00:00.000000"
311,20110119,20110131,20110126,11607,1,39,7,"SO43786",1,1,1,3578.27,3578.27,0,0,2171.2942,2171.2942,3578.27,286.2616,89.4568,\N,\N,"2011-01-19 00:00:00.000000","2011-01-31 00:00:00.000000","2011-01-26 00:00:00.000000"
344,20110119,20110131,20110126,29385,1,29,8,"SO43787",1,1,1,3399.99,3399.99,0,0,1912.1544,1912.1544,3399.99,271.9992,84.9998,\N,\N,"2011-01-19 00:00:00.000000","2011-01-31 00:00:00.000000","2011-01-26 00:00:00.000000"
351,20110119,20110131,20110126,11239,1,98,10,"SO43788",1,1,1,3374.99,3374.99,0,0,1898.0944,1898.0944,3374.99,269.9992,84.3748,\N,\N,"2011-01-19 00:00:00.000000","2011-01-31 00:00:00.000000","2011-01-26 00:00:00.000000"
351,20110119,20110131,20110126,25865,1,100,1,"SO43789",1,1,1,3374.99,3374.99,0,0,1898.0944,1898.0944,3374.99,269.9992,84.3748,\N,\N,"2011-01-19 00:00:00.000000","2011-01-31 00:00:00.000000","2011-01-26 00:00:00.000000"
344,20110119,20110131,20110126,25857,1,100,1,"SO43790",1,1,1,3399.99,3399.99,0,0,1912.1544,1912.1544,3399.99,271.9992,84.9998,\N,\N,"2011-01-19 00:00:00.000000","2011-01-31 00:00:00.000000","2011-01-26 00:00:00.000000"
314,20110119,20110131,20110126,16484,1,6,9,"SO43791",1,1,1,3578.27,3578.27,0,0,2171.2942,2171.2942,3578.27,286.2616,89.4568,\N,\N,"2011-01-19 00:00:00.000000","2011-01-31 00:00:00.000000","2011-01-26 00:00:00.000000"
312,20110119,20110131,20110126,16623,1,6,9,"SO43792",1,1,1,3578.27,3578.27,0,0,2171.2942,2171.2942,3578.27,286.2616,89.4568,\N,\N,"2011-01-19 00:00:00.000000","2011-01-31 00:00:00.000000","2011-01-26 00:00:00.000000"
344,20110119,20110131,20110126,11000,1,6,9,"SO43793",1,1,1,3399.99,3399.99,0,0,1912.1544,1912.1544,3399.99,271.9992,84.9998,\N,\N,"2011-01-19 00:00:00.000000","2011-01-31 00:00:00.000000","2011-01-26 00:00:00.000000"
347,20110119,20110131,20110126,11029,1,6,9,"SO43794",1,1,1,3399.99,3399.99,0,0,1912.1544,1912.1544,3399.99,271.9992,84.9998,\N,\N,"2011-01-19 00:00:00.000000","2011-01-31 00:00:00.000000","2011-01-26 00:00:00.000000"
312,20110120,20110201,20110127,27615,1,100,4,"SO43795",1,1,1,3578.27,3578.27,0,0,2171.2942,2171.2942,3578.27,286.2616,89.4568,\N,\N,"2011-01-20 00:00:00.000000","2011-02-01 00:00:00.000000","2011-01-27 00:00:00.000000"
342,20110120,20110201,20110127,17956,1,39,7,"SO43796",1,1,1,699.0982,699.0982,0,0,413.1463,413.1463,699.0982,55.9279,17.4775,\N,\N,"2011-01-20 00:00:00.000000","2011-02-01 00:00:00.000000","2011-01-27 00:00:00.000000"
312,20110120,20110201,20110127,16345,1,6,9,"SO43797",1,1,1,3578.27,3578.27,0,0,2171.2942,2171.2942,3578.27,286.2616,89.4568,\N,\N,"2011-01-20 00:00:00.000000","2011-02-01 00:00:00.000000","2011-01-27 00:00:00.000000"
310,20110120,20110201,20110127,16521,1,6,9,"SO43798",1,1,1,3578.27,3578.27,0,0,2171.2942,2171.2942,3578.27,286.2616,89.4568,\N,\N,"2011-01-20 00:00:00.000000","2011-02-01 00:00:00.000000","2011-01-27 00:00:00.000000"
312,20110120,20110201,20110127,16636,1,6,9,"SO43799",1,1,1,3578.27,3578.27,0,0,2171.2942,2171.2942,3578.27,286.2616,89.4568,\N,\N,"2011-01-20 00:00:00.000000","2011-02-01 00:00:00.000000","2011-01-27 00:00:00.000000"
311,20110121,20110202,20110128,21710,1,19,6,"SO43800",1,1,1,3578.27,3578.27,0,0,2171.2942,2171.2942,3578.27,286.2616,89.4568,\N,\N,"2011-01-21 00:00:00.000000","2011-02-02 00:00:00.000000","2011-01-28 00:00:00.000000"
311,20110121,20110202,20110128,13583,1,98,10,"SO43801",1,1,1,3578.27,3578.27,0,0,2171.2942,2171.2942,3578.27,286.2616,89.4568,\N,\N,"2011-01-21 00:00:00.000000","2011-02-02 00:00:00.000000","2011-01-28 00:00:00.000000"
312,20110121,20110202,20110128,11593,1,39,7,"SO43802",1,1,1,3578.27,3578.27,0,0,2171.2942,2171.2942,3578.27,286.2616,89.4568,\N,\N,"2011-01-21 00:00:00.000000","2011-02-02 00:00:00.000000","2011-01-28 00:00:00.000000"
314,20110122,20110203,20110129,21741,1,19,6,"SO43803",1,1,1,3578.27,3578.27,0,0,2171.2942,2171.2942,3578.27,286.2616,89.4568,\N,\N,"2011-01-22 00:00:00.000000","2011-02-03 00:00:00.000000","2011-01-29 00:00:00.000000"
310,20110122,20110203,20110129,13585,1,98,10,"SO43804",1,1,1,3578.27,3578.27,0,0,2171.2942,2171.2942,3578.27,286.2616,89.4568,\N,\N,"2011-01-22 00:00:00.000000","2011-02-03 00:00:00.000000","2011-01-29 00:00:00.000000"
328,20110122,20110203,20110129,14510,1,100,1,"SO43805",1,1,1,699.0982,699.0982,0,0,413.1463,413.1463,699.0982,55.9279,17.4775,\N,\N,"2011-01-22 00:00:00.000000","2011-02-03 00:00:00.000000","2011-01-29 00:00:00.000000"
312,20110122,20110203,20110129,16523,1,6,9,"SO43806",1,1,1,3578.27,3578.27,0,0,2171.2942,2171.2942,3578.27,286.2616,89.4568,\N,\N,"2011-01-22 00:00:00.000000","2011-02-03 00:00:00.000000","2011-01-29 00:00:00.000000"
312,20110123,20110204,20110130,11611,1,39,7,"SO43807",1,1,1,3578.27,3578.27,0,0,2171.2942,2171.2942,3578.27,286.2616,89.4568,\N,\N,"2011-01-23 00:00:00.000000","2011-02-04 00:00:00.000000","2011-01-30 00:00:00.000000"
313,20110123,20110204,20110130,13259,1,29,8,"SO43808",1,1,1,3578.27,3578.27,0,0,2171.2942,2171.2942,3578.27,286.2616,89.4568,\N,\N,"2011-01-23 00:00:00.000000","2011-02-04 00:00:00.000000","2011-01-30 00:00:00.000000"
310,20110123,20110204,20110130,16350,1,6,9,"SO43809",1,1,1,3578.27,3578.27,0,0,2171.2942,2171.2942,3578.27,286.2616,89.4568,\N,\N,"2011-01-23 00:00:00.000000","2011-02-04 00:00:00.000000","2011-01-30 00:00:00.000000"
345,20110123,20110204,20110130,11004,1,6,9,"SO43810",1,1,1,3399.99,3399.99,0,0,1912.1544,1912.1544,3399.99,271.9992,84.9998,\N,\N,"2011-01-23 00:00:00.000000","2011-02-04 00:00:00.000000","2011-01-30 00:00:00.000000"
346,20110123,20110204,20110130,11026,1,6,9,"SO43811",1,1,1,3399.99,3399.99,0,0,1912.1544,1912.1544,3399.99,271.9992,84.9998,\N,\N,"2011-01-23 00:00:00.000000","2011-02-04 00:00:00.000000","2011-01-30 00:00:00.000000"
312,20110124,20110205,20110131,27662,1,100,4,"SO43812",1,1,1,3578.27,3578.27,0,0,2171.2942,2171.2942,3578.27,286.2616,89.4568,\N,\N,"2011-01-24 00:00:00.000000","2011-02-05 00:00:00.000000","2011-01-31 00:00:00.000000"
350,20110124,20110205,20110131,28390,1,39,7,"SO43813",1,1,1,3374.99,3374.99,0,0,1898.0944,1898.0944,3374.99,269.9992,84.3748,\N,\N,"2011-01-24 00:00:00.000000","2011-02-05 00:00:00.000000","2011-01-31 00:00:00.000000"
350,20110124,20110205,20110131,25866,1,100,1,"SO43814",1,1,1,3374.99,3374.99,0,0,1898.0944,1898.0944,3374.99,269.9992,84.3748,\N,\N,"2011-01-24 00:00:00.000000","2011-02-05 00:00:00.000000","2011-01-31 00:00:00.000000"
311,20110124,20110205,20110131,16494,1,6,9,"SO43815",1,1,1,3578.27,3578.27,0,0,2171.2942,2171.2942,3578.27,286.2616,89.4568,\N,\N,"2011-01-24 00:00:00.000000","2011-02-05 00:00:00.000000","2011-01-31 00:00:00.000000"
314,20110124,20110205,20110131,16496,1,6,9,"SO43816",1,1,1,3578.27,3578.27,0,0,2171.2942,2171.2942,3578.27,286.2616,89.4568,\N,\N,"2011-01-24 00:00:00.000000","2011-02-05 00:00:00.000000","2011-01-31 00:00:00.000000"
310,20110124,20110205,20110131,16519,1,6,9,"SO43817",1,1,1,3578.27,3578.27,0,0,2171.2942,2171.2942,3578.27,286.2616,89.4568,\N,\N,"2011-01-24 00:00:00.000000","2011-02-05 00:00:00.000000","2011-01-31 00:00:00.000000"
312,20110124,20110205,20110131,16528,1,6,9,"SO43818",1,1,1,3578.27,3578.27,0,0,2171.2942,2171.2942,3578.27,286.2616,89.4568,\N,\N,"2011-01-24 00:00:00.000000","2011-02-05 00:00:00.000000","2011-01-31 00:00:00.000000"
346,20110124,20110205,20110131,11006,1,6,9,"SO43819",1,1,1,3399.99,3399.99,0,0,1912.1544,1912.1544,3399.99,271.9992,84.9998,\N,\N,"2011-01-24 00:00:00.000000","2011-02-05 00:00:00.000000","2011-01-31 00:00:00.000000"
312,20110125,20110206,20110201,27651,1,100,4,"SO43820",1,1,1,3578.27,3578.27,0,0,2171.2942,2171.2942,3578.27,286.2616,89.4568,\N,\N,"2011-01-25 00:00:00.000000","2011-02-06 00:00:00.000000","2011-02-01 00:00:00.000000"
310,20110125,20110206,20110201,27663,1,100,4,"SO43821",1,1,1,3578.27,3578.27,0,0,2171.2942,2171.2942,3578.27,286.2616,89.4568,\N,\N,"2011-01-25 00:00:00.000000","2011-02-06 00:00:00.000000","2011-02-01 00:00:00.000000"
313,20110125,20110206,20110201,27669,1,100,4,"SO43822",1,1,1,3578.27,3578.27,0,0,2171.2942,2171.2942,3578.27,286.2616,89.4568,\N,\N,"2011-01-25 00:00:00.000000","2011-02-06 00:00:00.000000","2011-02-01 00:00:00.000000"
342,20110125,20110206,20110201,19942,1,98,10,"SO43823",1,1,1,699.0982,699.0982,0,0,413.1463,413.1463,699.0982,55.9279,17.4775,\N,\N,"2011-01-25 00:00:00.000000","2011-02-06 00:00:00.000000","2011-02-01 00:00:00.000000"
338,20110125,20110206,20110201,14558,1,100,1,"SO43824",1,1,1,699.0982,699.0982,0,0,413.1463,413.1463,699.0982,55.9279,17.4775,\N,\N,"2011-01-25 00:00:00.000000","2011-02-06 00:00:00.000000","2011-02-01 00:00:00.000000"
313,20110125,20110206,20110201,16349,1,6,9,"SO43825",1,1,1,3578.27,3578.27,0,0,2171.2942,2171.2942,3578.27,286.2616,89.4568,\N,\N,"2011-01-25 00:00:00.000000","2011-02-06 00:00:00.000000","2011-02-01 00:00:00.000000"
348,20110125,20110206,20110201,11008,1,6,9,"SO43826",1,1,1,3374.99,3374.99,0,0,1898.0944,1898.0944,3374.99,269.9992,84.3748,\N,\N,"2011-01-25 00:00:00.000000","2011-02-06 00:00:00.000000","2011-02-01 00:00:00.000000"
338,20110125,20110206,20110201,25250,1,6,9,"SO43827",1,1,1,699.0982,699.0982,0,0,413.1463,413.1463,699.0982,55.9279,17.4775,\N,\N,"2011-01-25 00:00:00.000000","2011-02-06 00:00:00.000000","2011-02-01 00:00:00.000000"
310,20110126,20110207,20110202,27605,1,100,1,"SO43828",1,1,1,3578.27,3578.27,0,0,2171.2942,2171.2942,3578.27,286.2616,89.4568,\N,\N,"2011-01-26 00:00:00.000000","2011-02-07 00:00:00.000000","2011-02-02 00:00:00.000000"
310,20110126,20110207,20110202,27611,1,100,4,"SO43829",1,1,1,3578.27,3578.27,0,0,2171.2942,2171.2942,3578.27,286.2616,89.4568,\N,\N,"2011-01-26 00:00:00.000000","2011-02-07 00:00:00.000000","2011-02-02 00:00:00.000000"
311,20110126,20110207,20110202,16347,1,6,9,"SO43830",1,1,1,3578.27,3578.27,0,0,2171.2942,2171.2942,3578.27,286.2616,89.4568,\N,\N,"2011-01-26 00:00:00.000000","2011-02-07 00:00:00.000000","2011-02-02 00:00:00.000000"
349,20110126,20110207,20110202,11028,1,6,9,"SO43831",1,1,1,3374.99,3374.99,0,0,1898.0944,1898.0944,3374.99,269.9992,84.3748,\N,\N,"2011-01-26 00:00:00.000000","2011-02-07 00:00:00.000000","2011-02-02 00:00:00.000000"
310,20110126,20110207,20110202,13584,1,98,10,"SO43832",1,1,1,3578.27,3578.27,0,0,2171.2942,2171.2942,3578.27,286.2616,89.4568,\N,\N,"2011-01-26 00:00:00.000000","2011-02-07 00:00:00.000000","2011-02-02 00:00:00.000000"
310,20110127,20110208,20110203,21727,1,19,6,"SO43833",1,1,1,3578.27,3578.27,0,0,2171.2942,2171.2942,3578.27,286.2616,89.4568,\N,\N,"2011-01-27 00:00:00.000000","2011-02-08 00:00:00.000000","2011-02-03 00:00:00.000000"
348,20110127,20110208,20110203,28393,1,39,7,"SO43834",1,1,1,3374.99,3374.99,0,0,1898.0944,1898.0944,3374.99,269.9992,84.3748,\N,\N,"2011-01-27 00:00:00.000000","2011-02-08 00:00:00.000000","2011-02-03 00:00:00.000000"
348,20110127,20110208,20110203,19802,1,19,6,"SO43835",1,1,1,3374.99,3374.99,0,0,1898.0944,1898.0944,3374.99,269.9992,84.3748,\N,\N,"2011-01-27 00:00:00.000000","2011-02-08 00:00:00.000000","2011-02-03 00:00:00.000000"
324,20110127,20110208,20110203,26620,1,19,6,"SO43836",1,1,1,699.0982,699.0982,0,0,413.1463,413.1463,699.0982,55.9279,17.4775,\N,\N,"2011-01-27 00:00:00.000000","2011-02-08 00:00:00.000000","2011-02-03 00:00:00.000000"
350,20110127,20110208,20110203,11009,1,6,9,"SO43837",1,1,1,3374.99,3374.99,0,0,1898.0944,1898.0944,3374.99,269.9992,84.3748,\N,\N,"2011-01-27 00:00:00.000000","2011-02-08 00:00:00.000000","2011-02-03 00:00:00.000000"
313,20110128,20110209,20110204,27641,1,100,4,"SO43838",1,1,1,3578.27,3578.27,0,0,2171.2942,2171.2942,3578.27,286.2616,89.4568,\N,\N,"2011-01-28 00:00:00.000000","2011-02-09 00:00:00.000000","2011-02-04 00:00:00.000000"
311,20110128,20110209,20110204,27673,1,100,1,"SO43839",1,1,1,3578.27,3578.27,0,0,2171.2942,2171.2942,3578.27,286.2616,89.4568,\N,\N,"2011-01-28 00:00:00.000000","2011-02-09 00:00:00.000000","2011-02-04 00:00:00.000000"
326,20110128,20110209,20110204,17957,1,39,7,"SO43840",1,1,1,699.0982,699.0982,0,0,413.1463,413.1463,699.0982,55.9279,17.4775,\N,\N,"2011-01-28 00:00:00.000000","2011-02-09 00:00:00.000000","2011-02-04 00:00:00.000000"
314,20110128,20110209,20110204,13406,1,29,8,"SO43841",1,1,1,3578.27,3578.27,0,0,2171.2942,2171.2942,3578.27,286.2616,89.4568,\N,\N,"2011-01-28 00:00:00.000000","2011-02-09 00:00:00.000000","2011-02-04 00:00:00.000000"
312,20110128,20110209,20110204,16630,1,6,9,"SO43842",1,1,1,3578.27,3578.27,0,0,2171.2942,2171.2942,3578.27,286.2616,89.4568,\N,\N,"2011-01-28 00:00:00.000000","2011-02-09 00:00:00.000000","2011-02-04 00:00:00.000000"
313,20110129,20110210,20110205,22041,1,19,6,"SO43918",1,1,1,3578.27,3578.27,0,0,2171.2942,2171.2942,3578.27,286.2616,89.4568,\N,\N,"2011-01-29 00:00:00.000000","2011-02-10 00:00:00.000000","2011-02-05 00:00:00.000000"
314,20110129,20110210,20110205,12124,1,39,7,"SO43919",1,1,1,3578.27,3578.27,0,0,2171.2942,2171.2942,3578.27,286.2616,89.4568,\N,\N,"2011-01-29 00:00:00.000000","2011-02-10 00:00:00.000000","2011-02-05 00:00:00.000000"
313,20110129,20110210,20110205,28066,1,100,4,"SO43920",1,1,1,3578.27,3578.27,0,0,2171.2942,2171.2942,3578.27,286.2616,89.4568,\N,\N,"2011-01-29 00:00:00.000000","2011-02-10 00:00:00.000000","2011-02-05 00:00:00.000000"
313,20110129,20110210,20110205,16743,1,6,9,"SO43921",1,1,1,3578.27,3578.27,0,0,2171.2942,2171.2942,3578.27,286.2616,89.4568,\N,\N,"2011-01-29 00:00:00.000000","2011-02-10 00:00:00.000000","2011-02-05 00:00:00.000000"
310,20110129,20110210,20110205,13546,1,29,8,"SO43922",1,1,1,3578.27,3578.27,0,0,2171.2942,2171.2942,3578.27,286.2616,89.4568,\N,\N,"2011-01-29 00:00:00.000000","2011-02-10 00:00:00.000000","2011-02-05 00:00:00.000000"
312,20110130,20110211,20110206,28018,1,100,4,"SO43923",1,1,1,3578.27,3578.27,0,0,2171.2942,2171.2942,3578.27,286.2616,89.4568,\N,\N,"2011-01-30 00:00:00.000000","2011-02-11 00:00:00.000000","2011-02-06 00:00:00.000000"
310,20110130,20110211,20110206,12132,1,39,7,"SO43924",1,1,1,3578.27,3578.27,0,0,2171.2942,2171.2942,3578.27,286.2616,89.4568,\N,\N,"2011-01-30 00:00:00.000000","2011-02-11 00:00:00.000000","2011-02-06 00:00:00.000000"
314,20110130,20110211,20110206,16661,1,6,9,"SO43925",1,1,1,3578.27,3578.27,0,0,2171.2942,2171.2942,3578.27,286.2616,89.4568,\N,\N,"2011-01-30 00:00:00.000000","2011-02-11 00:00:00.000000","2011-02-06 00:00:00.000000"
351,20110131,20110212,20110207,11055,1,6,9,"SO43926",1,1,1,3374.99,3374.99,0,0,1898.0944,1898.0944,3374.99,269.9992,84.3748,\N,\N,"2011-01-31 00:00:00.000000","2011-02-12 00:00:00.000000","2011-02-07 00:00:00.000000"
314,20110131,20110212,20110207,16662,1,6,9,"SO43927",1,1,1,3578.27,3578.27,0,0,2171.2942,2171.2942,3578.27,286.2616,89.4568,\N,\N,"2011-01-31 00:00:00.000000","2011-02-12 00:00:00.000000","2011-02-07 00:00:00.000000"
313,20110131,20110212,20110207,16740,1,6,9,"SO43928",1,1,1,3578.27,3578.27,0,0,2171.2942,2171.2942,3578.27,286.2616,89.4568,\N,\N,"2011-01-31 00:00:00.000000","2011-02-12 00:00:00.000000","2011-02-07 00:00:00.000000"
322,20110131,20110212,20110207,25270,1,6,9,"SO43929",1,1,1,699.0982,699.0982,0,0,413.1463,413.1463,699.0982,55.9279,17.4775,\N,\N,"2011-01-31 00:00:00.000000","2011-02-12 00:00:00.000000","2011-02-07 00:00:00.000000"
312,20110201,20110213,20110208,28038,1,100,4,"SO43930",1,1,1,3578.27,3578.27,0,0,2171.2942,2171.2942,3578.27,286.2616,89.4568,\N,\N,"2011-02-01 00:00:00.000000","2011-02-13 00:00:00.000000","2011-02-08 00:00:00.000000"
313,20110201,20110213,20110208,13548,1,29,8,"SO43931",1,1,1,3578.27,3578.27,0,0,2171.2942,2171.2942,3578.27,286.2616,89.4568,\N,\N,"2011-02-01 00:00:00.000000","2011-02-13 00:00:00.000000","2011-02-08 00:00:00.000000"
314,20110201,20110213,20110208,16741,1,6,9,"SO43932",1,1,1,3578.27,3578.27,0,0,2171.2942,2171.2942,3578.27,286.2616,89.4568,\N,\N,"2011-02-01 00:00:00.000000","2011-02-13 00:00:00.000000","2011-02-08 00:00:00.000000"
347,20110201,20110213,20110208,11031,1,6,9,"SO43933",1,1,1,3399.99,3399.99,0,0,1912.1544,1912.1544,3399.99,271.9992,84.9998,\N,\N,"2011-02-01 00:00:00.000000","2011-02-13 00:00:00.000000","2011-02-08 00:00:00.000000"
346,20110201,20110213,20110208,11034,1,6,9,"SO43934",1,1,1,3399.99,3399.99,0,0,1912.1544,1912.1544,3399.99,271.9992,84.9998,\N,\N,"2011-02-01 00:00:00.000000","2011-02-13 00:00:00.000000","2011-02-08 00:00:00.000000"
334,20110202,20110214,20110209,20048,1,98,10,"SO43935",1,1,1,699.0982,699.0982,0,0,413.1463,413.1463,699.0982,55.9279,17.4775,\N,\N,"2011-02-02 00:00:00.000000","2011-02-14 00:00:00.000000","2011-02-09 00:00:00.000000"
311,20110202,20110214,20110209,28065,1,100,4,"SO43936",1,1,1,3578.27,3578.27,0,0,2171.2942,2171.2942,3578.27,286.2616,89.4568,\N,\N,"2011-02-02 00:00:00.000000","2011-02-14 00:00:00.000000","2011-02-09 00:00:00.000000"
312,20110202,20110214,20110209,17047,1,6,9,"SO43937",1,1,1,3578.27,3578.27,0,0,2171.2942,2171.2942,3578.27,286.2616,89.4568,\N,\N,"2011-02-02 00:00:00.000000","2011-02-14 00:00:00.000000","2011-02-09 00:00:00.000000"
310,20110202,20110214,20110209,16686,1,6,9,"SO43938",1,1,1,3578.27,3578.27,0,0,2171.2942,2171.2942,3578.27,286.2616,89.4568,\N,\N,"2011-02-02 00:00:00.000000","2011-02-14 00:00:00.000000","2011-02-09 00:00:00.000000"
312,20110202,20110214,20110209,16659,1,6,9,"SO43939",1,1,1,3578.27,3578.27,0,0,2171.2942,2171.2942,3578.27,286.2616,89.4568,\N,\N,"2011-02-02 00:00:00.000000","2011-02-14 00:00:00.000000","2011-02-09 00:00:00.000000"
336,20110202,20110214,20110209,25294,1,6,9,"SO43940",1,1,1,699.0982,699.0982,0,0,413.1463,413.1463,699.0982,55.9279,17.4775,\N,\N,"2011-02-02 00:00:00.000000","2011-02-14 00:00:00.000000","2011-02-09 00:00:00.000000"
314,20110203,20110215,20110210,13600,1,98,10,"SO43941",1,1,1,3578.27,3578.27,0,0,2171.2942,2171.2942,3578.27,286.2616,89.4568,\N,\N,"2011-02-03 00:00:00.000000","2011-02-15 00:00:00.000000","2011-02-10 00:00:00.000000"
310,20110203,20110215,20110210,17051,1,6,9,"SO43942",1,1,1,3578.27,3578.27,0,0,2171.2942,2171.2942,3578.27,286.2616,89.4568,\N,\N,"2011-02-03 00:00:00.000000","2011-02-15 00:00:00.000000","2011-02-10 00:00:00.000000"
338,20110203,20110215,20110210,14565,1,100,4,"SO43943",1,1,1,699.0982,699.0982,0,0,413.1463,413.1463,699.0982,55.9279,17.4775,\N,\N,"2011-02-03 00:00:00.000000","2011-02-15 00:00:00.000000","2011-02-10 00:00:00.000000"
344,20110203,20110215,20110210,11054,1,6,9,"SO43944",1,1,1,3399.99,3399.99,0,0,1912.1544,1912.1544,3399.99,271.9992,84.9998,\N,\N,"2011-02-03 00:00:00.000000","2011-02-15 00:00:00.000000","2011-02-10 00:00:00.000000"
310,20110203,20110215,20110210,16675,1,6,9,"SO43945",1,1,1,3578.27,3578.27,0,0,2171.2942,2171.2942,3578.27,286.2616,89.4568,\N,\N,"2011-02-03 00:00:00.000000","2011-02-15 00:00:00.000000","2011-02-10 00:00:00.000000"
313,20110203,20110215,20110210,16687,1,6,9,"SO43946",1,1,1,3578.27,3578.27,0,0,2171.2942,2171.2942,3578.27,286.2616,89.4568,\N,\N,"2011-02-03 00:00:00.000000","2011-02-15 00:00:00.000000","2011-02-10 00:00:00.000000"
310,20110203,20110215,20110210,16712,1,6,9,"SO43947",1,1,1,3578.27,3578.27,0,0,2171.2942,2171.2942,3578.27,286.2616,89.4568,\N,\N,"2011-02-03 00:00:00.000000","2011-02-15 00:00:00.000000","2011-02-10 00:00:00.000000"
345,20110203,20110215,20110210,11047,1,6,9,"SO43948",1,1,1,3399.99,3399.99,0,0,1912.1544,1912.1544,3399.99,271.9992,84.9998,\N,\N,"2011-02-03 00:00:00.000000","2011-02-15 00:00:00.000000","2011-02-10 00:00:00.000000"
310,20110204,20110216,20110211,27726,1,100,4,"SO43949",1,1,1,3578.27,3578.27,0,0,2171.2942,2171.2942,3578.27,286.2616,89.4568,\N,\N,"2011-02-04 00:00:00.000000","2011-02-16 00:00:00.000000","2011-02-11 00:00:00.000000"
311,20110204,20110216,20110211,28014,1,100,4,"SO43950",1,1,1,3578.27,3578.27,0,0,2171.2942,2171.2942,3578.27,286.2616,89.4568,\N,\N,"2011-02-04 00:00:00.000000","2011-02-16 00:00:00.000000","2011-02-11 00:00:00.000000"
311,20110204,20110216,20110211,16696,1,6,9,"SO43951",1,1,1,3578.27,3578.27,0,0,2171.2942,2171.2942,3578.27,286.2616,89.4568,\N,\N,"2011-02-04 00:00:00.000000","2011-02-16 00:00:00.000000","2011-02-11 00:00:00.000000"
312,20110204,20110216,20110211,16639,1,6,9,"SO43952",1,1,1,3578.27,3578.27,0,0,2171.2942,2171.2942,3578.27,286.2616,89.4568,\N,\N,"2011-02-04 00:00:00.000000","2011-02-16 00:00:00.000000","2011-02-11 00:00:00.000000"
342,20110205,20110217,20110212,20049,1,98,10,"SO43953",1,1,1,699.0982,699.0982,0,0,413.1463,413.1463,699.0982,55.9279,17.4775,\N,\N,"2011-02-05 00:00:00.000000","2011-02-17 00:00:00.000000","2011-02-12 00:00:00.000000"
311,20110205,20110217,20110212,13602,1,98,10,"SO43954",1,1,1,3578.27,3578.27,0,0,2171.2942,2171.2942,3578.27,286.2616,89.4568,\N,\N,"2011-02-05 00:00:00.000000","2011-02-17 00:00:00.000000","2011-02-12 00:00:00.000000"
314,20110205,20110217,20110212,13661,1,98,10,"SO43955",1,1,1,3578.27,3578.27,0,0,2171.2942,2171.2942,3578.27,286.2616,89.4568,\N,\N,"2011-02-05 00:00:00.000000","2011-02-17 00:00:00.000000","2011-02-12 00:00:00.000000"
344,20110205,20110217,20110212,11030,1,6,9,"SO43956",1,1,1,3399.99,3399.99,0,0,1912.1544,1912.1544,3399.99,271.9992,84.9998,\N,\N,"2011-02-05 00:00:00.000000","2011-02-17 00:00:00.000000","2011-02-12 00:00:00.000000"
313,20110206,20110218,20110213,28068,1,100,4,"SO43957",1,1,1,3578.27,3578.27,0,0,2171.2942,2171.2942,3578.27,286.2616,89.4568,\N,\N,"2011-02-06 00:00:00.000000","2011-02-18 00:00:00.000000","2011-02-13 00:00:00.000000"
312,20110206,20110218,20110213,16658,1,6,9,"SO43958",1,1,1,3578.27,3578.27,0,0,2171.2942,2171.2942,3578.27,286.2616,89.4568,\N,\N,"2011-02-06 00:00:00.000000","2011-02-18 00:00:00.000000","2011-02-13 00:00:00.000000"
348,20110206,20110218,20110213,11035,1,6,9,"SO43959",1,1,1,3374.99,3374.99,0,0,1898.0944,1898.0944,3374.99,269.9992,84.3748,\N,\N,"2011-02-06 00:00:00.000000","2011-02-18 00:00:00.000000","2011-02-13 00:00:00.000000"
349,20110206,20110218,20110213,11046,1,6,9,"SO43960",1,1,1,3374.99,3374.99,0,0,1898.0944,1898.0944,3374.99,269.9992,84.3748,\N,\N,"2011-02-06 00:00:00.000000","2011-02-18 00:00:00.000000","2011-02-13 00:00:00.000000"
311,20110207,20110219,20110214,28031,1,100,4,"SO43961",1,1,1,3578.27,3578.27,0,0,2171.2942,2171.2942,3578.27,286.2616,89.4568,\N,\N,"2011-02-07 00:00:00.000000","2011-02-19 00:00:00.000000","2011-02-14 00:00:00.000000"
312,20110207,20110219,20110214,28076,1,100,4,"SO43962",1,1,1,3578.27,3578.27,0,0,2171.2942,2171.2942,3578.27,286.2616,89.4568,\N,\N,"2011-02-07 00:00:00.000000","2011-02-19 00:00:00.000000","2011-02-14 00:00:00.000000"
314,20110207,20110219,20110214,16685,1,6,9,"SO43963",1,1,1,3578.27,3578.27,0,0,2171.2942,2171.2942,3578.27,286.2616,89.4568,\N,\N,"2011-02-07 00:00:00.000000","2011-02-19 00:00:00.000000","2011-02-14 00:00:00.000000"
312,20110207,20110219,20110214,16745,1,6,9,"SO43964",1,1,1,3578.27,3578.27,0,0,2171.2942,2171.2942,3578.27,286.2616,89.4568,\N,\N,"2011-02-07 00:00:00.000000","2011-02-19 00:00:00.000000","2011-02-14 00:00:00.000000"
351,20110207,20110219,20110214,11038,1,6,9,"SO43965",1,1,1,3374.99,3374.99,0,0,1898.0944,1898.0944,3374.99,269.9992,84.3748,\N,\N,"2011-02-07 00:00:00.000000","2011-02-19 00:00:00.000000","2011-02-14 00:00:00.000000"
347,20110207,20110219,20110214,11039,1,6,9,"SO43966",1,1,1,3399.99,3399.99,0,0,1912.1544,1912.1544,3399.99,271.9992,84.9998,\N,\N,"2011-02-07 00:00:00.000000","2011-02-19 00:00:00.000000","2011-02-14 00:00:00.000000"
313,20110208,20110220,20110215,28040,1,100,1,"SO43967",1,1,1,3578.27,3578.27,0,0,2171.2942,2171.2942,3578.27,286.2616,89.4568,\N,\N,"2011-02-08 00:00:00.000000","2011-02-20 00:00:00.000000","2011-02-15 00:00:00.000000"
313,20110208,20110220,20110215,28067,1,100,4,"SO43968",1,1,1,3578.27,3578.27,0,0,2171.2942,2171.2942,3578.27,286.2616,89.4568,\N,\N,"2011-02-08 00:00:00.000000","2011-02-20 00:00:00.000000","2011-02-15 00:00:00.000000"
310,20110208,20110220,20110215,28071,1,100,4,"SO43969",1,1,1,3578.27,3578.27,0,0,2171.2942,2171.2942,3578.27,286.2616,89.4568,\N,\N,"2011-02-08 00:00:00.000000","2011-02-20 00:00:00.000000","2011-02-15 00:00:00.000000"
311,20110208,20110220,20110215,16684,1,6,9,"SO43970",1,1,1,3578.27,3578.27,0,0,2171.2942,2171.2942,3578.27,286.2616,89.4568,\N,\N,"2011-02-08 00:00:00.000000","2011-02-20 00:00:00.000000","2011-02-15 00:00:00.000000"
314,20110208,20110220,20110215,16657,1,6,9,"SO43971",1,1,1,3578.27,3578.27,0,0,2171.2942,2171.2942,3578.27,286.2616,89.4568,\N,\N,"2011-02-08 00:00:00.000000","2011-02-20 00:00:00.000000","2011-02-15 00:00:00.000000"
314,20110209,20110221,20110216,21939,1,19,6,"SO43972",1,1,1,3578.27,3578.27,0,0,2171.2942,2171.2942,3578.27,286.2616,89.4568,\N,\N,"2011-02-09 00:00:00.000000","2011-02-21 00:00:00.000000","2011-02-16 00:00:00.000000"
312,20110209,20110221,20110216,28039,1,100,4,"SO43973",1,1,1,3578.27,3578.27,0,0,2171.2942,2171.2942,3578.27,286.2616,89.4568,\N,\N,"2011-02-09 00:00:00.000000","2011-02-21 00:00:00.000000","2011-02-16 00:00:00.000000"
312,20110209,20110221,20110216,13687,1,98,10,"SO43974",1,1,1,3578.27,3578.27,0,0,2171.2942,2171.2942,3578.27,286.2616,89.4568,\N,\N,"2011-02-09 00:00:00.000000","2011-02-21 00:00:00.000000","2011-02-16 00:00:00.000000"
312,20110209,20110221,20110216,13540,1,29,8,"SO43975",1,1,1,3578.27,3578.27,0,0,2171.2942,2171.2942,3578.27,286.2616,89.4568,\N,\N,"2011-02-09 00:00:00.000000","2011-02-21 00:00:00.000000","2011-02-16 00:00:00.000000"
310,20110209,20110221,20110216,28063,1,100,4,"SO43976",1,1,1,3578.27,3578.27,0,0,2171.2942,2171.2942,3578.27,286.2616,89.4568,\N,\N,"2011-02-09 00:00:00.000000","2011-02-21 00:00:00.000000","2011-02-16 00:00:00.000000"
312,20110209,20110221,20110216,16703,1,6,9,"SO43977",1,1,1,3578.27,3578.27,0,0,2171.2942,2171.2942,3578.27,286.2616,89.4568,\N,\N,"2011-02-09 00:00:00.000000","2011-02-21 00:00:00.000000","2011-02-16 00:00:00.000000"
310,20110210,20110222,20110217,28030,1,100,1,"SO43978",1,1,1,3578.27,3578.27,0,0,2171.2942,2171.2942,3578.27,286.2616,89.4568,\N,\N,"2011-02-10 00:00:00.000000","2011-02-22 00:00:00.000000","2011-02-17 00:00:00.000000"
322,20110210,20110222,20110217,14576,1,100,1,"SO43979",1,1,1,699.0982,699.0982,0,0,413.1463,413.1463,699.0982,55.9279,17.4775,\N,\N,"2011-02-10 00:00:00.000000","2011-02-22 00:00:00.000000","2011-02-17 00:00:00.000000"
351,20110210,20110222,20110217,11048,1,6,9,"SO43980",1,1,1,3374.99,3374.99,0,0,1898.0944,1898.0944,3374.99,269.9992,84.3748,\N,\N,"2011-02-10 00:00:00.000000","2011-02-22 00:00:00.000000","2011-02-17 00:00:00.000000"
314,20110210,20110222,20110217,16664,1,6,9,"SO43981",1,1,1,3578.27,3578.27,0,0,2171.2942,2171.2942,3578.27,286.2616,89.4568,\N,\N,"2011-02-10 00:00:00.000000","2011-02-22 00:00:00.000000","2011-02-17 00:00:00.000000"
342,20110210,20110222,20110217,25271,1,6,9,"SO43982",1,1,1,699.0982,699.0982,0,0,413.1463,413.1463,699.0982,55.9279,17.4775,\N,\N,"2011-02-10 00:00:00.000000","2011-02-22 00:00:00.000000","2011-02-17 00:00:00.000000"
314,20110211,20110223,20110218,28017,1,100,1,"SO43983",1,1,1,3578.27,3578.27,0,0,2171.2942,2171.2942,3578.27,286.2616,89.4568,\N,\N,"2011-02-11 00:00:00.000000","2011-02-23 00:00:00.000000","2011-02-18 00:00:00.000000"
311,20110211,20110223,20110218,13545,1,29,8,"SO43984",1,1,1,3578.27,3578.27,0,0,2171.2942,2171.2942,3578.27,286.2616,89.4568,\N,\N,"2011-02-11 00:00:00.000000","2011-02-23 00:00:00.000000","2011-02-18 00:00:00.000000"
313,20110211,20110223,20110218,13515,1,29,8,"SO43985",1,1,1,3578.27,3578.27,0,0,2171.2942,2171.2942,3578.27,286.2616,89.4568,\N,\N,"2011-02-11 00:00:00.000000","2011-02-23 00:00:00.000000","2011-02-18 00:00:00.000000"
310,20110211,20110223,20110218,28070,1,100,4,"SO43986",1,1,1,3578.27,3578.27,0,0,2171.2942,2171.2942,3578.27,286.2616,89.4568,\N,\N,"2011-02-11 00:00:00.000000","2011-02-23 00:00:00.000000","2011-02-18 00:00:00.000000"
310,20110212,20110224,20110219,28042,1,100,4,"SO43987",1,1,1,3578.27,3578.27,0,0,2171.2942,2171.2942,3578.27,286.2616,89.4568,\N,\N,"2011-02-12 00:00:00.000000","2011-02-24 00:00:00.000000","2011-02-19 00:00:00.000000"
344,20110212,20110224,20110219,11244,1,98,10,"SO43988",1,1,1,3399.99,3399.99,0,0,1912.1544,1912.1544,3399.99,271.9992,84.9998,\N,\N,"2011-02-12 00:00:00.000000","2011-02-24 00:00:00.000000","2011-02-19 00:00:00.000000"
312,20110212,20110224,20110219,28083,1,100,4,"SO43989",1,1,1,3578.27,3578.27,0,0,2171.2942,2171.2942,3578.27,286.2616,89.4568,\N,\N,"2011-02-12 00:00:00.000000","2011-02-24 00:00:00.000000","2011-02-19 00:00:00.000000"
344,20110212,20110224,20110219,25872,1,100,1,"SO43990",1,1,1,3399.99,3399.99,0,0,1912.1544,1912.1544,3399.99,271.9992,84.9998,\N,\N,"2011-02-12 00:00:00.000000","2011-02-24 00:00:00.000000","2011-02-19 00:00:00.000000"
310,20110212,20110224,20110219,16660,1,6,9,"SO43991",1,1,1,3578.27,3578.27,0,0,2171.2942,2171.2942,3578.27,286.2616,89.4568,\N,\N,"2011-02-12 00:00:00.000000","2011-02-24 00:00:00.000000","2011-02-19 00:00:00.000000"
311,20110212,20110224,20110219,16638,1,6,9,"SO43992",1,1,1,3578.27,3578.27,0,0,2171.2942,2171.2942,3578.27,286.2616,89.4568,\N,\N,"2011-02-12 00:00:00.000000","2011-02-24 00:00:00.000000","2011-02-19 00:00:00.000000"
314,20110214,20110226,20110221,16929,1,6,9,"SO43993",1,1,1,3578.27,3578.27,0,0,2171.2942,2171.2942,3578.27,286.2616,89.4568,\N,\N,"2011-02-14 00:00:00.000000","2011-02-26 00:00:00.000000","2011-02-21 00:00:00.000000"
314,20110215,20110227,20110222,27681,1,100,4,"SO43994",1,1,1,3578.27,3578.27,0,0,2171.2942,2171.2942,3578.27,286.2616,89.4568,\N,\N,"2011-02-15 00:00:00.000000","2011-02-27 00:00:00.000000","2011-02-22 00:00:00.000000"
312,20110215,20110227,20110222,21813,1,19,6,"SO43995",1,1,1,3578.27,3578.27,0,0,2171.2942,2171.2942,3578.27,286.2616,89.4568,\N,\N,"2011-02-15 00:00:00.000000","2011-02-27 00:00:00.000000","2011-02-22 00:00:00.000000"
310,20110215,20110227,20110222,27920,1,100,4,"SO43996",1,1,1,3578.27,3578.27,0,0,2171.2942,2171.2942,3578.27,286.2616,89.4568,\N,\N,"2011-02-15 00:00:00.000000","2011-02-27 00:00:00.000000","2011-02-22 00:00:00.000000"
310,20110215,20110227,20110222,28022,1,100,4,"SO43997",1,1,1,3578.27,3578.27,0,0,2171.2942,2171.2942,3578.27,286.2616,89.4568,\N,\N,"2011-02-15 00:00:00.000000","2011-02-27 00:00:00.000000","2011-02-22 00:00:00.000000"
348,20110215,20110227,20110222,11033,1,6,9,"SO43998",1,1,1,3374.99,3374.99,0,0,1898.0944,1898.0944,3374.99,269.9992,84.3748,\N,\N,"2011-02-15 00:00:00.000000","2011-02-27 00:00:00.000000","2011-02-22 00:00:00.000000"
311,20110215,20110227,20110222,28047,1,100,1,"SO43999",1,1,1,3578.27,3578.27,0,0,2171.2942,2171.2942,3578.27,286.2616,89.4568,\N,\N,"2011-02-15 00:00:00.000000","2011-02-27 00:00:00.000000","2011-02-22 00:00:00.000000"
311,20110216,20110228,20110223,27918,1,100,4,"SO44000",1,1,1,3578.27,3578.27,0,0,2171.2942,2171.2942,3578.27,286.2616,89.4568,\N,\N,"2011-02-16 00:00:00.000000","2011-02-28 00:00:00.000000","2011-02-23 00:00:00.000000"
313,20110216,20110228,20110223,28044,1,100,4,"SO44001",1,1,1,3578.27,3578.27,0,0,2171.2942,2171.2942,3578.27,286.2616,89.4568,\N,\N,"2011-02-16 00:00:00.000000","2011-02-28 00:00:00.000000","2011-02-23 00:00:00.000000"
336,20110216,20110228,20110223,14572,1,100,4,"SO44002",1,1,1,699.0982,699.0982,0,0,413.1463,413.1463,699.0982,55.9279,17.4775,\N,\N,"2011-02-16 00:00:00.000000","2011-02-28 00:00:00.000000","2011-02-23 00:00:00.000000"
342,20110216,20110228,20110223,19325,1,29,8,"SO44003",1,1,1,699.0982,699.0982,0,0,413.1463,413.1463,699.0982,55.9279,17.4775,\N,\N,"2011-02-16 00:00:00.000000","2011-02-28 00:00:00.000000","2011-02-23 00:00:00.000000"
310,20110216,20110228,20110223,28061,1,100,4,"SO44004",1,1,1,3578.27,3578.27,0,0,2171.2942,2171.2942,3578.27,286.2616,89.4568,\N,\N,"2011-02-16 00:00:00.000000","2011-02-28 00:00:00.000000","2011-02-23 00:00:00.000000"
334,20110216,20110228,20110223,26629,1,19,6,"SO44005",1,1,1,699.0982,699.0982,0,0,413.1463,413.1463,699.0982,55.9279,17.4775,\N,\N,"2011-02-16 00:00:00.000000","2011-02-28 00:00:00.000000","2011-02-23 00:00:00.000000"
310,20110216,20110228,20110223,16744,1,6,9,"SO44006",1,1,1,3578.27,3578.27,0,0,2171.2942,2171.2942,3578.27,286.2616,89.4568,\N,\N,"2011-02-16 00:00:00.000000","2011-02-28 00:00:00.000000","2011-02-23 00:00:00.000000"
320,20110216,20110228,20110223,25555,1,6,9,"SO44007",1,1,1,699.0982,699.0982,0,0,413.1463,413.1463,699.0982,55.9279,17.4775,\N,\N,"2011-02-16 00:00:00.000000","2011-02-28 00:00:00.000000","2011-02-23 00:00:00.000000"
312,20110217,20110301,20110224,27678,1,100,1,"SO44008",1,1,1,3578.27,3578.27,0,0,2171.2942,2171.2942,3578.27,286.2616,89.4568,\N,\N,"2011-02-17 00:00:00.000000","2011-03-01 00:00:00.000000","2011-02-24 00:00:00.000000"
314,20110217,20110301,20110224,27759,1,100,1,"SO44009",1,1,1,3578.27,3578.27,0,0,2171.2942,2171.2942,3578.27,286.2616,89.4568,\N,\N,"2011-02-17 00:00:00.000000","2011-03-01 00:00:00.000000","2011-02-24 00:00:00.000000"
310,20110217,20110301,20110224,13680,1,98,10,"SO44010",1,1,1,3578.27,3578.27,0,0,2171.2942,2171.2942,3578.27,286.2616,89.4568,\N,\N,"2011-02-17 00:00:00.000000","2011-03-01 00:00:00.000000","2011-02-24 00:00:00.000000"
310,20110217,20110301,20110224,13514,1,29,8,"SO44011",1,1,1,3578.27,3578.27,0,0,2171.2942,2171.2942,3578.27,286.2616,89.4568,\N,\N,"2011-02-17 00:00:00.000000","2011-03-01 00:00:00.000000","2011-02-24 00:00:00.000000"
349,20110217,20110301,20110224,11052,1,6,9,"SO44012",1,1,1,3374.99,3374.99,0,0,1898.0944,1898.0944,3374.99,269.9992,84.3748,\N,\N,"2011-02-17 00:00:00.000000","2011-03-01 00:00:00.000000","2011-02-24 00:00:00.000000"
312,20110217,20110301,20110224,16928,1,6,9,"SO44013",1,1,1,3578.27,3578.27,0,0,2171.2942,2171.2942,3578.27,286.2616,89.4568,\N,\N,"2011-02-17 00:00:00.000000","2011-03-01 00:00:00.000000","2011-02-24 00:00:00.000000"
313,20110218,20110302,20110225,27917,1,100,4,"SO44014",1,1,1,3578.27,3578.27,0,0,2171.2942,2171.2942,3578.27,286.2616,89.4568,\N,\N,"2011-02-18 00:00:00.000000","2011-03-02 00:00:00.000000","2011-02-25 00:00:00.000000"
311,20110218,20110302,20110225,13693,1,98,10,"SO44015",1,1,1,3578.27,3578.27,0,0,2171.2942,2171.2942,3578.27,286.2616,89.4568,\N,\N,"2011-02-18 00:00:00.000000","2011-03-02 00:00:00.000000","2011-02-25 00:00:00.000000"
350,20110218,20110302,20110225,11247,1,98,10,"SO44016",1,1,1,3374.99,3374.99,0,0,1898.0944,1898.0944,3374.99,269.9992,84.3748,\N,\N,"2011-02-18 00:00:00.000000","2011-03-02 00:00:00.000000","2011-02-25 00:00:00.000000"
310,20110218,20110302,20110225,28078,1,100,1,"SO44017",1,1,1,3578.27,3578.27,0,0,2171.2942,2171.2942,3578.27,286.2616,89.4568,\N,\N,"2011-02-18 00:00:00.000000","2011-03-02 00:00:00.000000","2011-02-25 00:00:00.000000"
350,20110218,20110302,20110225,25876,1,100,1,"SO44018",1,1,1,3374.99,3374.99,0,0,1898.0944,1898.0944,3374.99,269.9992,84.3748,\N,\N,"2011-02-18 00:00:00.000000","2011-03-02 00:00:00.000000","2011-02-25 00:00:00.000000"
310,20110218,20110302,20110225,16701,1,6,9,"SO44019",1,1,1,3578.27,3578.27,0,0,2171.2942,2171.2942,3578.27,286.2616,89.4568,\N,\N,"2011-02-18 00:00:00.000000","2011-03-02 00:00:00.000000","2011-02-25 00:00:00.000000"
311,20110218,20110302,20110225,16931,1,6,9,"SO44020",1,1,1,3578.27,3578.27,0,0,2171.2942,2171.2942,3578.27,286.2616,89.4568,\N,\N,"2011-02-18 00:00:00.000000","2011-03-02 00:00:00.000000","2011-02-25 00:00:00.000000"
348,20110218,20110302,20110225,11032,1,6,9,"SO44021",1,1,1,3374.99,3374.99,0,0,1898.0944,1898.0944,3374.99,269.9992,84.3748,\N,\N,"2011-02-18 00:00:00.000000","2011-03-02 00:00:00.000000","2011-02-25 00:00:00.000000"
313,20110219,20110303,20110226,22008,1,19,6,"SO44022",1,1,1,3578.27,3578.27,0,0,2171.2942,2171.2942,3578.27,286.2616,89.4568,\N,\N,"2011-02-19 00:00:00.000000","2011-03-03 00:00:00.000000","2011-02-26 00:00:00.000000"
349,20110219,20110303,20110226,19830,1,19,6,"SO44023",1,1,1,3374.99,3374.99,0,0,1898.0944,1898.0944,3374.99,269.9992,84.3748,\N,\N,"2011-02-19 00:00:00.000000","2011-03-03 00:00:00.000000","2011-02-26 00:00:00.000000"
314,20110219,20110303,20110226,16663,1,6,9,"SO44024",1,1,1,3578.27,3578.27,0,0,2171.2942,2171.2942,3578.27,286.2616,89.4568,\N,\N,"2011-02-19 00:00:00.000000","2011-03-03 00:00:00.000000","2011-02-26 00:00:00.000000"
314,20110219,20110303,20110226,16708,1,6,9,"SO44025",1,1,1,3578.27,3578.27,0,0,2171.2942,2171.2942,3578.27,286.2616,89.4568,\N,\N,"2011-02-19 00:00:00.000000","2011-03-03 00:00:00.000000","2011-02-26 00:00:00.000000"
310,20110219,20110303,20110226,17045,1,6,9,"SO44026",1,1,1,3578.27,3578.27,0,0,2171.2942,2171.2942,3578.27,286.2616,89.4568,\N,\N,"2011-02-19 00:00:00.000000","2011-03-03 00:00:00.000000","2011-02-26 00:00:00.000000"
310,20110220,20110304,20110227,21921,1,19,6,"SO44027",1,1,1,3578.27,3578.27,0,0,2171.2942,2171.2942,3578.27,286.2616,89.4568,\N,\N,"2011-02-20 00:00:00.000000","2011-03-04 00:00:00.000000","2011-02-27 00:00:00.000000"
312,20110220,20110304,20110227,17048,1,6,9,"SO44028",1,1,1,3578.27,3578.27,0,0,2171.2942,2171.2942,3578.27,286.2616,89.4568,\N,\N,"2011-02-20 00:00:00.000000","2011-03-04 00:00:00.000000","2011-02-27 00:00:00.000000"
350,20110220,20110304,20110227,11050,1,6,9,"SO44029",1,1,1,3374.99,3374.99,0,0,1898.0944,1898.0944,3374.99,269.9992,84.3748,\N,\N,"2011-02-20 00:00:00.000000","2011-03-04 00:00:00.000000","2011-02-27 00:00:00.000000"
311,20110221,20110305,20110228,12131,1,39,7,"SO44030",1,1,1,3578.27,3578.27,0,0,2171.2942,2171.2942,3578.27,286.2616,89.4568,\N,\N,"2011-02-21 00:00:00.000000","2011-03-05 00:00:00.000000","2011-02-28 00:00:00.000000"
313,20110221,20110305,20110228,13689,1,98,10,"SO44031",1,1,1,3578.27,3578.27,0,0,2171.2942,2171.2942,3578.27,286.2616,89.4568,\N,\N,"2011-02-21 00:00:00.000000","2011-03-05 00:00:00.000000","2011-02-28 00:00:00.000000"
344,20110221,20110305,20110228,11243,1,98,10,"SO44032",1,1,1,3399.99,3399.99,0,0,1912.1544,1912.1544,3399.99,271.9992,84.9998,\N,\N,"2011-02-21 00:00:00.000000","2011-03-05 00:00:00.000000","2011-02-28 00:00:00.000000"
314,20110221,20110305,20110228,16693,1,6,9,"SO44033",1,1,1,3578.27,3578.27,0,0,2171.2942,2171.2942,3578.27,286.2616,89.4568,\N,\N,"2011-02-21 00:00:00.000000","2011-03-05 00:00:00.000000","2011-02-28 00:00:00.000000"
313,20110221,20110305,20110228,16702,1,6,9,"SO44034",1,1,1,3578.27,3578.27,0,0,2171.2942,2171.2942,3578.27,286.2616,89.4568,\N,\N,"2011-02-21 00:00:00.000000","2011-03-05 00:00:00.000000","2011-02-28 00:00:00.000000"
312,20110221,20110305,20110228,16707,1,6,9,"SO44035",1,1,1,3578.27,3578.27,0,0,2171.2942,2171.2942,3578.27,286.2616,89.4568,\N,\N,"2011-02-21 00:00:00.000000","2011-03-05 00:00:00.000000","2011-02-28 00:00:00.000000"
310,20110221,20110305,20110228,17046,1,6,9,"SO44036",1,1,1,3578.27,3578.27,0,0,2171.2942,2171.2942,3578.27,286.2616,89.4568,\N,\N,"2011-02-21 00:00:00.000000","2011-03-05 00:00:00.000000","2011-02-28 00:00:00.000000"
328,20110221,20110305,20110228,25272,1,6,9,"SO44037",1,1,1,699.0982,699.0982,0,0,413.1463,413.1463,699.0982,55.9279,17.4775,\N,\N,"2011-02-21 00:00:00.000000","2011-03-05 00:00:00.000000","2011-02-28 00:00:00.000000"
344,20110221,20110305,20110228,25868,1,100,4,"SO44038",1,1,1,3399.99,3399.99,0,0,1912.1544,1912.1544,3399.99,271.9992,84.9998,\N,\N,"2011-02-21 00:00:00.000000","2011-03-05 00:00:00.000000","2011-02-28 00:00:00.000000"
342,20110222,20110306,20110301,17971,1,39,7,"SO44039",1,1,1,699.0982,699.0982,0,0,413.1463,413.1463,699.0982,55.9279,17.4775,\N,\N,"2011-02-22 00:00:00.000000","2011-03-06 00:00:00.000000","2011-03-01 00:00:00.000000"
351,20110222,20110306,20110301,11057,1,6,9,"SO44040",1,1,1,3374.99,3374.99,0,0,1898.0944,1898.0944,3374.99,269.9992,84.3748,\N,\N,"2011-02-22 00:00:00.000000","2011-03-06 00:00:00.000000","2011-03-01 00:00:00.000000"
313,20110222,20110306,20110301,16742,1,6,9,"SO44041",1,1,1,3578.27,3578.27,0,0,2171.2942,2171.2942,3578.27,286.2616,89.4568,\N,\N,"2011-02-22 00:00:00.000000","2011-03-06 00:00:00.000000","2011-03-01 00:00:00.000000"
313,20110223,20110307,20110302,13678,1,98,10,"SO44042",1,1,1,3578.27,3578.27,0,0,2171.2942,2171.2942,3578.27,286.2616,89.4568,\N,\N,"2011-02-23 00:00:00.000000","2011-03-07 00:00:00.000000","2011-03-02 00:00:00.000000"
311,20110223,20110307,20110302,13679,1,98,10,"SO44043",1,1,1,3578.27,3578.27,0,0,2171.2942,2171.2942,3578.27,286.2616,89.4568,\N,\N,"2011-02-23 00:00:00.000000","2011-03-07 00:00:00.000000","2011-03-02 00:00:00.000000"
314,20110223,20110307,20110302,13690,1,98,10,"SO44044",1,1,1,3578.27,3578.27,0,0,2171.2942,2171.2942,3578.27,286.2616,89.4568,\N,\N,"2011-02-23 00:00:00.000000","2011-03-07 00:00:00.000000","2011-03-02 00:00:00.000000"
344,20110223,20110307,20110302,28394,1,39,7,"SO44045",1,1,1,3399.99,3399.99,0,0,1912.1544,1912.1544,3399.99,271.9992,84.9998,\N,\N,"2011-02-23 00:00:00.000000","2011-03-07 00:00:00.000000","2011-03-02 00:00:00.000000"
313,20110223,20110307,20110302,28064,1,100,1,"SO44046",1,1,1,3578.27,3578.27,0,0,2171.2942,2171.2942,3578.27,286.2616,89.4568,\N,\N,"2011-02-23 00:00:00.000000","2011-03-07 00:00:00.000000","2011-03-02 00:00:00.000000"
344,20110223,20110307,20110302,25878,1,100,4,"SO44047",1,1,1,3399.99,3399.99,0,0,1912.1544,1912.1544,3399.99,271.9992,84.9998,\N,\N,"2011-02-23 00:00:00.000000","2011-03-07 00:00:00.000000","2011-03-02 00:00:00.000000"
314,20110223,20110307,20110302,16713,1,6,9,"SO44048",1,1,1,3578.27,3578.27,0,0,2171.2942,2171.2942,3578.27,286.2616,89.4568,\N,\N,"2011-02-23 00:00:00.000000","2011-03-07 00:00:00.000000","2011-03-02 00:00:00.000000"
314,20110224,20110308,20110303,13538,1,29,8,"SO44049",1,1,1,3578.27,3578.27,0,0,2171.2942,2171.2942,3578.27,286.2616,89.4568,\N,\N,"2011-02-24 00:00:00.000000","2011-03-08 00:00:00.000000","2011-03-03 00:00:00.000000"
310,20110224,20110308,20110303,17050,1,6,9,"SO44050",1,1,1,3578.27,3578.27,0,0,2171.2942,2171.2942,3578.27,286.2616,89.4568,\N,\N,"2011-02-24 00:00:00.000000","2011-03-08 00:00:00.000000","2011-03-03 00:00:00.000000"
310,20110225,20110309,20110304,13691,1,98,10,"SO44051",1,1,1,3578.27,3578.27,0,0,2171.2942,2171.2942,3578.27,286.2616,89.4568,\N,\N,"2011-02-25 00:00:00.000000","2011-03-09 00:00:00.000000","2011-03-04 00:00:00.000000"
314,20110225,20110309,20110304,16637,1,6,9,"SO44052",1,1,1,3578.27,3578.27,0,0,2171.2942,2171.2942,3578.27,286.2616,89.4568,\N,\N,"2011-02-25 00:00:00.000000","2011-03-09 00:00:00.000000","2011-03-04 00:00:00.000000"
338,20110226,20110310,20110305,19329,1,29,8,"SO44053",1,1,1,699.0982,699.0982,0,0,413.1463,413.1463,699.0982,55.9279,17.4775,\N,\N,"2011-02-26 00:00:00.000000","2011-03-10 00:00:00.000000","2011-03-05 00:00:00.000000"
314,20110226,20110310,20110305,13542,1,29,8,"SO44054",1,1,1,3578.27,3578.27,0,0,2171.2942,2171.2942,3578.27,286.2616,89.4568,\N,\N,"2011-02-26 00:00:00.000000","2011-03-10 00:00:00.000000","2011-03-05 00:00:00.000000"
310,20110226,20110310,20110305,13543,1,29,8,"SO44055",1,1,1,3578.27,3578.27,0,0,2171.2942,2171.2942,3578.27,286.2616,89.4568,\N,\N,"2011-02-26 00:00:00.000000","2011-03-10 00:00:00.000000","2011-03-05 00:00:00.000000"
314,20110226,20110310,20110305,13559,1,29,8,"SO44056",1,1,1,3578.27,3578.27,0,0,2171.2942,2171.2942,3578.27,286.2616,89.4568,\N,\N,"2011-02-26 00:00:00.000000","2011-03-10 00:00:00.000000","2011-03-05 00:00:00.000000"
338,20110226,20110310,20110305,14577,1,100,1,"SO44057",1,1,1,699.0982,699.0982,0,0,413.1463,413.1463,699.0982,55.9279,17.4775,\N,\N,"2011-02-26 00:00:00.000000","2011-03-10 00:00:00.000000","2011-03-05 00:00:00.000000"
350,20110226,20110310,20110305,11056,1,6,9,"SO44058",1,1,1,3374.99,3374.99,0,0,1898.0944,1898.0944,3374.99,269.9992,84.3748,\N,\N,"2011-02-26 00:00:00.000000","2011-03-10 00:00:00.000000","2011-03-05 00:00:00.000000"
313,20110226,20110310,20110305,16688,1,6,9,"SO44059",1,1,1,3578.27,3578.27,0,0,2171.2942,2171.2942,3578.27,286.2616,89.4568,\N,\N,"2011-02-26 00:00:00.000000","2011-03-10 00:00:00.000000","2011-03-05 00:00:00.000000"
342,20110226,20110310,20110305,25273,1,6,9,"SO44060",1,1,1,699.0982,699.0982,0,0,413.1463,413.1463,699.0982,55.9279,17.4775,\N,\N,"2011-02-26 00:00:00.000000","2011-03-10 00:00:00.000000","2011-03-05 00:00:00.000000"
310,20110227,20110311,20110306,27919,1,100,1,"SO44061",1,1,1,3578.27,3578.27,0,0,2171.2942,2171.2942,3578.27,286.2616,89.4568,\N,\N,"2011-02-27 00:00:00.000000","2011-03-11 00:00:00.000000","2011-03-06 00:00:00.000000"
310,20110227,20110311,20110306,28041,1,100,1,"SO44062",1,1,1,3578.27,3578.27,0,0,2171.2942,2171.2942,3578.27,286.2616,89.4568,\N,\N,"2011-02-27 00:00:00.000000","2011-03-11 00:00:00.000000","2011-03-06 00:00:00.000000"
344,20110227,20110311,20110306,11240,1,98,10,"SO44063",1,1,1,3399.99,3399.99,0,0,1912.1544,1912.1544,3399.99,271.9992,84.9998,\N,\N,"2011-02-27 00:00:00.000000","2011-03-11 00:00:00.000000","2011-03-06 00:00:00.000000"
310,20110227,20110311,20110306,22050,1,19,6,"SO44064",1,1,1,3578.27,3578.27,0,0,2171.2942,2171.2942,3578.27,286.2616,89.4568,\N,\N,"2011-02-27 00:00:00.000000","2011-03-11 00:00:00.000000","2011-03-06 00:00:00.000000"
310,20110227,20110311,20110306,28062,1,100,4,"SO44065",1,1,1,3578.27,3578.27,0,0,2171.2942,2171.2942,3578.27,286.2616,89.4568,\N,\N,"2011-02-27 00:00:00.000000","2011-03-11 00:00:00.000000","2011-03-06 00:00:00.000000"
344,20110227,20110311,20110306,25867,1,100,4,"SO44066",1,1,1,3399.99,3399.99,0,0,1912.1544,1912.1544,3399.99,271.9992,84.9998,\N,\N,"2011-02-27 00:00:00.000000","2011-03-11 00:00:00.000000","2011-03-06 00:00:00.000000"
310,20110227,20110311,20110306,17049,1,6,9,"SO44067",1,1,1,3578.27,3578.27,0,0,2171.2942,2171.2942,3578.27,286.2616,89.4568,\N,\N,"2011-02-27 00:00:00.000000","2011-03-11 00:00:00.000000","2011-03-06 00:00:00.000000"
313,20110228,20110312,20110307,13541,1,29,8,"SO44068",1,1,1,3578.27,3578.27,0,0,2171.2942,2171.2942,3578.27,286.2616,89.4568,\N,\N,"2011-02-28 00:00:00.000000","2011-03-12 00:00:00.000000","2011-03-07 00:00:00.000000"
349,20110228,20110312,20110307,28395,1,39,7,"SO44069",1,1,1,3374.99,3374.99,0,0,1898.0944,1898.0944,3374.99,269.9992,84.3748,\N,\N,"2011-02-28 00:00:00.000000","2011-03-12 00:00:00.000000","2011-03-07 00:00:00.000000"
349,20110228,20110312,20110307,19829,1,19,6,"SO44070",1,1,1,3374.99,3374.99,0,0,1898.0944,1898.0944,3374.99,269.9992,84.3748,\N,\N,"2011-02-28 00:00:00.000000","2011-03-12 00:00:00.000000","2011-03-07 00:00:00.000000"
313,20110228,20110312,20110307,16691,1,6,9,"SO44071",1,1,1,3578.27,3578.27,0,0,2171.2942,2171.2942,3578.27,286.2616,89.4568,\N,\N,"2011-02-28 00:00:00.000000","2011-03-12 00:00:00.000000","2011-03-07 00:00:00.000000"
311,20110228,20110312,20110307,16656,1,6,9,"SO44072",1,1,1,3578.27,3578.27,0,0,2171.2942,2171.2942,3578.27,286.2616,89.4568,\N,\N,"2011-02-28 00:00:00.000000","2011-03-12 00:00:00.000000","2011-03-07 00:00:00.000000"
351,20110228,20110312,20110307,11044,1,6,9,"SO44073",1,1,1,3374.99,3374.99,0,0,1898.0944,1898.0944,3374.99,269.9992,84.3748,\N,\N,"2011-02-28 00:00:00.000000","2011-03-12 00:00:00.000000","2011-03-07 00:00:00.000000"
310,20110301,20110313,20110308,13821,1,98,10,"SO44134",1,1,1,3578.27,3578.27,0,0,2171.2942,2171.2942,3578.27,286.2616,89.4568,\N,\N,"2011-03-01 00:00:00.000000","2011-03-13 00:00:00.000000","2011-03-08 00:00:00.000000"
310,20110301,20110313,20110308,28156,1,100,4,"SO44135",1,1,1,3578.27,3578.27,0,0,2171.2942,2171.2942,3578.27,286.2616,89.4568,\N,\N,"2011-03-01 00:00:00.000000","2011-03-13 00:00:00.000000","2011-03-08 00:00:00.000000"
311,20110301,20110313,20110308,22114,1,19,6,"SO44136",1,1,1,3578.27,3578.27,0,0,2171.2942,2171.2942,3578.27,286.2616,89.4568,\N,\N,"2011-03-01 00:00:00.000000","2011-03-13 00:00:00.000000","2011-03-08 00:00:00.000000"
314,20110301,20110313,20110308,17328,1,6,9,"SO44137",1,1,1,3578.27,3578.27,0,0,2171.2942,2171.2942,3578.27,286.2616,89.4568,\N,\N,"2011-03-01 00:00:00.000000","2011-03-13 00:00:00.000000","2011-03-08 00:00:00.000000"
310,20110302,20110314,20110309,13765,1,98,10,"SO44138",1,1,1,3578.27,3578.27,0,0,2171.2942,2171.2942,3578.27,286.2616,89.4568,\N,\N,"2011-03-02 00:00:00.000000","2011-03-14 00:00:00.000000","2011-03-09 00:00:00.000000"
311,20110302,20110314,20110309,13792,1,98,10,"SO44139",1,1,1,3578.27,3578.27,0,0,2171.2942,2171.2942,3578.27,286.2616,89.4568,\N,\N,"2011-03-02 00:00:00.000000","2011-03-14 00:00:00.000000","2011-03-09 00:00:00.000000"
311,20110302,20110314,20110309,12221,1,39,7,"SO44140",1,1,1,3578.27,3578.27,0,0,2171.2942,2171.2942,3578.27,286.2616,89.4568,\N,\N,"2011-03-02 00:00:00.000000","2011-03-14 00:00:00.000000","2011-03-09 00:00:00.000000"
313,20110302,20110314,20110309,13572,1,29,8,"SO44141",1,1,1,3578.27,3578.27,0,0,2171.2942,2171.2942,3578.27,286.2616,89.4568,\N,\N,"2011-03-02 00:00:00.000000","2011-03-14 00:00:00.000000","2011-03-09 00:00:00.000000"
313,20110302,20110314,20110309,22058,1,19,6,"SO44142",1,1,1,3578.27,3578.27,0,0,2171.2942,2171.2942,3578.27,286.2616,89.4568,\N,\N,"2011-03-02 00:00:00.000000","2011-03-14 00:00:00.000000","2011-03-09 00:00:00.000000"
313,20110302,20110314,20110309,28145,1,100,4,"SO44143",1,1,1,3578.27,3578.27,0,0,2171.2942,2171.2942,3578.27,286.2616,89.4568,\N,\N,"2011-03-02 00:00:00.000000","2011-03-14 00:00:00.000000","2011-03-09 00:00:00.000000"
312,20110302,20110314,20110309,17071,1,6,9,"SO44144",1,1,1,3578.27,3578.27,0,0,2171.2942,2171.2942,3578.27,286.2616,89.4568,\N,\N,"2011-03-02 00:00:00.000000","2011-03-14 00:00:00.000000","2011-03-09 00:00:00.000000"
310,20110302,20110314,20110309,17309,1,6,9,"SO44145",1,1,1,3578.27,3578.27,0,0,2171.2942,2171.2942,3578.27,286.2616,89.4568,\N,\N,"2011-03-02 00:00:00.000000","2011-03-14 00:00:00.000000","2011-03-09 00:00:00.000000"
313,20110302,20110314,20110309,17310,1,6,9,"SO44146",1,1,1,3578.27,3578.27,0,0,2171.2942,2171.2942,3578.27,286.2616,89.4568,\N,\N,"2011-03-02 00:00:00.000000","2011-03-14 00:00:00.000000","2011-03-09 00:00:00.000000"
310,20110302,20110314,20110309,17320,1,6,9,"SO44147",1,1,1,3578.27,3578.27,0,0,2171.2942,2171.2942,3578.27,286.2616,89.4568,\N,\N,"2011-03-02 00:00:00.000000","2011-03-14 00:00:00.000000","2011-03-09 00:00:00.000000"
310,20110303,20110315,20110310,28172,1,100,4,"SO44148",1,1,1,3578.27,3578.27,0,0,2171.2942,2171.2942,3578.27,286.2616,89.4568,\N,\N,"2011-03-03 00:00:00.000000","2011-03-15 00:00:00.000000","2011-03-10 00:00:00.000000"
312,20110303,20110315,20110310,17242,1,6,9,"SO44149",1,1,1,3578.27,3578.27,0,0,2171.2942,2171.2942,3578.27,286.2616,89.4568,\N,\N,"2011-03-03 00:00:00.000000","2011-03-15 00:00:00.000000","2011-03-10 00:00:00.000000"
312,20110303,20110315,20110310,17315,1,6,9,"SO44150",1,1,1,3578.27,3578.27,0,0,2171.2942,2171.2942,3578.27,286.2616,89.4568,\N,\N,"2011-03-03 00:00:00.000000","2011-03-15 00:00:00.000000","2011-03-10 00:00:00.000000"
328,20110303,20110315,20110310,25558,1,6,9,"SO44151",1,1,1,699.0982,699.0982,0,0,413.1463,413.1463,699.0982,55.9279,17.4775,\N,\N,"2011-03-03 00:00:00.000000","2011-03-15 00:00:00.000000","2011-03-10 00:00:00.000000"
346,20110304,20110316,20110311,11334,1,98,10,"SO44152",1,1,1,3399.99,3399.99,0,0,1912.1544,1912.1544,3399.99,271.9992,84.9998,\N,\N,"2011-03-04 00:00:00.000000","2011-03-16 00:00:00.000000","2011-03-11 00:00:00.000000"
312,20110304,20110316,20110311,28168,1,100,4,"SO44153",1,1,1,3578.27,3578.27,0,0,2171.2942,2171.2942,3578.27,286.2616,89.4568,\N,\N,"2011-03-04 00:00:00.000000","2011-03-16 00:00:00.000000","2011-03-11 00:00:00.000000"
311,20110304,20110316,20110311,28181,1,100,1,"SO44154",1,1,1,3578.27,3578.27,0,0,2171.2942,2171.2942,3578.27,286.2616,89.4568,\N,\N,"2011-03-04 00:00:00.000000","2011-03-16 00:00:00.000000","2011-03-11 00:00:00.000000"
313,20110304,20110316,20110311,28131,1,100,4,"SO44155",1,1,1,3578.27,3578.27,0,0,2171.2942,2171.2942,3578.27,286.2616,89.4568,\N,\N,"2011-03-04 00:00:00.000000","2011-03-16 00:00:00.000000","2011-03-11 00:00:00.000000"
346,20110304,20110316,20110311,25887,1,100,1,"SO44156",1,1,1,3399.99,3399.99,0,0,1912.1544,1912.1544,3399.99,271.9992,84.9998,\N,\N,"2011-03-04 00:00:00.000000","2011-03-16 00:00:00.000000","2011-03-11 00:00:00.000000"
314,20110304,20110316,20110311,17055,1,6,9,"SO44157",1,1,1,3578.27,3578.27,0,0,2171.2942,2171.2942,3578.27,286.2616,89.4568,\N,\N,"2011-03-04 00:00:00.000000","2011-03-16 00:00:00.000000","2011-03-11 00:00:00.000000"
311,20110305,20110317,20110312,13567,1,29,8,"SO44158",1,1,1,3578.27,3578.27,0,0,2171.2942,2171.2942,3578.27,286.2616,89.4568,\N,\N,"2011-03-05 00:00:00.000000","2011-03-17 00:00:00.000000","2011-03-12 00:00:00.000000"
311,20110305,20110317,20110312,28182,1,100,4,"SO44159",1,1,1,3578.27,3578.27,0,0,2171.2942,2171.2942,3578.27,286.2616,89.4568,\N,\N,"2011-03-05 00:00:00.000000","2011-03-17 00:00:00.000000","2011-03-12 00:00:00.000000"
312,20110305,20110317,20110312,28186,1,100,1,"SO44160",1,1,1,3578.27,3578.27,0,0,2171.2942,2171.2942,3578.27,286.2616,89.4568,\N,\N,"2011-03-05 00:00:00.000000","2011-03-17 00:00:00.000000","2011-03-12 00:00:00.000000"
314,20110306,20110318,20110313,13772,1,98,10,"SO44161",1,1,1,3578.27,3578.27,0,0,2171.2942,2171.2942,3578.27,286.2616,89.4568,\N,\N,"2011-03-06 00:00:00.000000","2011-03-18 00:00:00.000000","2011-03-13 00:00:00.000000"
311,20110306,20110318,20110313,28185,1,100,4,"SO44162",1,1,1,3578.27,3578.27,0,0,2171.2942,2171.2942,3578.27,286.2616,89.4568,\N,\N,"2011-03-06 00:00:00.000000","2011-03-18 00:00:00.000000","2011-03-13 00:00:00.000000"
314,20110306,20110318,20110313,28193,1,100,4,"SO44163",1,1,1,3578.27,3578.27,0,0,2171.2942,2171.2942,3578.27,286.2616,89.4568,\N,\N,"2011-03-06 00:00:00.000000","2011-03-18 00:00:00.000000","2011-03-13 00:00:00.000000"
310,20110306,20110318,20110313,28088,1,100,4,"SO44164",1,1,1,3578.27,3578.27,0,0,2171.2942,2171.2942,3578.27,286.2616,89.4568,\N,\N,"2011-03-06 00:00:00.000000","2011-03-18 00:00:00.000000","2011-03-13 00:00:00.000000"
313,20110306,20110318,20110313,17065,1,6,9,"SO44165",1,1,1,3578.27,3578.27,0,0,2171.2942,2171.2942,3578.27,286.2616,89.4568,\N,\N,"2011-03-06 00:00:00.000000","2011-03-18 00:00:00.000000","2011-03-13 00:00:00.000000"
338,20110306,20110318,20110313,14581,1,100,1,"SO44166",1,1,1,699.0982,699.0982,0,0,413.1463,413.1463,699.0982,55.9279,17.4775,\N,\N,"2011-03-06 00:00:00.000000","2011-03-18 00:00:00.000000","2011-03-13 00:00:00.000000"
314,20110306,20110318,20110313,17308,1,6,9,"SO44167",1,1,1,3578.27,3578.27,0,0,2171.2942,2171.2942,3578.27,286.2616,89.4568,\N,\N,"2011-03-06 00:00:00.000000","2011-03-18 00:00:00.000000","2011-03-13 00:00:00.000000"
313,20110307,20110319,20110314,12211,1,39,7,"SO44168",1,1,1,3578.27,3578.27,0,0,2171.2942,2171.2942,3578.27,286.2616,89.4568,\N,\N,"2011-03-07 00:00:00.000000","2011-03-19 00:00:00.000000","2011-03-14 00:00:00.000000"
311,20110307,20110319,20110314,28179,1,100,1,"SO44169",1,1,1,3578.27,3578.27,0,0,2171.2942,2171.2942,3578.27,286.2616,89.4568,\N,\N,"2011-03-07 00:00:00.000000","2011-03-19 00:00:00.000000","2011-03-14 00:00:00.000000"
314,20110307,20110319,20110314,28183,1,100,4,"SO44170",1,1,1,3578.27,3578.27,0,0,2171.2942,2171.2942,3578.27,286.2616,89.4568,\N,\N,"2011-03-07 00:00:00.000000","2011-03-19 00:00:00.000000","2011-03-14 00:00:00.000000"
313,20110307,20110319,20110314,28112,1,100,4,"SO44171",1,1,1,3578.27,3578.27,0,0,2171.2942,2171.2942,3578.27,286.2616,89.4568,\N,\N,"2011-03-07 00:00:00.000000","2011-03-19 00:00:00.000000","2011-03-14 00:00:00.000000"
338,20110307,20110319,20110314,14584,1,100,4,"SO44172",1,1,1,699.0982,699.0982,0,0,413.1463,413.1463,699.0982,55.9279,17.4775,\N,\N,"2011-03-07 00:00:00.000000","2011-03-19 00:00:00.000000","2011-03-14 00:00:00.000000"
312,20110308,20110320,20110315,13784,1,98,10,"SO44173",1,1,1,3578.27,3578.27,0,0,2171.2942,2171.2942,3578.27,286.2616,89.4568,\N,\N,"2011-03-08 00:00:00.000000","2011-03-20 00:00:00.000000","2011-03-15 00:00:00.000000"
311,20110308,20110320,20110315,17229,1,6,9,"SO44174",1,1,1,3578.27,3578.27,0,0,2171.2942,2171.2942,3578.27,286.2616,89.4568,\N,\N,"2011-03-08 00:00:00.000000","2011-03-20 00:00:00.000000","2011-03-15 00:00:00.000000"
313,20110308,20110320,20110315,17246,1,6,9,"SO44175",1,1,1,3578.27,3578.27,0,0,2171.2942,2171.2942,3578.27,286.2616,89.4568,\N,\N,"2011-03-08 00:00:00.000000","2011-03-20 00:00:00.000000","2011-03-15 00:00:00.000000"
314,20110309,20110321,20110316,12220,1,39,7,"SO44176",1,1,1,3578.27,3578.27,0,0,2171.2942,2171.2942,3578.27,286.2616,89.4568,\N,\N,"2011-03-09 00:00:00.000000","2011-03-21 00:00:00.000000","2011-03-16 00:00:00.000000"
350,20110309,20110321,20110316,11337,1,98,10,"SO44177",1,1,1,3374.99,3374.99,0,0,1898.0944,1898.0944,3374.99,269.9992,84.3748,\N,\N,"2011-03-09 00:00:00.000000","2011-03-21 00:00:00.000000","2011-03-16 00:00:00.000000"
312,20110309,20110321,20110316,28097,1,100,4,"SO44178",1,1,1,3578.27,3578.27,0,0,2171.2942,2171.2942,3578.27,286.2616,89.4568,\N,\N,"2011-03-09 00:00:00.000000","2011-03-21 00:00:00.000000","2011-03-16 00:00:00.000000"
350,20110309,20110321,20110316,25888,1,100,1,"SO44179",1,1,1,3374.99,3374.99,0,0,1898.0944,1898.0944,3374.99,269.9992,84.3748,\N,\N,"2011-03-09 00:00:00.000000","2011-03-21 00:00:00.000000","2011-03-16 00:00:00.000000"
347,20110309,20110321,20110316,11058,1,6,9,"SO44180",1,1,1,3399.99,3399.99,0,0,1912.1544,1912.1544,3399.99,271.9992,84.9998,\N,\N,"2011-03-09 00:00:00.000000","2011-03-21 00:00:00.000000","2011-03-16 00:00:00.000000"
312,20110309,20110321,20110316,17294,1,6,9,"SO44181",1,1,1,3578.27,3578.27,0,0,2171.2942,2171.2942,3578.27,286.2616,89.4568,\N,\N,"2011-03-09 00:00:00.000000","2011-03-21 00:00:00.000000","2011-03-16 00:00:00.000000"
310,20110309,20110321,20110316,17299,1,6,9,"SO44182",1,1,1,3578.27,3578.27,0,0,2171.2942,2171.2942,3578.27,286.2616,89.4568,\N,\N,"2011-03-09 00:00:00.000000","2011-03-21 00:00:00.000000","2011-03-16 00:00:00.000000"
310,20110310,20110322,20110317,28158,1,100,4,"SO44183",1,1,1,3578.27,3578.27,0,0,2171.2942,2171.2942,3578.27,286.2616,89.4568,\N,\N,"2011-03-10 00:00:00.000000","2011-03-22 00:00:00.000000","2011-03-17 00:00:00.000000"
314,20110310,20110322,20110317,17247,1,6,9,"SO44184",1,1,1,3578.27,3578.27,0,0,2171.2942,2171.2942,3578.27,286.2616,89.4568,\N,\N,"2011-03-10 00:00:00.000000","2011-03-22 00:00:00.000000","2011-03-17 00:00:00.000000"
310,20110310,20110322,20110317,17280,1,6,9,"SO44185",1,1,1,3578.27,3578.27,0,0,2171.2942,2171.2942,3578.27,286.2616,89.4568,\N,\N,"2011-03-10 00:00:00.000000","2011-03-22 00:00:00.000000","2011-03-17 00:00:00.000000"
347,20110312,20110324,20110319,25889,1,100,4,"SO44186",1,1,1,3399.99,3399.99,0,0,1912.1544,1912.1544,3399.99,271.9992,84.9998,\N,\N,"2011-03-12 00:00:00.000000","2011-03-24 00:00:00.000000","2011-03-19 00:00:00.000000"
313,20110312,20110324,20110319,17069,1,6,9,"SO44187",1,1,1,3578.27,3578.27,0,0,2171.2942,2171.2942,3578.27,286.2616,89.4568,\N,\N,"2011-03-12 00:00:00.000000","2011-03-24 00:00:00.000000","2011-03-19 00:00:00.000000"
334,20110313,20110325,20110320,20052,1,98,10,"SO44188",1,1,1,699.0982,699.0982,0,0,413.1463,413.1463,699.0982,55.9279,17.4775,\N,\N,"2011-03-13 00:00:00.000000","2011-03-25 00:00:00.000000","2011-03-20 00:00:00.000000"
322,20110313,20110325,20110320,20054,1,98,10,"SO44189",1,1,1,699.0982,699.0982,0,0,413.1463,413.1463,699.0982,55.9279,17.4775,\N,\N,"2011-03-13 00:00:00.000000","2011-03-25 00:00:00.000000","2011-03-20 00:00:00.000000"
348,20110313,20110325,20110320,11061,1,6,9,"SO44190",1,1,1,3374.99,3374.99,0,0,1898.0944,1898.0944,3374.99,269.9992,84.3748,\N,\N,"2011-03-13 00:00:00.000000","2011-03-25 00:00:00.000000","2011-03-20 00:00:00.000000"
310,20110313,20110325,20110320,17248,1,6,9,"SO44191",1,1,1,3578.27,3578.27,0,0,2171.2942,2171.2942,3578.27,286.2616,89.4568,\N,\N,"2011-03-13 00:00:00.000000","2011-03-25 00:00:00.000000","2011-03-20 00:00:00.000000"
312,20110314,20110326,20110321,13570,1,29,8,"SO44192",1,1,1,3578.27,3578.27,0,0,2171.2942,2171.2942,3578.27,286.2616,89.4568,\N,\N,"2011-03-14 00:00:00.000000","2011-03-26 00:00:00.000000","2011-03-21 00:00:00.000000"
312,20110314,20110326,20110321,28164,1,100,4,"SO44193",1,1,1,3578.27,3578.27,0,0,2171.2942,2171.2942,3578.27,286.2616,89.4568,\N,\N,"2011-03-14 00:00:00.000000","2011-03-26 00:00:00.000000","2011-03-21 00:00:00.000000"
310,20110314,20110326,20110321,17064,1,6,9,"SO44194",1,1,1,3578.27,3578.27,0,0,2171.2942,2171.2942,3578.27,286.2616,89.4568,\N,\N,"2011-03-14 00:00:00.000000","2011-03-26 00:00:00.000000","2011-03-21 00:00:00.000000"
313,20110314,20110326,20110321,17249,1,6,9,"SO44195",1,1,1,3578.27,3578.27,0,0,2171.2942,2171.2942,3578.27,286.2616,89.4568,\N,\N,"2011-03-14 00:00:00.000000","2011-03-26 00:00:00.000000","2011-03-21 00:00:00.000000"
314,20110314,20110326,20110321,17295,1,6,9,"SO44196",1,1,1,3578.27,3578.27,0,0,2171.2942,2171.2942,3578.27,286.2616,89.4568,\N,\N,"2011-03-14 00:00:00.000000","2011-03-26 00:00:00.000000","2011-03-21 00:00:00.000000"
312,20110315,20110327,20110322,28096,1,100,4,"SO44197",1,1,1,3578.27,3578.27,0,0,2171.2942,2171.2942,3578.27,286.2616,89.4568,\N,\N,"2011-03-15 00:00:00.000000","2011-03-27 00:00:00.000000","2011-03-22 00:00:00.000000"
310,20110315,20110327,20110322,28150,1,100,4,"SO44198",1,1,1,3578.27,3578.27,0,0,2171.2942,2171.2942,3578.27,286.2616,89.4568,\N,\N,"2011-03-15 00:00:00.000000","2011-03-27 00:00:00.000000","2011-03-22 00:00:00.000000"
313,20110315,20110327,20110322,17259,1,6,9,"SO44199",1,1,1,3578.27,3578.27,0,0,2171.2942,2171.2942,3578.27,286.2616,89.4568,\N,\N,"2011-03-15 00:00:00.000000","2011-03-27 00:00:00.000000","2011-03-22 00:00:00.000000"
311,20110315,20110327,20110322,17312,1,6,9,"SO44200",1,1,1,3578.27,3578.27,0,0,2171.2942,2171.2942,3578.27,286.2616,89.4568,\N,\N,"2011-03-15 00:00:00.000000","2011-03-27 00:00:00.000000","2011-03-22 00:00:00.000000"
313,20110316,20110328,20110323,12254,1,39,7,"SO44201",1,1,1,3578.27,3578.27,0,0,2171.2942,2171.2942,3578.27,286.2616,89.4568,\N,\N,"2011-03-16 00:00:00.000000","2011-03-28 00:00:00.000000","2011-03-23 00:00:00.000000"
311,20110316,20110328,20110323,28159,1,100,4,"SO44202",1,1,1,3578.27,3578.27,0,0,2171.2942,2171.2942,3578.27,286.2616,89.4568,\N,\N,"2011-03-16 00:00:00.000000","2011-03-28 00:00:00.000000","2011-03-23 00:00:00.000000"
312,20110316,20110328,20110323,28149,1,100,4,"SO44203",1,1,1,3578.27,3578.27,0,0,2171.2942,2171.2942,3578.27,286.2616,89.4568,\N,\N,"2011-03-16 00:00:00.000000","2011-03-28 00:00:00.000000","2011-03-23 00:00:00.000000"
336,20110316,20110328,20110323,14580,1,100,4,"SO44204",1,1,1,699.0982,699.0982,0,0,413.1463,413.1463,699.0982,55.9279,17.4775,\N,\N,"2011-03-16 00:00:00.000000","2011-03-28 00:00:00.000000","2011-03-23 00:00:00.000000"
312,20110316,20110328,20110323,17285,1,6,9,"SO44205",1,1,1,3578.27,3578.27,0,0,2171.2942,2171.2942,3578.27,286.2616,89.4568,\N,\N,"2011-03-16 00:00:00.000000","2011-03-28 00:00:00.000000","2011-03-23 00:00:00.000000"
347,20110317,20110329,20110324,11250,1,98,10,"SO44206",1,1,1,3399.99,3399.99,0,0,1912.1544,1912.1544,3399.99,271.9992,84.9998,\N,\N,"2011-03-17 00:00:00.000000","2011-03-29 00:00:00.000000","2011-03-24 00:00:00.000000"
313,20110317,20110329,20110324,28162,1,100,4,"SO44207",1,1,1,3578.27,3578.27,0,0,2171.2942,2171.2942,3578.27,286.2616,89.4568,\N,\N,"2011-03-17 00:00:00.000000","2011-03-29 00:00:00.000000","2011-03-24 00:00:00.000000"
347,20110317,20110329,20110324,25879,1,100,4,"SO44208",1,1,1,3399.99,3399.99,0,0,1912.1544,1912.1544,3399.99,271.9992,84.9998,\N,\N,"2011-03-17 00:00:00.000000","2011-03-29 00:00:00.000000","2011-03-24 00:00:00.000000"
311,20110317,20110329,20110324,17257,1,6,9,"SO44209",1,1,1,3578.27,3578.27,0,0,2171.2942,2171.2942,3578.27,286.2616,89.4568,\N,\N,"2011-03-17 00:00:00.000000","2011-03-29 00:00:00.000000","2011-03-24 00:00:00.000000"
310,20110318,20110330,20110325,13783,1,98,10,"SO44210",1,1,1,3578.27,3578.27,0,0,2171.2942,2171.2942,3578.27,286.2616,89.4568,\N,\N,"2011-03-18 00:00:00.000000","2011-03-30 00:00:00.000000","2011-03-25 00:00:00.000000"
313,20110318,20110330,20110325,28154,1,100,4,"SO44211",1,1,1,3578.27,3578.27,0,0,2171.2942,2171.2942,3578.27,286.2616,89.4568,\N,\N,"2011-03-18 00:00:00.000000","2011-03-30 00:00:00.000000","2011-03-25 00:00:00.000000"
312,20110318,20110330,20110325,28170,1,100,4,"SO44212",1,1,1,3578.27,3578.27,0,0,2171.2942,2171.2942,3578.27,286.2616,89.4568,\N,\N,"2011-03-18 00:00:00.000000","2011-03-30 00:00:00.000000","2011-03-25 00:00:00.000000"
310,20110318,20110330,20110325,17351,1,6,9,"SO44213",1,1,1,3578.27,3578.27,0,0,2171.2942,2171.2942,3578.27,286.2616,89.4568,\N,\N,"2011-03-18 00:00:00.000000","2011-03-30 00:00:00.000000","2011-03-25 00:00:00.000000"
311,20110318,20110330,20110325,17332,1,6,9,"SO44214",1,1,1,3578.27,3578.27,0,0,2171.2942,2171.2942,3578.27,286.2616,89.4568,\N,\N,"2011-03-18 00:00:00.000000","2011-03-30 00:00:00.000000","2011-03-25 00:00:00.000000"
312,20110319,20110331,20110326,28180,1,100,1,"SO44215",1,1,1,3578.27,3578.27,0,0,2171.2942,2171.2942,3578.27,286.2616,89.4568,\N,\N,"2011-03-19 00:00:00.000000","2011-03-31 00:00:00.000000","2011-03-26 00:00:00.000000"
314,20110319,20110331,20110326,13560,1,29,8,"SO44216",1,1,1,3578.27,3578.27,0,0,2171.2942,2171.2942,3578.27,286.2616,89.4568,\N,\N,"2011-03-19 00:00:00.000000","2011-03-31 00:00:00.000000","2011-03-26 00:00:00.000000"
310,20110319,20110331,20110326,28148,1,100,1,"SO44217",1,1,1,3578.27,3578.27,0,0,2171.2942,2171.2942,3578.27,286.2616,89.4568,\N,\N,"2011-03-19 00:00:00.000000","2011-03-31 00:00:00.000000","2011-03-26 00:00:00.000000"
311,20110319,20110331,20110326,22109,1,19,6,"SO44218",1,1,1,3578.27,3578.27,0,0,2171.2942,2171.2942,3578.27,286.2616,89.4568,\N,\N,"2011-03-19 00:00:00.000000","2011-03-31 00:00:00.000000","2011-03-26 00:00:00.000000"
338,20110319,20110331,20110326,14590,1,100,4,"SO44219",1,1,1,699.0982,699.0982,0,0,413.1463,413.1463,699.0982,55.9279,17.4775,\N,\N,"2011-03-19 00:00:00.000000","2011-03-31 00:00:00.000000","2011-03-26 00:00:00.000000"
345,20110319,20110331,20110326,11060,1,6,9,"SO44220",1,1,1,3399.99,3399.99,0,0,1912.1544,1912.1544,3399.99,271.9992,84.9998,\N,\N,"2011-03-19 00:00:00.000000","2011-03-31 00:00:00.000000","2011-03-26 00:00:00.000000"
314,20110319,20110331,20110326,17255,1,6,9,"SO44221",1,1,1,3578.27,3578.27,0,0,2171.2942,2171.2942,3578.27,286.2616,89.4568,\N,\N,"2011-03-19 00:00:00.000000","2011-03-31 00:00:00.000000","2011-03-26 00:00:00.000000"
311,20110319,20110331,20110326,17258,1,6,9,"SO44222",1,1,1,3578.27,3578.27,0,0,2171.2942,2171.2942,3578.27,286.2616,89.4568,\N,\N,"2011-03-19 00:00:00.000000","2011-03-31 00:00:00.000000","2011-03-26 00:00:00.000000"
310,20110320,20110401,20110327,13847,1,98,10,"SO44223",1,1,1,3578.27,3578.27,0,0,2171.2942,2171.2942,3578.27,286.2616,89.4568,\N,\N,"2011-03-20 00:00:00.000000","2011-04-01 00:00:00.000000","2011-03-27 00:00:00.000000"
314,20110320,20110401,20110327,28166,1,100,4,"SO44224",1,1,1,3578.27,3578.27,0,0,2171.2942,2171.2942,3578.27,286.2616,89.4568,\N,\N,"2011-03-20 00:00:00.000000","2011-04-01 00:00:00.000000","2011-03-27 00:00:00.000000"
322,20110321,20110402,20110328,20060,1,98,10,"SO44225",1,1,1,699.0982,699.0982,0,0,413.1463,413.1463,699.0982,55.9279,17.4775,\N,\N,"2011-03-21 00:00:00.000000","2011-04-02 00:00:00.000000","2011-03-28 00:00:00.000000"
313,20110321,20110402,20110328,12255,1,39,7,"SO44226",1,1,1,3578.27,3578.27,0,0,2171.2942,2171.2942,3578.27,286.2616,89.4568,\N,\N,"2011-03-21 00:00:00.000000","2011-04-02 00:00:00.000000","2011-03-28 00:00:00.000000"
349,20110321,20110402,20110328,28401,1,39,7,"SO44227",1,1,1,3374.99,3374.99,0,0,1898.0944,1898.0944,3374.99,269.9992,84.3748,\N,\N,"2011-03-21 00:00:00.000000","2011-04-02 00:00:00.000000","2011-03-28 00:00:00.000000"
344,20110321,20110402,20110328,11333,1,98,10,"SO44228",1,1,1,3399.99,3399.99,0,0,1912.1544,1912.1544,3399.99,271.9992,84.9998,\N,\N,"2011-03-21 00:00:00.000000","2011-04-02 00:00:00.000000","2011-03-28 00:00:00.000000"
344,20110321,20110402,20110328,25886,1,100,1,"SO44229",1,1,1,3399.99,3399.99,0,0,1912.1544,1912.1544,3399.99,271.9992,84.9998,\N,\N,"2011-03-21 00:00:00.000000","2011-04-02 00:00:00.000000","2011-03-28 00:00:00.000000"
312,20110321,20110402,20110328,17241,1,6,9,"SO44230",1,1,1,3578.27,3578.27,0,0,2171.2942,2171.2942,3578.27,286.2616,89.4568,\N,\N,"2011-03-21 00:00:00.000000","2011-04-02 00:00:00.000000","2011-03-28 00:00:00.000000"
334,20110321,20110402,20110328,17973,1,39,7,"SO44231",1,1,1,699.0982,699.0982,0,0,413.1463,413.1463,699.0982,55.9279,17.4775,\N,\N,"2011-03-21 00:00:00.000000","2011-04-02 00:00:00.000000","2011-03-28 00:00:00.000000"
312,20110321,20110402,20110328,17334,1,6,9,"SO44232",1,1,1,3578.27,3578.27,0,0,2171.2942,2171.2942,3578.27,286.2616,89.4568,\N,\N,"2011-03-21 00:00:00.000000","2011-04-02 00:00:00.000000","2011-03-28 00:00:00.000000"
310,20110322,20110403,20110329,13841,1,98,10,"SO44233",1,1,1,3578.27,3578.27,0,0,2171.2942,2171.2942,3578.27,286.2616,89.4568,\N,\N,"2011-03-22 00:00:00.000000","2011-04-03 00:00:00.000000","2011-03-29 00:00:00.000000"
312,20110322,20110403,20110329,28184,1,100,4,"SO44234",1,1,1,3578.27,3578.27,0,0,2171.2942,2171.2942,3578.27,286.2616,89.4568,\N,\N,"2011-03-22 00:00:00.000000","2011-04-03 00:00:00.000000","2011-03-29 00:00:00.000000"
313,20110322,20110403,20110329,22117,1,19,6,"SO44235",1,1,1,3578.27,3578.27,0,0,2171.2942,2171.2942,3578.27,286.2616,89.4568,\N,\N,"2011-03-22 00:00:00.000000","2011-04-03 00:00:00.000000","2011-03-29 00:00:00.000000"
312,20110322,20110403,20110329,28191,1,100,1,"SO44236",1,1,1,3578.27,3578.27,0,0,2171.2942,2171.2942,3578.27,286.2616,89.4568,\N,\N,"2011-03-22 00:00:00.000000","2011-04-03 00:00:00.000000","2011-03-29 00:00:00.000000"
310,20110322,20110403,20110329,17056,1,6,9,"SO44237",1,1,1,3578.27,3578.27,0,0,2171.2942,2171.2942,3578.27,286.2616,89.4568,\N,\N,"2011-03-22 00:00:00.000000","2011-04-03 00:00:00.000000","2011-03-29 00:00:00.000000"
311,20110322,20110403,20110329,17079,1,6,9,"SO44238",1,1,1,3578.27,3578.27,0,0,2171.2942,2171.2942,3578.27,286.2616,89.4568,\N,\N,"2011-03-22 00:00:00.000000","2011-04-03 00:00:00.000000","2011-03-29 00:00:00.000000"
311,20110323,20110404,20110330,12217,1,39,7,"SO44239",1,1,1,3578.27,3578.27,0,0,2171.2942,2171.2942,3578.27,286.2616,89.4568,\N,\N,"2011-03-23 00:00:00.000000","2011-04-04 00:00:00.000000","2011-03-30 00:00:00.000000"
311,20110323,20110404,20110330,13580,1,29,8,"SO44240",1,1,1,3578.27,3578.27,0,0,2171.2942,2171.2942,3578.27,286.2616,89.4568,\N,\N,"2011-03-23 00:00:00.000000","2011-04-04 00:00:00.000000","2011-03-30 00:00:00.000000"
313,20110323,20110404,20110330,28155,1,100,4,"SO44241",1,1,1,3578.27,3578.27,0,0,2171.2942,2171.2942,3578.27,286.2616,89.4568,\N,\N,"2011-03-23 00:00:00.000000","2011-04-04 00:00:00.000000","2011-03-30 00:00:00.000000"
313,20110323,20110404,20110330,28163,1,100,1,"SO44242",1,1,1,3578.27,3578.27,0,0,2171.2942,2171.2942,3578.27,286.2616,89.4568,\N,\N,"2011-03-23 00:00:00.000000","2011-04-04 00:00:00.000000","2011-03-30 00:00:00.000000"
312,20110323,20110404,20110330,17278,1,6,9,"SO44243",1,1,1,3578.27,3578.27,0,0,2171.2942,2171.2942,3578.27,286.2616,89.4568,\N,\N,"2011-03-23 00:00:00.000000","2011-04-04 00:00:00.000000","2011-03-30 00:00:00.000000"
312,20110323,20110404,20110330,17329,1,6,9,"SO44244",1,1,1,3578.27,3578.27,0,0,2171.2942,2171.2942,3578.27,286.2616,89.4568,\N,\N,"2011-03-23 00:00:00.000000","2011-04-04 00:00:00.000000","2011-03-30 00:00:00.000000"
330,20110323,20110404,20110330,25556,1,6,9,"SO44245",1,1,1,699.0982,699.0982,0,0,413.1463,413.1463,699.0982,55.9279,17.4775,\N,\N,"2011-03-23 00:00:00.000000","2011-04-04 00:00:00.000000","2011-03-30 00:00:00.000000"
312,20110324,20110405,20110331,12219,1,39,7,"SO44246",1,1,1,3578.27,3578.27,0,0,2171.2942,2171.2942,3578.27,286.2616,89.4568,\N,\N,"2011-03-24 00:00:00.000000","2011-04-05 00:00:00.000000","2011-03-31 00:00:00.000000"
310,20110324,20110405,20110331,17233,1,6,9,"SO44247",1,1,1,3578.27,3578.27,0,0,2171.2942,2171.2942,3578.27,286.2616,89.4568,\N,\N,"2011-03-24 00:00:00.000000","2011-04-05 00:00:00.000000","2011-03-31 00:00:00.000000"
313,20110324,20110405,20110331,17240,1,6,9,"SO44248",1,1,1,3578.27,3578.27,0,0,2171.2942,2171.2942,3578.27,286.2616,89.4568,\N,\N,"2011-03-24 00:00:00.000000","2011-04-05 00:00:00.000000","2011-03-31 00:00:00.000000"
313,20110325,20110406,20110401,13845,1,98,10,"SO44249",1,1,1,3578.27,3578.27,0,0,2171.2942,2171.2942,3578.27,286.2616,89.4568,\N,\N,"2011-03-25 00:00:00.000000","2011-04-06 00:00:00.000000","2011-04-01 00:00:00.000000"
312,20110325,20110406,20110401,28167,1,100,4,"SO44250",1,1,1,3578.27,3578.27,0,0,2171.2942,2171.2942,3578.27,286.2616,89.4568,\N,\N,"2011-03-25 00:00:00.000000","2011-04-06 00:00:00.000000","2011-04-01 00:00:00.000000"
311,20110325,20110406,20110401,28190,1,100,4,"SO44251",1,1,1,3578.27,3578.27,0,0,2171.2942,2171.2942,3578.27,286.2616,89.4568,\N,\N,"2011-03-25 00:00:00.000000","2011-04-06 00:00:00.000000","2011-04-01 00:00:00.000000"
312,20110326,20110407,20110402,13777,1,98,10,"SO44252",1,1,1,3578.27,3578.27,0,0,2171.2942,2171.2942,3578.27,286.2616,89.4568,\N,\N,"2011-03-26 00:00:00.000000","2011-04-07 00:00:00.000000","2011-04-02 00:00:00.000000"
310,20110326,20110407,20110402,28099,1,100,4,"SO44253",1,1,1,3578.27,3578.27,0,0,2171.2942,2171.2942,3578.27,286.2616,89.4568,\N,\N,"2011-03-26 00:00:00.000000","2011-04-07 00:00:00.000000","2011-04-02 00:00:00.000000"
314,20110326,20110407,20110402,28142,1,100,1,"SO44254",1,1,1,3578.27,3578.27,0,0,2171.2942,2171.2942,3578.27,286.2616,89.4568,\N,\N,"2011-03-26 00:00:00.000000","2011-04-07 00:00:00.000000","2011-04-02 00:00:00.000000"
340,20110326,20110407,20110402,14585,1,100,4,"SO44255",1,1,1,699.0982,699.0982,0,0,413.1463,413.1463,699.0982,55.9279,17.4775,\N,\N,"2011-03-26 00:00:00.000000","2011-04-07 00:00:00.000000","2011-04-02 00:00:00.000000"
312,20110326,20110407,20110402,17232,1,6,9,"SO44256",1,1,1,3578.27,3578.27,0,0,2171.2942,2171.2942,3578.27,286.2616,89.4568,\N,\N,"2011-03-26 00:00:00.000000","2011-04-07 00:00:00.000000","2011-04-02 00:00:00.000000"
313,20110327,20110408,20110403,12212,1,39,7,"SO44257",1,1,1,3578.27,3578.27,0,0,2171.2942,2171.2942,3578.27,286.2616,89.4568,\N,\N,"2011-03-27 00:00:00.000000","2011-04-08 00:00:00.000000","2011-04-03 00:00:00.000000"
310,20110327,20110408,20110403,13579,1,29,8,"SO44258",1,1,1,3578.27,3578.27,0,0,2171.2942,2171.2942,3578.27,286.2616,89.4568,\N,\N,"2011-03-27 00:00:00.000000","2011-04-08 00:00:00.000000","2011-04-03 00:00:00.000000"
312,20110327,20110408,20110403,28171,1,100,1,"SO44259",1,1,1,3578.27,3578.27,0,0,2171.2942,2171.2942,3578.27,286.2616,89.4568,\N,\N,"2011-03-27 00:00:00.000000","2011-04-08 00:00:00.000000","2011-04-03 00:00:00.000000"
312,20110327,20110408,20110403,28194,1,100,1,"SO44260",1,1,1,3578.27,3578.27,0,0,2171.2942,2171.2942,3578.27,286.2616,89.4568,\N,\N,"2011-03-27 00:00:00.000000","2011-04-08 00:00:00.000000","2011-04-03 00:00:00.000000"
312,20110327,20110408,20110403,22112,1,19,6,"SO44261",1,1,1,3578.27,3578.27,0,0,2171.2942,2171.2942,3578.27,286.2616,89.4568,\N,\N,"2011-03-27 00:00:00.000000","2011-04-08 00:00:00.000000","2011-04-03 00:00:00.000000"
322,20110327,20110408,20110403,20149,1,98,10,"SO44262",1,1,1,699.0982,699.0982,0,0,413.1463,413.1463,699.0982,55.9279,17.4775,\N,\N,"2011-03-27 00:00:00.000000","2011-04-08 00:00:00.000000","2011-04-03 00:00:00.000000"
310,20110327,20110408,20110403,17279,1,6,9,"SO44263",1,1,1,3578.27,3578.27,0,0,2171.2942,2171.2942,3578.27,286.2616,89.4568,\N,\N,"2011-03-27 00:00:00.000000","2011-04-08 00:00:00.000000","2011-04-03 00:00:00.000000"
313,20110327,20110408,20110403,17286,1,6,9,"SO44264",1,1,1,3578.27,3578.27,0,0,2171.2942,2171.2942,3578.27,286.2616,89.4568,\N,\N,"2011-03-27 00:00:00.000000","2011-04-08 00:00:00.000000","2011-04-03 00:00:00.000000"
320,20110327,20110408,20110403,25557,1,6,9,"SO44265",1,1,1,699.0982,699.0982,0,0,413.1463,413.1463,699.0982,55.9279,17.4775,\N,\N,"2011-03-27 00:00:00.000000","2011-04-08 00:00:00.000000","2011-04-03 00:00:00.000000"
336,20110327,20110408,20110403,25559,1,6,9,"SO44266",1,1,1,699.0982,699.0982,0,0,413.1463,413.1463,699.0982,55.9279,17.4775,\N,\N,"2011-03-27 00:00:00.000000","2011-04-08 00:00:00.000000","2011-04-03 00:00:00.000000"
336,20110328,20110409,20110404,19339,1,29,8,"SO44267",1,1,1,699.0982,699.0982,0,0,413.1463,413.1463,699.0982,55.9279,17.4775,\N,\N,"2011-03-28 00:00:00.000000","2011-04-09 00:00:00.000000","2011-04-04 00:00:00.000000"
312,20110328,20110409,20110404,13820,1,98,10,"SO44268",1,1,1,3578.27,3578.27,0,0,2171.2942,2171.2942,3578.27,286.2616,89.4568,\N,\N,"2011-03-28 00:00:00.000000","2011-04-09 00:00:00.000000","2011-04-04 00:00:00.000000"
326,20110329,20110410,20110405,14589,1,100,4,"SO44269",1,1,1,699.0982,699.0982,0,0,413.1463,413.1463,699.0982,55.9279,17.4775,\N,\N,"2011-03-29 00:00:00.000000","2011-04-10 00:00:00.000000","2011-04-05 00:00:00.000000"
314,20110330,20110411,20110406,13794,1,98,10,"SO44270",1,1,1,3578.27,3578.27,0,0,2171.2942,2171.2942,3578.27,286.2616,89.4568,\N,\N,"2011-03-30 00:00:00.000000","2011-04-11 00:00:00.000000","2011-04-06 00:00:00.000000"
314,20110330,20110411,20110406,13846,1,98,10,"SO44271",1,1,1,3578.27,3578.27,0,0,2171.2942,2171.2942,3578.27,286.2616,89.4568,\N,\N,"2011-03-30 00:00:00.000000","2011-04-11 00:00:00.000000","2011-04-06 00:00:00.000000"
311,20110330,20110411,20110406,12256,1,39,7,"SO44272",1,1,1,3578.27,3578.27,0,0,2171.2942,2171.2942,3578.27,286.2616,89.4568,\N,\N,"2011-03-30 00:00:00.000000","2011-04-11 00:00:00.000000","2011-04-06 00:00:00.000000"
311,20110330,20110411,20110406,28147,1,100,4,"SO44273",1,1,1,3578.27,3578.27,0,0,2171.2942,2171.2942,3578.27,286.2616,89.4568,\N,\N,"2011-03-30 00:00:00.000000","2011-04-11 00:00:00.000000","2011-04-06 00:00:00.000000"
314,20110330,20110411,20110406,28152,1,100,4,"SO44274",1,1,1,3578.27,3578.27,0,0,2171.2942,2171.2942,3578.27,286.2616,89.4568,\N,\N,"2011-03-30 00:00:00.000000","2011-04-11 00:00:00.000000","2011-04-06 00:00:00.000000"
311,20110330,20110411,20110406,17256,1,6,9,"SO44275",1,1,1,3578.27,3578.27,0,0,2171.2942,2171.2942,3578.27,286.2616,89.4568,\N,\N,"2011-03-30 00:00:00.000000","2011-04-11 00:00:00.000000","2011-04-06 00:00:00.000000"
313,20110330,20110411,20110406,17277,1,6,9,"SO44276",1,1,1,3578.27,3578.27,0,0,2171.2942,2171.2942,3578.27,286.2616,89.4568,\N,\N,"2011-03-30 00:00:00.000000","2011-04-11 00:00:00.000000","2011-04-06 00:00:00.000000"
311,20110330,20110411,20110406,17288,1,6,9,"SO44277",1,1,1,3578.27,3578.27,0,0,2171.2942,2171.2942,3578.27,286.2616,89.4568,\N,\N,"2011-03-30 00:00:00.000000","2011-04-11 00:00:00.000000","2011-04-06 00:00:00.000000"
310,20110330,20110411,20110406,17293,1,6,9,"SO44278",1,1,1,3578.27,3578.27,0,0,2171.2942,2171.2942,3578.27,286.2616,89.4568,\N,\N,"2011-03-30 00:00:00.000000","2011-04-11 00:00:00.000000","2011-04-06 00:00:00.000000"
313,20110330,20110411,20110406,17326,1,6,9,"SO44279",1,1,1,3578.27,3578.27,0,0,2171.2942,2171.2942,3578.27,286.2616,89.4568,\N,\N,"2011-03-30 00:00:00.000000","2011-04-11 00:00:00.000000","2011-04-06 00:00:00.000000"
314,20110331,20110412,20110407,14429,1,98,10,"SO44320",1,1,1,3578.27,3578.27,0,0,2171.2942,2171.2942,3578.27,286.2616,89.4568,\N,\N,"2011-03-31 00:00:00.000000","2011-04-12 00:00:00.000000","2011-04-07 00:00:00.000000"
311,20110331,20110412,20110407,28222,1,100,1,"SO44321",1,1,1,3578.27,3578.27,0,0,2171.2942,2171.2942,3578.27,286.2616,89.4568,\N,\N,"2011-03-31 00:00:00.000000","2011-04-12 00:00:00.000000","2011-04-07 00:00:00.000000"
328,20110331,20110412,20110407,17975,1,39,7,"SO44322",1,1,1,699.0982,699.0982,0,0,413.1463,413.1463,699.0982,55.9279,17.4775,\N,\N,"2011-03-31 00:00:00.000000","2011-04-12 00:00:00.000000","2011-04-07 00:00:00.000000"
344,20110331,20110412,20110407,11072,1,6,9,"SO44323",1,1,1,3399.99,3399.99,0,0,1912.1544,1912.1544,3399.99,271.9992,84.9998,\N,\N,"2011-03-31 00:00:00.000000","2011-04-12 00:00:00.000000","2011-04-07 00:00:00.000000"
311,20110401,20110413,20110408,12267,1,39,7,"SO44324",1,1,1,3578.27,3578.27,0,0,2171.2942,2171.2942,3578.27,286.2616,89.4568,\N,\N,"2011-04-01 00:00:00.000000","2011-04-13 00:00:00.000000","2011-04-08 00:00:00.000000"
351,20110401,20110413,20110408,11095,1,6,9,"SO44325",1,1,1,3374.99,3374.99,0,0,1898.0944,1898.0944,3374.99,269.9992,84.3748,\N,\N,"2011-04-01 00:00:00.000000","2011-04-13 00:00:00.000000","2011-04-08 00:00:00.000000"
312,20110401,20110413,20110408,17728,1,6,9,"SO44326",1,1,1,3578.27,3578.27,0,0,2171.2942,2171.2942,3578.27,286.2616,89.4568,\N,\N,"2011-04-01 00:00:00.000000","2011-04-13 00:00:00.000000","2011-04-08 00:00:00.000000"
314,20110402,20110414,20110409,28598,1,100,4,"SO44327",1,1,1,3578.27,3578.27,0,0,2171.2942,2171.2942,3578.27,286.2616,89.4568,\N,\N,"2011-04-02 00:00:00.000000","2011-04-14 00:00:00.000000","2011-04-09 00:00:00.000000"
310,20110402,20110414,20110409,17921,1,6,9,"SO44328",1,1,1,3578.27,3578.27,0,0,2171.2942,2171.2942,3578.27,286.2616,89.4568,\N,\N,"2011-04-02 00:00:00.000000","2011-04-14 00:00:00.000000","2011-04-09 00:00:00.000000"
311,20110402,20110414,20110409,17904,1,6,9,"SO44329",1,1,1,3578.27,3578.27,0,0,2171.2942,2171.2942,3578.27,286.2616,89.4568,\N,\N,"2011-04-02 00:00:00.000000","2011-04-14 00:00:00.000000","2011-04-09 00:00:00.000000"
312,20110402,20110414,20110409,28199,1,100,4,"SO44330",1,1,1,3578.27,3578.27,0,0,2171.2942,2171.2942,3578.27,286.2616,89.4568,\N,\N,"2011-04-02 00:00:00.000000","2011-04-14 00:00:00.000000","2011-04-09 00:00:00.000000"
311,20110403,20110415,20110410,28257,1,100,1,"SO44331",1,1,1,3578.27,3578.27,0,0,2171.2942,2171.2942,3578.27,286.2616,89.4568,\N,\N,"2011-04-03 00:00:00.000000","2011-04-15 00:00:00.000000","2011-04-10 00:00:00.000000"
310,20110403,20110415,20110410,17510,1,6,9,"SO44332",1,1,1,3578.27,3578.27,0,0,2171.2942,2171.2942,3578.27,286.2616,89.4568,\N,\N,"2011-04-03 00:00:00.000000","2011-04-15 00:00:00.000000","2011-04-10 00:00:00.000000"
345,20110404,20110416,20110411,11343,1,98,10,"SO44333",1,1,1,3399.99,3399.99,0,0,1912.1544,1912.1544,3399.99,271.9992,84.9998,\N,\N,"2011-04-04 00:00:00.000000","2011-04-16 00:00:00.000000","2011-04-11 00:00:00.000000"
311,20110404,20110416,20110411,28273,1,100,4,"SO44334",1,1,1,3578.27,3578.27,0,0,2171.2942,2171.2942,3578.27,286.2616,89.4568,\N,\N,"2011-04-04 00:00:00.000000","2011-04-16 00:00:00.000000","2011-04-11 00:00:00.000000"
324,20110404,20110416,20110411,20165,1,98,10,"SO44335",1,1,1,699.0982,699.0982,0,0,413.1463,413.1463,699.0982,55.9279,17.4775,\N,\N,"2011-04-04 00:00:00.000000","2011-04-16 00:00:00.000000","2011-04-11 00:00:00.000000"
345,20110404,20110416,20110411,25895,1,100,1,"SO44336",1,1,1,3399.99,3399.99,0,0,1912.1544,1912.1544,3399.99,271.9992,84.9998,\N,\N,"2011-04-04 00:00:00.000000","2011-04-16 00:00:00.000000","2011-04-11 00:00:00.000000"
351,20110404,20110416,20110411,11097,1,6,9,"SO44337",1,1,1,3374.99,3374.99,0,0,1898.0944,1898.0944,3374.99,269.9992,84.3748,\N,\N,"2011-04-04 00:00:00.000000","2011-04-16 00:00:00.000000","2011-04-11 00:00:00.000000"
314,20110404,20110416,20110411,18188,1,6,9,"SO44338",1,1,1,3578.27,3578.27,0,0,2171.2942,2171.2942,3578.27,286.2616,89.4568,\N,\N,"2011-04-04 00:00:00.000000","2011-04-16 00:00:00.000000","2011-04-11 00:00:00.000000"
311,20110404,20110416,20110411,18189,1,6,9,"SO44339",1,1,1,3578.27,3578.27,0,0,2171.2942,2171.2942,3578.27,286.2616,89.4568,\N,\N,"2011-04-04 00:00:00.000000","2011-04-16 00:00:00.000000","2011-04-11 00:00:00.000000"
314,20110404,20110416,20110411,17354,1,6,9,"SO44340",1,1,1,3578.27,3578.27,0,0,2171.2942,2171.2942,3578.27,286.2616,89.4568,\N,\N,"2011-04-04 00:00:00.000000","2011-04-16 00:00:00.000000","2011-04-11 00:00:00.000000"
348,20110405,20110417,20110412,25905,1,100,4,"SO44341",1,1,1,3374.99,3374.99,0,0,1898.0944,1898.0944,3374.99,269.9992,84.3748,\N,\N,"2011-04-05 00:00:00.000000","2011-04-17 00:00:00.000000","2011-04-12 00:00:00.000000"
320,20110405,20110417,20110412,14610,1,100,1,"SO44342",1,1,1,699.0982,699.0982,0,0,413.1463,413.1463,699.0982,55.9279,17.4775,\N,\N,"2011-04-05 00:00:00.000000","2011-04-17 00:00:00.000000","2011-04-12 00:00:00.000000"
314,20110405,20110417,20110412,17920,1,6,9,"SO44343",1,1,1,3578.27,3578.27,0,0,2171.2942,2171.2942,3578.27,286.2616,89.4568,\N,\N,"2011-04-05 00:00:00.000000","2011-04-17 00:00:00.000000","2011-04-12 00:00:00.000000"
310,20110406,20110418,20110413,14427,1,98,10,"SO44344",1,1,1,3578.27,3578.27,0,0,2171.2942,2171.2942,3578.27,286.2616,89.4568,\N,\N,"2011-04-06 00:00:00.000000","2011-04-18 00:00:00.000000","2011-04-13 00:00:00.000000"
313,20110406,20110418,20110413,28200,1,100,4,"SO44345",1,1,1,3578.27,3578.27,0,0,2171.2942,2171.2942,3578.27,286.2616,89.4568,\N,\N,"2011-04-06 00:00:00.000000","2011-04-18 00:00:00.000000","2011-04-13 00:00:00.000000"
336,20110406,20110418,20110413,14602,1,100,4,"SO44346",1,1,1,699.0982,699.0982,0,0,413.1463,413.1463,699.0982,55.9279,17.4775,\N,\N,"2011-04-06 00:00:00.000000","2011-04-18 00:00:00.000000","2011-04-13 00:00:00.000000"
312,20110406,20110418,20110413,17911,1,6,9,"SO44347",1,1,1,3578.27,3578.27,0,0,2171.2942,2171.2942,3578.27,286.2616,89.4568,\N,\N,"2011-04-06 00:00:00.000000","2011-04-18 00:00:00.000000","2011-04-13 00:00:00.000000"
313,20110407,20110419,20110414,14159,1,98,10,"SO44348",1,1,1,3578.27,3578.27,0,0,2171.2942,2171.2942,3578.27,286.2616,89.4568,\N,\N,"2011-04-07 00:00:00.000000","2011-04-19 00:00:00.000000","2011-04-14 00:00:00.000000"
311,20110407,20110419,20110414,28243,1,100,4,"SO44349",1,1,1,3578.27,3578.27,0,0,2171.2942,2171.2942,3578.27,286.2616,89.4568,\N,\N,"2011-04-07 00:00:00.000000","2011-04-19 00:00:00.000000","2011-04-14 00:00:00.000000"
312,20110407,20110419,20110414,28244,1,100,4,"SO44350",1,1,1,3578.27,3578.27,0,0,2171.2942,2171.2942,3578.27,286.2616,89.4568,\N,\N,"2011-04-07 00:00:00.000000","2011-04-19 00:00:00.000000","2011-04-14 00:00:00.000000"
314,20110407,20110419,20110414,28271,1,100,4,"SO44351",1,1,1,3578.27,3578.27,0,0,2171.2942,2171.2942,3578.27,286.2616,89.4568,\N,\N,"2011-04-07 00:00:00.000000","2011-04-19 00:00:00.000000","2011-04-14 00:00:00.000000"
311,20110407,20110419,20110414,28297,1,100,1,"SO44352",1,1,1,3578.27,3578.27,0,0,2171.2942,2171.2942,3578.27,286.2616,89.4568,\N,\N,"2011-04-07 00:00:00.000000","2011-04-19 00:00:00.000000","2011-04-14 00:00:00.000000"
326,20110407,20110419,20110414,14591,1,100,4,"SO44353",1,1,1,699.0982,699.0982,0,0,413.1463,413.1463,699.0982,55.9279,17.4775,\N,\N,"2011-04-07 00:00:00.000000","2011-04-19 00:00:00.000000","2011-04-14 00:00:00.000000"
336,20110407,20110419,20110414,14603,1,100,4,"SO44354",1,1,1,699.0982,699.0982,0,0,413.1463,413.1463,699.0982,55.9279,17.4775,\N,\N,"2011-04-07 00:00:00.000000","2011-04-19 00:00:00.000000","2011-04-14 00:00:00.000000"
347,20110407,20110419,20110414,11093,1,6,9,"SO44355",1,1,1,3399.99,3399.99,0,0,1912.1544,1912.1544,3399.99,271.9992,84.9998,\N,\N,"2011-04-07 00:00:00.000000","2011-04-19 00:00:00.000000","2011-04-14 00:00:00.000000"
345,20110407,20110419,20110414,11099,1,6,9,"SO44356",1,1,1,3399.99,3399.99,0,0,1912.1544,1912.1544,3399.99,271.9992,84.9998,\N,\N,"2011-04-07 00:00:00.000000","2011-04-19 00:00:00.000000","2011-04-14 00:00:00.000000"
310,20110407,20110419,20110414,17511,1,6,9,"SO44357",1,1,1,3578.27,3578.27,0,0,2171.2942,2171.2942,3578.27,286.2616,89.4568,\N,\N,"2011-04-07 00:00:00.000000","2011-04-19 00:00:00.000000","2011-04-14 00:00:00.000000"
310,20110407,20110419,20110414,17732,1,6,9,"SO44358",1,1,1,3578.27,3578.27,0,0,2171.2942,2171.2942,3578.27,286.2616,89.4568,\N,\N,"2011-04-07 00:00:00.000000","2011-04-19 00:00:00.000000","2011-04-14 00:00:00.000000"
311,20110408,20110420,20110415,14525,1,98,10,"SO44359",1,1,1,3578.27,3578.27,0,0,2171.2942,2171.2942,3578.27,286.2616,89.4568,\N,\N,"2011-04-08 00:00:00.000000","2011-04-20 00:00:00.000000","2011-04-15 00:00:00.000000"
311,20110408,20110420,20110415,14158,1,98,10,"SO44360",1,1,1,3578.27,3578.27,0,0,2171.2942,2171.2942,3578.27,286.2616,89.4568,\N,\N,"2011-04-08 00:00:00.000000","2011-04-20 00:00:00.000000","2011-04-15 00:00:00.000000"
310,20110408,20110420,20110415,13686,1,29,8,"SO44361",1,1,1,3578.27,3578.27,0,0,2171.2942,2171.2942,3578.27,286.2616,89.4568,\N,\N,"2011-04-08 00:00:00.000000","2011-04-20 00:00:00.000000","2011-04-15 00:00:00.000000"
310,20110408,20110420,20110415,28259,1,100,4,"SO44362",1,1,1,3578.27,3578.27,0,0,2171.2942,2171.2942,3578.27,286.2616,89.4568,\N,\N,"2011-04-08 00:00:00.000000","2011-04-20 00:00:00.000000","2011-04-15 00:00:00.000000"
312,20110408,20110420,20110415,28285,1,100,1,"SO44363",1,1,1,3578.27,3578.27,0,0,2171.2942,2171.2942,3578.27,286.2616,89.4568,\N,\N,"2011-04-08 00:00:00.000000","2011-04-20 00:00:00.000000","2011-04-15 00:00:00.000000"
348,20110408,20110420,20110415,11092,1,6,9,"SO44364",1,1,1,3374.99,3374.99,0,0,1898.0944,1898.0944,3374.99,269.9992,84.3748,\N,\N,"2011-04-08 00:00:00.000000","2011-04-20 00:00:00.000000","2011-04-15 00:00:00.000000"
313,20110408,20110420,20110415,17912,1,6,9,"SO44365",1,1,1,3578.27,3578.27,0,0,2171.2942,2171.2942,3578.27,286.2616,89.4568,\N,\N,"2011-04-08 00:00:00.000000","2011-04-20 00:00:00.000000","2011-04-15 00:00:00.000000"
313,20110408,20110420,20110415,17502,1,6,9,"SO44366",1,1,1,3578.27,3578.27,0,0,2171.2942,2171.2942,3578.27,286.2616,89.4568,\N,\N,"2011-04-08 00:00:00.000000","2011-04-20 00:00:00.000000","2011-04-15 00:00:00.000000"
328,20110408,20110420,20110415,25562,1,6,9,"SO44367",1,1,1,699.0982,699.0982,0,0,413.1463,413.1463,699.0982,55.9279,17.4775,\N,\N,"2011-04-08 00:00:00.000000","2011-04-20 00:00:00.000000","2011-04-15 00:00:00.000000"
314,20110409,20110421,20110416,14150,1,98,10,"SO44368",1,1,1,3578.27,3578.27,0,0,2171.2942,2171.2942,3578.27,286.2616,89.4568,\N,\N,"2011-04-09 00:00:00.000000","2011-04-21 00:00:00.000000","2011-04-16 00:00:00.000000"
310,20110409,20110421,20110416,28250,1,100,4,"SO44369",1,1,1,3578.27,3578.27,0,0,2171.2942,2171.2942,3578.27,286.2616,89.4568,\N,\N,"2011-04-09 00:00:00.000000","2011-04-21 00:00:00.000000","2011-04-16 00:00:00.000000"
313,20110409,20110421,20110416,18193,1,6,9,"SO44370",1,1,1,3578.27,3578.27,0,0,2171.2942,2171.2942,3578.27,286.2616,89.4568,\N,\N,"2011-04-09 00:00:00.000000","2011-04-21 00:00:00.000000","2011-04-16 00:00:00.000000"
311,20110409,20110421,20110416,17514,1,6,9,"SO44371",1,1,1,3578.27,3578.27,0,0,2171.2942,2171.2942,3578.27,286.2616,89.4568,\N,\N,"2011-04-09 00:00:00.000000","2011-04-21 00:00:00.000000","2011-04-16 00:00:00.000000"
310,20110409,20110421,20110416,17736,1,6,9,"SO44372",1,1,1,3578.27,3578.27,0,0,2171.2942,2171.2942,3578.27,286.2616,89.4568,\N,\N,"2011-04-09 00:00:00.000000","2011-04-21 00:00:00.000000","2011-04-16 00:00:00.000000"
310,20110410,20110422,20110417,13767,1,29,8,"SO44373",1,1,1,3578.27,3578.27,0,0,2171.2942,2171.2942,3578.27,286.2616,89.4568,\N,\N,"2011-04-10 00:00:00.000000","2011-04-22 00:00:00.000000","2011-04-17 00:00:00.000000"
310,20110410,20110422,20110417,14157,1,98,10,"SO44374",1,1,1,3578.27,3578.27,0,0,2171.2942,2171.2942,3578.27,286.2616,89.4568,\N,\N,"2011-04-10 00:00:00.000000","2011-04-22 00:00:00.000000","2011-04-17 00:00:00.000000"
310,20110410,20110422,20110417,14183,1,98,10,"SO44375",1,1,1,3578.27,3578.27,0,0,2171.2942,2171.2942,3578.27,286.2616,89.4568,\N,\N,"2011-04-10 00:00:00.000000","2011-04-22 00:00:00.000000","2011-04-17 00:00:00.000000"
349,20110410,20110422,20110417,29399,1,29,8,"SO44376",1,1,1,3374.99,3374.99,0,0,1898.0944,1898.0944,3374.99,269.9992,84.3748,\N,\N,"2011-04-10 00:00:00.000000","2011-04-22 00:00:00.000000","2011-04-17 00:00:00.000000"
310,20110410,20110422,20110417,28234,1,100,4,"SO44377",1,1,1,3578.27,3578.27,0,0,2171.2942,2171.2942,3578.27,286.2616,89.4568,\N,\N,"2011-04-10 00:00:00.000000","2011-04-22 00:00:00.000000","2011-04-17 00:00:00.000000"
349,20110410,20110422,20110417,25903,1,100,1,"SO44378",1,1,1,3374.99,3374.99,0,0,1898.0944,1898.0944,3374.99,269.9992,84.3748,\N,\N,"2011-04-10 00:00:00.000000","2011-04-22 00:00:00.000000","2011-04-17 00:00:00.000000"
351,20110410,20110422,20110417,11080,1,6,9,"SO44379",1,1,1,3374.99,3374.99,0,0,1898.0944,1898.0944,3374.99,269.9992,84.3748,\N,\N,"2011-04-10 00:00:00.000000","2011-04-22 00:00:00.000000","2011-04-17 00:00:00.000000"
310,20110410,20110422,20110417,17915,1,6,9,"SO44380",1,1,1,3578.27,3578.27,0,0,2171.2942,2171.2942,3578.27,286.2616,89.4568,\N,\N,"2011-04-10 00:00:00.000000","2011-04-22 00:00:00.000000","2011-04-17 00:00:00.000000"
313,20110411,20110423,20110418,14191,1,98,10,"SO44381",1,1,1,3578.27,3578.27,0,0,2171.2942,2171.2942,3578.27,286.2616,89.4568,\N,\N,"2011-04-11 00:00:00.000000","2011-04-23 00:00:00.000000","2011-04-18 00:00:00.000000"
347,20110411,20110423,20110418,11341,1,98,10,"SO44382",1,1,1,3399.99,3399.99,0,0,1912.1544,1912.1544,3399.99,271.9992,84.9998,\N,\N,"2011-04-11 00:00:00.000000","2011-04-23 00:00:00.000000","2011-04-18 00:00:00.000000"
310,20110411,20110423,20110418,28268,1,100,4,"SO44383",1,1,1,3578.27,3578.27,0,0,2171.2942,2171.2942,3578.27,286.2616,89.4568,\N,\N,"2011-04-11 00:00:00.000000","2011-04-23 00:00:00.000000","2011-04-18 00:00:00.000000"
311,20110411,20110423,20110418,28296,1,100,4,"SO44384",1,1,1,3578.27,3578.27,0,0,2171.2942,2171.2942,3578.27,286.2616,89.4568,\N,\N,"2011-04-11 00:00:00.000000","2011-04-23 00:00:00.000000","2011-04-18 00:00:00.000000"
314,20110411,20110423,20110418,28298,1,100,4,"SO44385",1,1,1,3578.27,3578.27,0,0,2171.2942,2171.2942,3578.27,286.2616,89.4568,\N,\N,"2011-04-11 00:00:00.000000","2011-04-23 00:00:00.000000","2011-04-18 00:00:00.000000"
312,20110411,20110423,20110418,28587,1,100,4,"SO44386",1,1,1,3578.27,3578.27,0,0,2171.2942,2171.2942,3578.27,286.2616,89.4568,\N,\N,"2011-04-11 00:00:00.000000","2011-04-23 00:00:00.000000","2011-04-18 00:00:00.000000"
351,20110411,20110423,20110418,11096,1,6,9,"SO44387",1,1,1,3374.99,3374.99,0,0,1898.0944,1898.0944,3374.99,269.9992,84.3748,\N,\N,"2011-04-11 00:00:00.000000","2011-04-23 00:00:00.000000","2011-04-18 00:00:00.000000"
310,20110411,20110423,20110418,17924,1,6,9,"SO44388",1,1,1,3578.27,3578.27,0,0,2171.2942,2171.2942,3578.27,286.2616,89.4568,\N,\N,"2011-04-11 00:00:00.000000","2011-04-23 00:00:00.000000","2011-04-18 00:00:00.000000"
313,20110411,20110423,20110418,17925,1,6,9,"SO44389",1,1,1,3578.27,3578.27,0,0,2171.2942,2171.2942,3578.27,286.2616,89.4568,\N,\N,"2011-04-11 00:00:00.000000","2011-04-23 00:00:00.000000","2011-04-18 00:00:00.000000"
314,20110411,20110423,20110418,17353,1,6,9,"SO44390",1,1,1,3578.27,3578.27,0,0,2171.2942,2171.2942,3578.27,286.2616,89.4568,\N,\N,"2011-04-11 00:00:00.000000","2011-04-23 00:00:00.000000","2011-04-18 00:00:00.000000"
313,20110411,20110423,20110418,17730,1,6,9,"SO44391",1,1,1,3578.27,3578.27,0,0,2171.2942,2171.2942,3578.27,286.2616,89.4568,\N,\N,"2011-04-11 00:00:00.000000","2011-04-23 00:00:00.000000","2011-04-18 00:00:00.000000"
314,20110411,20110423,20110418,17910,1,6,9,"SO44392",1,1,1,3578.27,3578.27,0,0,2171.2942,2171.2942,3578.27,286.2616,89.4568,\N,\N,"2011-04-11 00:00:00.000000","2011-04-23 00:00:00.000000","2011-04-18 00:00:00.000000"
345,20110412,20110424,20110419,29398,1,29,8,"SO44393",1,1,1,3399.99,3399.99,0,0,1912.1544,1912.1544,3399.99,271.9992,84.9998,\N,\N,"2011-04-12 00:00:00.000000","2011-04-24 00:00:00.000000","2011-04-19 00:00:00.000000"
313,20110412,20110424,20110419,28246,1,100,1,"SO44394",1,1,1,3578.27,3578.27,0,0,2171.2942,2171.2942,3578.27,286.2616,89.4568,\N,\N,"2011-04-12 00:00:00.000000","2011-04-24 00:00:00.000000","2011-04-19 00:00:00.000000"
314,20110412,20110424,20110419,28339,1,100,1,"SO44395",1,1,1,3578.27,3578.27,0,0,2171.2942,2171.2942,3578.27,286.2616,89.4568,\N,\N,"2011-04-12 00:00:00.000000","2011-04-24 00:00:00.000000","2011-04-19 00:00:00.000000"
345,20110412,20110424,20110419,25901,1,100,4,"SO44396",1,1,1,3399.99,3399.99,0,0,1912.1544,1912.1544,3399.99,271.9992,84.9998,\N,\N,"2011-04-12 00:00:00.000000","2011-04-24 00:00:00.000000","2011-04-19 00:00:00.000000"
330,20110412,20110424,20110419,14596,1,100,4,"SO44397",1,1,1,699.0982,699.0982,0,0,413.1463,413.1463,699.0982,55.9279,17.4775,\N,\N,"2011-04-12 00:00:00.000000","2011-04-24 00:00:00.000000","2011-04-19 00:00:00.000000"
312,20110412,20110424,20110419,17733,1,6,9,"SO44398",1,1,1,3578.27,3578.27,0,0,2171.2942,2171.2942,3578.27,286.2616,89.4568,\N,\N,"2011-04-12 00:00:00.000000","2011-04-24 00:00:00.000000","2011-04-19 00:00:00.000000"
311,20110413,20110425,20110420,28240,1,100,1,"SO44399",1,1,1,3578.27,3578.27,0,0,2171.2942,2171.2942,3578.27,286.2616,89.4568,\N,\N,"2011-04-13 00:00:00.000000","2011-04-25 00:00:00.000000","2011-04-20 00:00:00.000000"
312,20110413,20110425,20110420,28588,1,100,4,"SO44400",1,1,1,3578.27,3578.27,0,0,2171.2942,2171.2942,3578.27,286.2616,89.4568,\N,\N,"2011-04-13 00:00:00.000000","2011-04-25 00:00:00.000000","2011-04-20 00:00:00.000000"
312,20110413,20110425,20110420,17515,1,6,9,"SO44401",1,1,1,3578.27,3578.27,0,0,2171.2942,2171.2942,3578.27,286.2616,89.4568,\N,\N,"2011-04-13 00:00:00.000000","2011-04-25 00:00:00.000000","2011-04-20 00:00:00.000000"
314,20110414,20110426,20110421,13666,1,29,8,"SO44402",1,1,1,3578.27,3578.27,0,0,2171.2942,2171.2942,3578.27,286.2616,89.4568,\N,\N,"2011-04-14 00:00:00.000000","2011-04-26 00:00:00.000000","2011-04-21 00:00:00.000000"
350,20110414,20110426,20110421,19844,1,19,6,"SO44403",1,1,1,3374.99,3374.99,0,0,1898.0944,1898.0944,3374.99,269.9992,84.3748,\N,\N,"2011-04-14 00:00:00.000000","2011-04-26 00:00:00.000000","2011-04-21 00:00:00.000000"
314,20110415,20110427,20110422,28221,1,100,4,"SO44404",1,1,1,3578.27,3578.27,0,0,2171.2942,2171.2942,3578.27,286.2616,89.4568,\N,\N,"2011-04-15 00:00:00.000000","2011-04-27 00:00:00.000000","2011-04-22 00:00:00.000000"
310,20110415,20110427,20110422,28224,1,100,4,"SO44405",1,1,1,3578.27,3578.27,0,0,2171.2942,2171.2942,3578.27,286.2616,89.4568,\N,\N,"2011-04-15 00:00:00.000000","2011-04-27 00:00:00.000000","2011-04-22 00:00:00.000000"
313,20110415,20110427,20110422,28299,1,100,4,"SO44406",1,1,1,3578.27,3578.27,0,0,2171.2942,2171.2942,3578.27,286.2616,89.4568,\N,\N,"2011-04-15 00:00:00.000000","2011-04-27 00:00:00.000000","2011-04-22 00:00:00.000000"
351,20110415,20110427,20110422,11077,1,6,9,"SO44407",1,1,1,3374.99,3374.99,0,0,1898.0944,1898.0944,3374.99,269.9992,84.3748,\N,\N,"2011-04-15 00:00:00.000000","2011-04-27 00:00:00.000000","2011-04-22 00:00:00.000000"
351,20110415,20110427,20110422,11103,1,6,9,"SO44408",1,1,1,3374.99,3374.99,0,0,1898.0944,1898.0944,3374.99,269.9992,84.3748,\N,\N,"2011-04-15 00:00:00.000000","2011-04-27 00:00:00.000000","2011-04-22 00:00:00.000000"
320,20110415,20110427,20110422,25563,1,6,9,"SO44409",1,1,1,699.0982,699.0982,0,0,413.1463,413.1463,699.0982,55.9279,17.4775,\N,\N,"2011-04-15 00:00:00.000000","2011-04-27 00:00:00.000000","2011-04-22 00:00:00.000000"
310,20110416,20110428,20110423,28223,1,100,4,"SO44410",1,1,1,3578.27,3578.27,0,0,2171.2942,2171.2942,3578.27,286.2616,89.4568,\N,\N,"2011-04-16 00:00:00.000000","2011-04-28 00:00:00.000000","2011-04-23 00:00:00.000000"
312,20110416,20110428,20110423,28584,1,100,4,"SO44411",1,1,1,3578.27,3578.27,0,0,2171.2942,2171.2942,3578.27,286.2616,89.4568,\N,\N,"2011-04-16 00:00:00.000000","2011-04-28 00:00:00.000000","2011-04-23 00:00:00.000000"
349,20110416,20110428,20110423,11100,1,6,9,"SO44412",1,1,1,3374.99,3374.99,0,0,1898.0944,1898.0944,3374.99,269.9992,84.3748,\N,\N,"2011-04-16 00:00:00.000000","2011-04-28 00:00:00.000000","2011-04-23 00:00:00.000000"
310,20110417,20110429,20110424,13606,1,29,8,"SO44413",1,1,1,3578.27,3578.27,0,0,2171.2942,2171.2942,3578.27,286.2616,89.4568,\N,\N,"2011-04-17 00:00:00.000000","2011-04-29 00:00:00.000000","2011-04-24 00:00:00.000000"
311,20110417,20110429,20110424,28340,1,100,4,"SO44414",1,1,1,3578.27,3578.27,0,0,2171.2942,2171.2942,3578.27,286.2616,89.4568,\N,\N,"2011-04-17 00:00:00.000000","2011-04-29 00:00:00.000000","2011-04-24 00:00:00.000000"
312,20110417,20110429,20110424,28355,1,100,4,"SO44415",1,1,1,3578.27,3578.27,0,0,2171.2942,2171.2942,3578.27,286.2616,89.4568,\N,\N,"2011-04-17 00:00:00.000000","2011-04-29 00:00:00.000000","2011-04-24 00:00:00.000000"
345,20110417,20110429,20110424,11069,1,6,9,"SO44416",1,1,1,3399.99,3399.99,0,0,1912.1544,1912.1544,3399.99,271.9992,84.9998,\N,\N,"2011-04-17 00:00:00.000000","2011-04-29 00:00:00.000000","2011-04-24 00:00:00.000000"
311,20110417,20110429,20110424,17917,1,6,9,"SO44417",1,1,1,3578.27,3578.27,0,0,2171.2942,2171.2942,3578.27,286.2616,89.4568,\N,\N,"2011-04-17 00:00:00.000000","2011-04-29 00:00:00.000000","2011-04-24 00:00:00.000000"
311,20110417,20110429,20110424,17919,1,6,9,"SO44418",1,1,1,3578.27,3578.27,0,0,2171.2942,2171.2942,3578.27,286.2616,89.4568,\N,\N,"2011-04-17 00:00:00.000000","2011-04-29 00:00:00.000000","2011-04-24 00:00:00.000000"
310,20110417,20110429,20110424,17352,1,6,9,"SO44419",1,1,1,3578.27,3578.27,0,0,2171.2942,2171.2942,3578.27,286.2616,89.4568,\N,\N,"2011-04-17 00:00:00.000000","2011-04-29 00:00:00.000000","2011-04-24 00:00:00.000000"
311,20110417,20110429,20110424,17512,1,6,9,"SO44420",1,1,1,3578.27,3578.27,0,0,2171.2942,2171.2942,3578.27,286.2616,89.4568,\N,\N,"2011-04-17 00:00:00.000000","2011-04-29 00:00:00.000000","2011-04-24 00:00:00.000000"
313,20110418,20110430,20110425,13607,1,29,8,"SO44421",1,1,1,3578.27,3578.27,0,0,2171.2942,2171.2942,3578.27,286.2616,89.4568,\N,\N,"2011-04-18 00:00:00.000000","2011-04-30 00:00:00.000000","2011-04-25 00:00:00.000000"
326,20110418,20110430,20110425,19353,1,29,8,"SO44422",1,1,1,699.0982,699.0982,0,0,413.1463,413.1463,699.0982,55.9279,17.4775,\N,\N,"2011-04-18 00:00:00.000000","2011-04-30 00:00:00.000000","2011-04-25 00:00:00.000000"
313,20110418,20110430,20110425,28586,1,100,4,"SO44423",1,1,1,3578.27,3578.27,0,0,2171.2942,2171.2942,3578.27,286.2616,89.4568,\N,\N,"2011-04-18 00:00:00.000000","2011-04-30 00:00:00.000000","2011-04-25 00:00:00.000000"
312,20110418,20110430,20110425,17916,1,6,9,"SO44424",1,1,1,3578.27,3578.27,0,0,2171.2942,2171.2942,3578.27,286.2616,89.4568,\N,\N,"2011-04-18 00:00:00.000000","2011-04-30 00:00:00.000000","2011-04-25 00:00:00.000000"
311,20110418,20110430,20110425,17504,1,6,9,"SO44425",1,1,1,3578.27,3578.27,0,0,2171.2942,2171.2942,3578.27,286.2616,89.4568,\N,\N,"2011-04-18 00:00:00.000000","2011-04-30 00:00:00.000000","2011-04-25 00:00:00.000000"
314,20110419,20110501,20110426,13770,1,29,8,"SO44426",1,1,1,3578.27,3578.27,0,0,2171.2942,2171.2942,3578.27,286.2616,89.4568,\N,\N,"2011-04-19 00:00:00.000000","2011-05-01 00:00:00.000000","2011-04-26 00:00:00.000000"
314,20110419,20110501,20110426,14146,1,98,10,"SO44427",1,1,1,3578.27,3578.27,0,0,2171.2942,2171.2942,3578.27,286.2616,89.4568,\N,\N,"2011-04-19 00:00:00.000000","2011-05-01 00:00:00.000000","2011-04-26 00:00:00.000000"
313,20110419,20110501,20110426,28362,1,100,4,"SO44428",1,1,1,3578.27,3578.27,0,0,2171.2942,2171.2942,3578.27,286.2616,89.4568,\N,\N,"2011-04-19 00:00:00.000000","2011-05-01 00:00:00.000000","2011-04-26 00:00:00.000000"
314,20110419,20110501,20110426,28583,1,100,1,"SO44429",1,1,1,3578.27,3578.27,0,0,2171.2942,2171.2942,3578.27,286.2616,89.4568,\N,\N,"2011-04-19 00:00:00.000000","2011-05-01 00:00:00.000000","2011-04-26 00:00:00.000000"
313,20110419,20110501,20110426,17927,1,6,9,"SO44430",1,1,1,3578.27,3578.27,0,0,2171.2942,2171.2942,3578.27,286.2616,89.4568,\N,\N,"2011-04-19 00:00:00.000000","2011-05-01 00:00:00.000000","2011-04-26 00:00:00.000000"
312,20110419,20110501,20110426,17725,1,6,9,"SO44431",1,1,1,3578.27,3578.27,0,0,2171.2942,2171.2942,3578.27,286.2616,89.4568,\N,\N,"2011-04-19 00:00:00.000000","2011-05-01 00:00:00.000000","2011-04-26 00:00:00.000000"
314,20110420,20110502,20110427,14165,1,98,10,"SO44432",1,1,1,3578.27,3578.27,0,0,2171.2942,2171.2942,3578.27,286.2616,89.4568,\N,\N,"2011-04-20 00:00:00.000000","2011-05-02 00:00:00.000000","2011-04-27 00:00:00.000000"
312,20110420,20110502,20110427,28270,1,100,1,"SO44433",1,1,1,3578.27,3578.27,0,0,2171.2942,2171.2942,3578.27,286.2616,89.4568,\N,\N,"2011-04-20 00:00:00.000000","2011-05-02 00:00:00.000000","2011-04-27 00:00:00.000000"
310,20110420,20110502,20110427,28580,1,100,4,"SO44434",1,1,1,3578.27,3578.27,0,0,2171.2942,2171.2942,3578.27,286.2616,89.4568,\N,\N,"2011-04-20 00:00:00.000000","2011-05-02 00:00:00.000000","2011-04-27 00:00:00.000000"
312,20110421,20110503,20110428,28573,1,100,1,"SO44435",1,1,1,3578.27,3578.27,0,0,2171.2942,2171.2942,3578.27,286.2616,89.4568,\N,\N,"2011-04-21 00:00:00.000000","2011-05-03 00:00:00.000000","2011-04-28 00:00:00.000000"
322,20110421,20110503,20110428,26630,1,19,6,"SO44436",1,1,1,699.0982,699.0982,0,0,413.1463,413.1463,699.0982,55.9279,17.4775,\N,\N,"2011-04-21 00:00:00.000000","2011-05-03 00:00:00.000000","2011-04-28 00:00:00.000000"
344,20110421,20110503,20110428,11076,1,6,9,"SO44437",1,1,1,3399.99,3399.99,0,0,1912.1544,1912.1544,3399.99,271.9992,84.9998,\N,\N,"2011-04-21 00:00:00.000000","2011-05-03 00:00:00.000000","2011-04-28 00:00:00.000000"
312,20110421,20110503,20110428,17909,1,6,9,"SO44438",1,1,1,3578.27,3578.27,0,0,2171.2942,2171.2942,3578.27,286.2616,89.4568,\N,\N,"2011-04-21 00:00:00.000000","2011-05-03 00:00:00.000000","2011-04-28 00:00:00.000000"
310,20110422,20110504,20110429,14195,1,98,10,"SO44439",1,1,1,3578.27,3578.27,0,0,2171.2942,2171.2942,3578.27,286.2616,89.4568,\N,\N,"2011-04-22 00:00:00.000000","2011-05-04 00:00:00.000000","2011-04-29 00:00:00.000000"
312,20110422,20110504,20110429,12261,1,39,7,"SO44440",1,1,1,3578.27,3578.27,0,0,2171.2942,2171.2942,3578.27,286.2616,89.4568,\N,\N,"2011-04-22 00:00:00.000000","2011-05-04 00:00:00.000000","2011-04-29 00:00:00.000000"
312,20110422,20110504,20110429,22118,1,19,6,"SO44441",1,1,1,3578.27,3578.27,0,0,2171.2942,2171.2942,3578.27,286.2616,89.4568,\N,\N,"2011-04-22 00:00:00.000000","2011-05-04 00:00:00.000000","2011-04-29 00:00:00.000000"
334,20110422,20110504,20110429,14599,1,100,1,"SO44442",1,1,1,699.0982,699.0982,0,0,413.1463,413.1463,699.0982,55.9279,17.4775,\N,\N,"2011-04-22 00:00:00.000000","2011-05-04 00:00:00.000000","2011-04-29 00:00:00.000000"
310,20110422,20110504,20110429,17370,1,6,9,"SO44443",1,1,1,3578.27,3578.27,0,0,2171.2942,2171.2942,3578.27,286.2616,89.4568,\N,\N,"2011-04-22 00:00:00.000000","2011-05-04 00:00:00.000000","2011-04-29 00:00:00.000000"
311,20110424,20110506,20110501,13697,1,29,8,"SO44444",1,1,1,3578.27,3578.27,0,0,2171.2942,2171.2942,3578.27,286.2616,89.4568,\N,\N,"2011-04-24 00:00:00.000000","2011-05-06 00:00:00.000000","2011-05-01 00:00:00.000000"
314,20110425,20110507,20110502,17478,1,6,9,"SO44445",1,1,1,3578.27,3578.27,0,0,2171.2942,2171.2942,3578.27,286.2616,89.4568,\N,\N,"2011-04-25 00:00:00.000000","2011-05-07 00:00:00.000000","2011-05-02 00:00:00.000000"
313,20110425,20110507,20110502,17914,1,6,9,"SO44446",1,1,1,3578.27,3578.27,0,0,2171.2942,2171.2942,3578.27,286.2616,89.4568,\N,\N,"2011-04-25 00:00:00.000000","2011-05-07 00:00:00.000000","2011-05-02 00:00:00.000000"
312,20110426,20110508,20110503,12265,1,39,7,"SO44447",1,1,1,3578.27,3578.27,0,0,2171.2942,2171.2942,3578.27,286.2616,89.4568,\N,\N,"2011-04-26 00:00:00.000000","2011-05-08 00:00:00.000000","2011-05-03 00:00:00.000000"
311,20110426,20110508,20110503,28264,1,100,1,"SO44448",1,1,1,3578.27,3578.27,0,0,2171.2942,2171.2942,3578.27,286.2616,89.4568,\N,\N,"2011-04-26 00:00:00.000000","2011-05-08 00:00:00.000000","2011-05-03 00:00:00.000000"
312,20110426,20110508,20110503,28293,1,100,4,"SO44449",1,1,1,3578.27,3578.27,0,0,2171.2942,2171.2942,3578.27,286.2616,89.4568,\N,\N,"2011-04-26 00:00:00.000000","2011-05-08 00:00:00.000000","2011-05-03 00:00:00.000000"
310,20110426,20110508,20110503,28294,1,100,4,"SO44450",1,1,1,3578.27,3578.27,0,0,2171.2942,2171.2942,3578.27,286.2616,89.4568,\N,\N,"2011-04-26 00:00:00.000000","2011-05-08 00:00:00.000000","2011-05-03 00:00:00.000000"
313,20110426,20110508,20110503,28295,1,100,1,"SO44451",1,1,1,3578.27,3578.27,0,0,2171.2942,2171.2942,3578.27,286.2616,89.4568,\N,\N,"2011-04-26 00:00:00.000000","2011-05-08 00:00:00.000000","2011-05-03 00:00:00.000000"
332,20110426,20110508,20110503,20164,1,98,10,"SO44452",1,1,1,699.0982,699.0982,0,0,413.1463,413.1463,699.0982,55.9279,17.4775,\N,\N,"2011-04-26 00:00:00.000000","2011-05-08 00:00:00.000000","2011-05-03 00:00:00.000000"
310,20110426,20110508,20110503,17923,1,6,9,"SO44453",1,1,1,3578.27,3578.27,0,0,2171.2942,2171.2942,3578.27,286.2616,89.4568,\N,\N,"2011-04-26 00:00:00.000000","2011-05-08 00:00:00.000000","2011-05-03 00:00:00.000000"
310,20110426,20110508,20110503,17926,1,6,9,"SO44454",1,1,1,3578.27,3578.27,0,0,2171.2942,2171.2942,3578.27,286.2616,89.4568,\N,\N,"2011-04-26 00:00:00.000000","2011-05-08 00:00:00.000000","2011-05-03 00:00:00.000000"
312,20110426,20110508,20110503,17513,1,6,9,"SO44455",1,1,1,3578.27,3578.27,0,0,2171.2942,2171.2942,3578.27,286.2616,89.4568,\N,\N,"2011-04-26 00:00:00.000000","2011-05-08 00:00:00.000000","2011-05-03 00:00:00.000000"
320,20110426,20110508,20110503,25560,1,6,9,"SO44456",1,1,1,699.0982,699.0982,0,0,413.1463,413.1463,699.0982,55.9279,17.4775,\N,\N,"2011-04-26 00:00:00.000000","2011-05-08 00:00:00.000000","2011-05-03 00:00:00.000000"
311,20110427,20110509,20110504,28196,1,100,1,"SO44457",1,1,1,3578.27,3578.27,0,0,2171.2942,2171.2942,3578.27,286.2616,89.4568,\N,\N,"2011-04-27 00:00:00.000000","2011-05-09 00:00:00.000000","2011-05-04 00:00:00.000000"
314,20110427,20110509,20110504,28247,1,100,1,"SO44458",1,1,1,3578.27,3578.27,0,0,2171.2942,2171.2942,3578.27,286.2616,89.4568,\N,\N,"2011-04-27 00:00:00.000000","2011-05-09 00:00:00.000000","2011-05-04 00:00:00.000000"
314,20110427,20110509,20110504,28288,1,100,4,"SO44459",1,1,1,3578.27,3578.27,0,0,2171.2942,2171.2942,3578.27,286.2616,89.4568,\N,\N,"2011-04-27 00:00:00.000000","2011-05-09 00:00:00.000000","2011-05-04 00:00:00.000000"
334,20110427,20110509,20110504,20150,1,98,10,"SO44460",1,1,1,699.0982,699.0982,0,0,413.1463,413.1463,699.0982,55.9279,17.4775,\N,\N,"2011-04-27 00:00:00.000000","2011-05-09 00:00:00.000000","2011-05-04 00:00:00.000000"
313,20110427,20110509,20110504,17918,1,6,9,"SO44461",1,1,1,3578.27,3578.27,0,0,2171.2942,2171.2942,3578.27,286.2616,89.4568,\N,\N,"2011-04-27 00:00:00.000000","2011-05-09 00:00:00.000000","2011-05-04 00:00:00.000000"
311,20110428,20110510,20110505,14155,1,98,10,"SO44462",1,1,1,3578.27,3578.27,0,0,2171.2942,2171.2942,3578.27,286.2616,89.4568,\N,\N,"2011-04-28 00:00:00.000000","2011-05-10 00:00:00.000000","2011-05-05 00:00:00.000000"
332,20110428,20110510,20110505,19340,1,29,8,"SO44463",1,1,1,699.0982,699.0982,0,0,413.1463,413.1463,699.0982,55.9279,17.4775,\N,\N,"2011-04-28 00:00:00.000000","2011-05-10 00:00:00.000000","2011-05-05 00:00:00.000000"
314,20110428,20110510,20110505,22120,1,19,6,"SO44464",1,1,1,3578.27,3578.27,0,0,2171.2942,2171.2942,3578.27,286.2616,89.4568,\N,\N,"2011-04-28 00:00:00.000000","2011-05-10 00:00:00.000000","2011-05-05 00:00:00.000000"
320,20110428,20110510,20110505,14613,1,100,1,"SO44465",1,1,1,699.0982,699.0982,0,0,413.1463,413.1463,699.0982,55.9279,17.4775,\N,\N,"2011-04-28 00:00:00.000000","2011-05-10 00:00:00.000000","2011-05-05 00:00:00.000000"
334,20110428,20110510,20110505,26640,1,19,6,"SO44466",1,1,1,699.0982,699.0982,0,0,413.1463,413.1463,699.0982,55.9279,17.4775,\N,\N,"2011-04-28 00:00:00.000000","2011-05-10 00:00:00.000000","2011-05-05 00:00:00.000000"
346,20110428,20110510,20110505,11070,1,6,9,"SO44467",1,1,1,3399.99,3399.99,0,0,1912.1544,1912.1544,3399.99,271.9992,84.9998,\N,\N,"2011-04-28 00:00:00.000000","2011-05-10 00:00:00.000000","2011-05-05 00:00:00.000000"
351,20110428,20110510,20110505,11075,1,6,9,"SO44468",1,1,1,3374.99,3374.99,0,0,1898.0944,1898.0944,3374.99,269.9992,84.3748,\N,\N,"2011-04-28 00:00:00.000000","2011-05-10 00:00:00.000000","2011-05-05 00:00:00.000000"
314,20110428,20110510,20110505,17734,1,6,9,"SO44469",1,1,1,3578.27,3578.27,0,0,2171.2942,2171.2942,3578.27,286.2616,89.4568,\N,\N,"2011-04-28 00:00:00.000000","2011-05-10 00:00:00.000000","2011-05-05 00:00:00.000000"
313,20110428,20110510,20110505,17735,1,6,9,"SO44470",1,1,1,3578.27,3578.27,0,0,2171.2942,2171.2942,3578.27,286.2616,89.4568,\N,\N,"2011-04-28 00:00:00.000000","2011-05-10 00:00:00.000000","2011-05-05 00:00:00.000000"
322,20110428,20110510,20110505,25561,1,6,9,"SO44471",1,1,1,699.0982,699.0982,0,0,413.1463,413.1463,699.0982,55.9279,17.4775,\N,\N,"2011-04-28 00:00:00.000000","2011-05-10 00:00:00.000000","2011-05-05 00:00:00.000000"
312,20110429,20110511,20110506,13685,1,29,8,"SO44472",1,1,1,3578.27,3578.27,0,0,2171.2942,2171.2942,3578.27,286.2616,89.4568,\N,\N,"2011-04-29 00:00:00.000000","2011-05-11 00:00:00.000000","2011-05-06 00:00:00.000000"
312,20110429,20110511,20110506,28255,1,100,1,"SO44473",1,1,1,3578.27,3578.27,0,0,2171.2942,2171.2942,3578.27,286.2616,89.4568,\N,\N,"2011-04-29 00:00:00.000000","2011-05-11 00:00:00.000000","2011-05-06 00:00:00.000000"
330,20110429,20110511,20110506,14601,1,100,4,"SO44474",1,1,1,699.0982,699.0982,0,0,413.1463,413.1463,699.0982,55.9279,17.4775,\N,\N,"2011-04-29 00:00:00.000000","2011-05-11 00:00:00.000000","2011-05-06 00:00:00.000000"
345,20110429,20110511,20110506,11101,1,6,9,"SO44475",1,1,1,3399.99,3399.99,0,0,1912.1544,1912.1544,3399.99,271.9992,84.9998,\N,\N,"2011-04-29 00:00:00.000000","2011-05-11 00:00:00.000000","2011-05-06 00:00:00.000000"
314,20110429,20110511,20110506,17913,1,6,9,"SO44476",1,1,1,3578.27,3578.27,0,0,2171.2942,2171.2942,3578.27,286.2616,89.4568,\N,\N,"2011-04-29 00:00:00.000000","2011-05-11 00:00:00.000000","2011-05-06 00:00:00.000000"
310,20110429,20110511,20110506,17922,1,6,9,"SO44477",1,1,1,3578.27,3578.27,0,0,2171.2942,2171.2942,3578.27,286.2616,89.4568,\N,\N,"2011-04-29 00:00:00.000000","2011-05-11 00:00:00.000000","2011-05-06 00:00:00.000000"
314,20110429,20110511,20110506,17726,1,6,9,"SO44478",1,1,1,3578.27,3578.27,0,0,2171.2942,2171.2942,3578.27,286.2616,89.4568,\N,\N,"2011-04-29 00:00:00.000000","2011-05-11 00:00:00.000000","2011-05-06 00:00:00.000000"
350,20110430,20110512,20110507,29391,1,29,8,"SO44479",1,1,1,3374.99,3374.99,0,0,1898.0944,1898.0944,3374.99,269.9992,84.3748,\N,\N,"2011-04-30 00:00:00.000000","2011-05-12 00:00:00.000000","2011-05-07 00:00:00.000000"
350,20110430,20110512,20110507,25891,1,100,4,"SO44480",1,1,1,3374.99,3374.99,0,0,1898.0944,1898.0944,3374.99,269.9992,84.3748,\N,\N,"2011-04-30 00:00:00.000000","2011-05-12 00:00:00.000000","2011-05-07 00:00:00.000000"
347,20110501,20110513,20110508,29448,1,29,8,"SO44571",1,1,1,3399.99,3399.99,0,0,1912.1544,1912.1544,3399.99,271.9992,84.9998,\N,\N,"2011-05-01 00:00:00.000000","2011-05-13 00:00:00.000000","2011-05-08 00:00:00.000000"
314,20110501,20110513,20110508,28664,1,100,1,"SO44572",1,1,1,3578.27,3578.27,0,0,2171.2942,2171.2942,3578.27,286.2616,89.4568,\N,\N,"2011-05-01 00:00:00.000000","2011-05-13 00:00:00.000000","2011-05-08 00:00:00.000000"
347,20110501,20110513,20110508,25917,1,100,4,"SO44573",1,1,1,3399.99,3399.99,0,0,1912.1544,1912.1544,3399.99,271.9992,84.9998,\N,\N,"2011-05-01 00:00:00.000000","2011-05-13 00:00:00.000000","2011-05-08 00:00:00.000000"
349,20110501,20110513,20110508,11107,1,6,9,"SO44574",1,1,1,3374.99,3374.99,0,0,1898.0944,1898.0944,3374.99,269.9992,84.3748,\N,\N,"2011-05-01 00:00:00.000000","2011-05-13 00:00:00.000000","2011-05-08 00:00:00.000000"
344,20110501,20110513,20110508,11110,1,6,9,"SO44575",1,1,1,3399.99,3399.99,0,0,1912.1544,1912.1544,3399.99,271.9992,84.9998,\N,\N,"2011-05-01 00:00:00.000000","2011-05-13 00:00:00.000000","2011-05-08 00:00:00.000000"
313,20110501,20110513,20110508,28660,1,100,1,"SO44576",1,1,1,3578.27,3578.27,0,0,2171.2942,2171.2942,3578.27,286.2616,89.4568,\N,\N,"2011-05-01 00:00:00.000000","2011-05-13 00:00:00.000000","2011-05-08 00:00:00.000000"
314,20110502,20110514,20110509,28667,1,100,1,"SO44577",1,1,1,3578.27,3578.27,0,0,2171.2942,2171.2942,3578.27,286.2616,89.4568,\N,\N,"2011-05-02 00:00:00.000000","2011-05-14 00:00:00.000000","2011-05-09 00:00:00.000000"
314,20110502,20110514,20110509,28653,1,100,4,"SO44578",1,1,1,3578.27,3578.27,0,0,2171.2942,2171.2942,3578.27,286.2616,89.4568,\N,\N,"2011-05-02 00:00:00.000000","2011-05-14 00:00:00.000000","2011-05-09 00:00:00.000000"
312,20110502,20110514,20110509,28662,1,100,4,"SO44579",1,1,1,3578.27,3578.27,0,0,2171.2942,2171.2942,3578.27,286.2616,89.4568,\N,\N,"2011-05-02 00:00:00.000000","2011-05-14 00:00:00.000000","2011-05-09 00:00:00.000000"
314,20110503,20110515,20110510,13782,1,29,8,"SO44580",1,1,1,3578.27,3578.27,0,0,2171.2942,2171.2942,3578.27,286.2616,89.4568,\N,\N,"2011-05-03 00:00:00.000000","2011-05-15 00:00:00.000000","2011-05-10 00:00:00.000000"
348,20110503,20110515,20110510,11108,1,6,9,"SO44581",1,1,1,3374.99,3374.99,0,0,1898.0944,1898.0944,3374.99,269.9992,84.3748,\N,\N,"2011-05-03 00:00:00.000000","2011-05-15 00:00:00.000000","2011-05-10 00:00:00.000000"
346,20110503,20110515,20110510,11134,1,6,9,"SO44582",1,1,1,3399.99,3399.99,0,0,1912.1544,1912.1544,3399.99,271.9992,84.9998,\N,\N,"2011-05-03 00:00:00.000000","2011-05-15 00:00:00.000000","2011-05-10 00:00:00.000000"
310,20110503,20110515,20110510,18210,1,6,9,"SO44583",1,1,1,3578.27,3578.27,0,0,2171.2942,2171.2942,3578.27,286.2616,89.4568,\N,\N,"2011-05-03 00:00:00.000000","2011-05-15 00:00:00.000000","2011-05-10 00:00:00.000000"
313,20110504,20110516,20110511,28671,1,100,1,"SO44584",1,1,1,3578.27,3578.27,0,0,2171.2942,2171.2942,3578.27,286.2616,89.4568,\N,\N,"2011-05-04 00:00:00.000000","2011-05-16 00:00:00.000000","2011-05-11 00:00:00.000000"
312,20110504,20110516,20110511,28790,1,100,1,"SO44585",1,1,1,3578.27,3578.27,0,0,2171.2942,2171.2942,3578.27,286.2616,89.4568,\N,\N,"2011-05-04 00:00:00.000000","2011-05-16 00:00:00.000000","2011-05-11 00:00:00.000000"
314,20110504,20110516,20110511,28794,1,100,1,"SO44586",1,1,1,3578.27,3578.27,0,0,2171.2942,2171.2942,3578.27,286.2616,89.4568,\N,\N,"2011-05-04 00:00:00.000000","2011-05-16 00:00:00.000000","2011-05-11 00:00:00.000000"
311,20110504,20110516,20110511,28627,1,100,4,"SO44587",1,1,1,3578.27,3578.27,0,0,2171.2942,2171.2942,3578.27,286.2616,89.4568,\N,\N,"2011-05-04 00:00:00.000000","2011-05-16 00:00:00.000000","2011-05-11 00:00:00.000000"
342,20110504,20110516,20110511,26683,1,19,6,"SO44588",1,1,1,699.0982,699.0982,0,0,413.1463,413.1463,699.0982,55.9279,17.4775,\N,\N,"2011-05-04 00:00:00.000000","2011-05-16 00:00:00.000000","2011-05-11 00:00:00.000000"
346,20110504,20110516,20110511,11104,1,6,9,"SO44589",1,1,1,3399.99,3399.99,0,0,1912.1544,1912.1544,3399.99,271.9992,84.9998,\N,\N,"2011-05-04 00:00:00.000000","2011-05-16 00:00:00.000000","2011-05-11 00:00:00.000000"
310,20110505,20110517,20110512,13795,1,29,8,"SO44590",1,1,1,3578.27,3578.27,0,0,2171.2942,2171.2942,3578.27,286.2616,89.4568,\N,\N,"2011-05-05 00:00:00.000000","2011-05-17 00:00:00.000000","2011-05-12 00:00:00.000000"
330,20110505,20110517,20110512,17987,1,39,7,"SO44591",1,1,1,699.0982,699.0982,0,0,413.1463,413.1463,699.0982,55.9279,17.4775,\N,\N,"2011-05-05 00:00:00.000000","2011-05-17 00:00:00.000000","2011-05-12 00:00:00.000000"
314,20110505,20110517,20110512,28761,1,100,4,"SO44592",1,1,1,3578.27,3578.27,0,0,2171.2942,2171.2942,3578.27,286.2616,89.4568,\N,\N,"2011-05-05 00:00:00.000000","2011-05-17 00:00:00.000000","2011-05-12 00:00:00.000000"
313,20110505,20110517,20110512,28645,1,100,4,"SO44593",1,1,1,3578.27,3578.27,0,0,2171.2942,2171.2942,3578.27,286.2616,89.4568,\N,\N,"2011-05-05 00:00:00.000000","2011-05-17 00:00:00.000000","2011-05-12 00:00:00.000000"
310,20110505,20110517,20110512,18250,1,6,9,"SO44594",1,1,1,3578.27,3578.27,0,0,2171.2942,2171.2942,3578.27,286.2616,89.4568,\N,\N,"2011-05-05 00:00:00.000000","2011-05-17 00:00:00.000000","2011-05-12 00:00:00.000000"
345,20110505,20110517,20110512,11124,1,6,9,"SO44595",1,1,1,3399.99,3399.99,0,0,1912.1544,1912.1544,3399.99,271.9992,84.9998,\N,\N,"2011-05-05 00:00:00.000000","2011-05-17 00:00:00.000000","2011-05-12 00:00:00.000000"
313,20110505,20110517,20110512,18238,1,6,9,"SO44596",1,1,1,3578.27,3578.27,0,0,2171.2942,2171.2942,3578.27,286.2616,89.4568,\N,\N,"2011-05-05 00:00:00.000000","2011-05-17 00:00:00.000000","2011-05-12 00:00:00.000000"
310,20110506,20110518,20110513,12290,1,39,7,"SO44597",1,1,1,3578.27,3578.27,0,0,2171.2942,2171.2942,3578.27,286.2616,89.4568,\N,\N,"2011-05-06 00:00:00.000000","2011-05-18 00:00:00.000000","2011-05-13 00:00:00.000000"
348,20110506,20110518,20110513,29400,1,29,8,"SO44598",1,1,1,3374.99,3374.99,0,0,1898.0944,1898.0944,3374.99,269.9992,84.3748,\N,\N,"2011-05-06 00:00:00.000000","2011-05-18 00:00:00.000000","2011-05-13 00:00:00.000000"
310,20110506,20110518,20110513,28792,1,100,1,"SO44599",1,1,1,3578.27,3578.27,0,0,2171.2942,2171.2942,3578.27,286.2616,89.4568,\N,\N,"2011-05-06 00:00:00.000000","2011-05-18 00:00:00.000000","2011-05-13 00:00:00.000000"
314,20110506,20110518,20110513,18243,1,6,9,"SO44600",1,1,1,3578.27,3578.27,0,0,2171.2942,2171.2942,3578.27,286.2616,89.4568,\N,\N,"2011-05-06 00:00:00.000000","2011-05-18 00:00:00.000000","2011-05-13 00:00:00.000000"
345,20110506,20110518,20110513,11117,1,6,9,"SO44601",1,1,1,3399.99,3399.99,0,0,1912.1544,1912.1544,3399.99,271.9992,84.9998,\N,\N,"2011-05-06 00:00:00.000000","2011-05-18 00:00:00.000000","2011-05-13 00:00:00.000000"
314,20110507,20110519,20110514,14702,1,98,10,"SO44602",1,1,1,3578.27,3578.27,0,0,2171.2942,2171.2942,3578.27,286.2616,89.4568,\N,\N,"2011-05-07 00:00:00.000000","2011-05-19 00:00:00.000000","2011-05-14 00:00:00.000000"
342,20110507,20110519,20110514,20167,1,98,10,"SO44603",1,1,1,699.0982,699.0982,0,0,413.1463,413.1463,699.0982,55.9279,17.4775,\N,\N,"2011-05-07 00:00:00.000000","2011-05-19 00:00:00.000000","2011-05-14 00:00:00.000000"
322,20110507,20110519,20110514,19364,1,29,8,"SO44604",1,1,1,699.0982,699.0982,0,0,413.1463,413.1463,699.0982,55.9279,17.4775,\N,\N,"2011-05-07 00:00:00.000000","2011-05-19 00:00:00.000000","2011-05-14 00:00:00.000000"
314,20110507,20110519,20110514,28672,1,100,4,"SO44605",1,1,1,3578.27,3578.27,0,0,2171.2942,2171.2942,3578.27,286.2616,89.4568,\N,\N,"2011-05-07 00:00:00.000000","2011-05-19 00:00:00.000000","2011-05-14 00:00:00.000000"
313,20110507,20110519,20110514,28772,1,100,1,"SO44606",1,1,1,3578.27,3578.27,0,0,2171.2942,2171.2942,3578.27,286.2616,89.4568,\N,\N,"2011-05-07 00:00:00.000000","2011-05-19 00:00:00.000000","2011-05-14 00:00:00.000000"
310,20110507,20110519,20110514,28774,1,100,4,"SO44607",1,1,1,3578.27,3578.27,0,0,2171.2942,2171.2942,3578.27,286.2616,89.4568,\N,\N,"2011-05-07 00:00:00.000000","2011-05-19 00:00:00.000000","2011-05-14 00:00:00.000000"
313,20110507,20110519,20110514,18200,1,6,9,"SO44608",1,1,1,3578.27,3578.27,0,0,2171.2942,2171.2942,3578.27,286.2616,89.4568,\N,\N,"2011-05-07 00:00:00.000000","2011-05-19 00:00:00.000000","2011-05-14 00:00:00.000000"
311,20110507,20110519,20110514,18220,1,6,9,"SO44609",1,1,1,3578.27,3578.27,0,0,2171.2942,2171.2942,3578.27,286.2616,89.4568,\N,\N,"2011-05-07 00:00:00.000000","2011-05-19 00:00:00.000000","2011-05-14 00:00:00.000000"
313,20110507,20110519,20110514,18241,1,6,9,"SO44610",1,1,1,3578.27,3578.27,0,0,2171.2942,2171.2942,3578.27,286.2616,89.4568,\N,\N,"2011-05-07 00:00:00.000000","2011-05-19 00:00:00.000000","2011-05-14 00:00:00.000000"
314,20110508,20110520,20110515,13778,1,29,8,"SO44611",1,1,1,3578.27,3578.27,0,0,2171.2942,2171.2942,3578.27,286.2616,89.4568,\N,\N,"2011-05-08 00:00:00.000000","2011-05-20 00:00:00.000000","2011-05-15 00:00:00.000000"
311,20110508,20110520,20110515,28675,1,100,4,"SO44612",1,1,1,3578.27,3578.27,0,0,2171.2942,2171.2942,3578.27,286.2616,89.4568,\N,\N,"2011-05-08 00:00:00.000000","2011-05-20 00:00:00.000000","2011-05-15 00:00:00.000000"
313,20110508,20110520,20110515,28628,1,100,1,"SO44613",1,1,1,3578.27,3578.27,0,0,2171.2942,2171.2942,3578.27,286.2616,89.4568,\N,\N,"2011-05-08 00:00:00.000000","2011-05-20 00:00:00.000000","2011-05-15 00:00:00.000000"
312,20110508,20110520,20110515,28650,1,100,4,"SO44614",1,1,1,3578.27,3578.27,0,0,2171.2942,2171.2942,3578.27,286.2616,89.4568,\N,\N,"2011-05-08 00:00:00.000000","2011-05-20 00:00:00.000000","2011-05-15 00:00:00.000000"
314,20110508,20110520,20110515,28654,1,100,1,"SO44615",1,1,1,3578.27,3578.27,0,0,2171.2942,2171.2942,3578.27,286.2616,89.4568,\N,\N,"2011-05-08 00:00:00.000000","2011-05-20 00:00:00.000000","2011-05-15 00:00:00.000000"
314,20110508,20110520,20110515,28655,1,100,1,"SO44616",1,1,1,3578.27,3578.27,0,0,2171.2942,2171.2942,3578.27,286.2616,89.4568,\N,\N,"2011-05-08 00:00:00.000000","2011-05-20 00:00:00.000000","2011-05-15 00:00:00.000000"
313,20110508,20110520,20110515,28666,1,100,1,"SO44617",1,1,1,3578.27,3578.27,0,0,2171.2942,2171.2942,3578.27,286.2616,89.4568,\N,\N,"2011-05-08 00:00:00.000000","2011-05-20 00:00:00.000000","2011-05-15 00:00:00.000000"
314,20110508,20110520,20110515,18205,1,6,9,"SO44618",1,1,1,3578.27,3578.27,0,0,2171.2942,2171.2942,3578.27,286.2616,89.4568,\N,\N,"2011-05-08 00:00:00.000000","2011-05-20 00:00:00.000000","2011-05-15 00:00:00.000000"
312,20110509,20110521,20110516,13789,1,29,8,"SO44619",1,1,1,3578.27,3578.27,0,0,2171.2942,2171.2942,3578.27,286.2616,89.4568,\N,\N,"2011-05-09 00:00:00.000000","2011-05-21 00:00:00.000000","2011-05-16 00:00:00.000000"
312,20110509,20110521,20110516,18204,1,6,9,"SO44620",1,1,1,3578.27,3578.27,0,0,2171.2942,2171.2942,3578.27,286.2616,89.4568,\N,\N,"2011-05-09 00:00:00.000000","2011-05-21 00:00:00.000000","2011-05-16 00:00:00.000000"
313,20110509,20110521,20110516,18217,1,6,9,"SO44621",1,1,1,3578.27,3578.27,0,0,2171.2942,2171.2942,3578.27,286.2616,89.4568,\N,\N,"2011-05-09 00:00:00.000000","2011-05-21 00:00:00.000000","2011-05-16 00:00:00.000000"
311,20110509,20110521,20110516,13771,1,29,8,"SO44622",1,1,1,3578.27,3578.27,0,0,2171.2942,2171.2942,3578.27,286.2616,89.4568,\N,\N,"2011-05-09 00:00:00.000000","2011-05-21 00:00:00.000000","2011-05-16 00:00:00.000000"
312,20110510,20110522,20110517,12301,1,39,7,"SO44623",1,1,1,3578.27,3578.27,0,0,2171.2942,2171.2942,3578.27,286.2616,89.4568,\N,\N,"2011-05-10 00:00:00.000000","2011-05-22 00:00:00.000000","2011-05-17 00:00:00.000000"
342,20110510,20110522,20110517,19357,1,29,8,"SO44624",1,1,1,699.0982,699.0982,0,0,413.1463,413.1463,699.0982,55.9279,17.4775,\N,\N,"2011-05-10 00:00:00.000000","2011-05-22 00:00:00.000000","2011-05-17 00:00:00.000000"
314,20110510,20110522,20110517,28658,1,100,4,"SO44625",1,1,1,3578.27,3578.27,0,0,2171.2942,2171.2942,3578.27,286.2616,89.4568,\N,\N,"2011-05-10 00:00:00.000000","2011-05-22 00:00:00.000000","2011-05-17 00:00:00.000000"
313,20110510,20110522,20110517,18272,1,6,9,"SO44626",1,1,1,3578.27,3578.27,0,0,2171.2942,2171.2942,3578.27,286.2616,89.4568,\N,\N,"2011-05-10 00:00:00.000000","2011-05-22 00:00:00.000000","2011-05-17 00:00:00.000000"
349,20110510,20110522,20110517,11109,1,6,9,"SO44627",1,1,1,3374.99,3374.99,0,0,1898.0944,1898.0944,3374.99,269.9992,84.3748,\N,\N,"2011-05-10 00:00:00.000000","2011-05-22 00:00:00.000000","2011-05-17 00:00:00.000000"
348,20110510,20110522,20110517,11356,1,6,9,"SO44628",1,1,1,3374.99,3374.99,0,0,1898.0944,1898.0944,3374.99,269.9992,84.3748,\N,\N,"2011-05-10 00:00:00.000000","2011-05-22 00:00:00.000000","2011-05-17 00:00:00.000000"
311,20110510,20110522,20110517,18209,1,6,9,"SO44629",1,1,1,3578.27,3578.27,0,0,2171.2942,2171.2942,3578.27,286.2616,89.4568,\N,\N,"2011-05-10 00:00:00.000000","2011-05-22 00:00:00.000000","2011-05-17 00:00:00.000000"
312,20110511,20110523,20110518,28765,1,100,4,"SO44630",1,1,1,3578.27,3578.27,0,0,2171.2942,2171.2942,3578.27,286.2616,89.4568,\N,\N,"2011-05-11 00:00:00.000000","2011-05-23 00:00:00.000000","2011-05-18 00:00:00.000000"
310,20110511,20110523,20110518,28629,1,100,4,"SO44631",1,1,1,3578.27,3578.27,0,0,2171.2942,2171.2942,3578.27,286.2616,89.4568,\N,\N,"2011-05-11 00:00:00.000000","2011-05-23 00:00:00.000000","2011-05-18 00:00:00.000000"
314,20110511,20110523,20110518,18196,1,6,9,"SO44632",1,1,1,3578.27,3578.27,0,0,2171.2942,2171.2942,3578.27,286.2616,89.4568,\N,\N,"2011-05-11 00:00:00.000000","2011-05-23 00:00:00.000000","2011-05-18 00:00:00.000000"
310,20110511,20110523,20110518,18203,1,6,9,"SO44633",1,1,1,3578.27,3578.27,0,0,2171.2942,2171.2942,3578.27,286.2616,89.4568,\N,\N,"2011-05-11 00:00:00.000000","2011-05-23 00:00:00.000000","2011-05-18 00:00:00.000000"
311,20110511,20110523,20110518,18213,1,6,9,"SO44634",1,1,1,3578.27,3578.27,0,0,2171.2942,2171.2942,3578.27,286.2616,89.4568,\N,\N,"2011-05-11 00:00:00.000000","2011-05-23 00:00:00.000000","2011-05-18 00:00:00.000000"
310,20110511,20110523,20110518,18218,1,6,9,"SO44635",1,1,1,3578.27,3578.27,0,0,2171.2942,2171.2942,3578.27,286.2616,89.4568,\N,\N,"2011-05-11 00:00:00.000000","2011-05-23 00:00:00.000000","2011-05-18 00:00:00.000000"
314,20110512,20110524,20110519,14705,1,98,10,"SO44636",1,1,1,3578.27,3578.27,0,0,2171.2942,2171.2942,3578.27,286.2616,89.4568,\N,\N,"2011-05-12 00:00:00.000000","2011-05-24 00:00:00.000000","2011-05-19 00:00:00.000000"
311,20110512,20110524,20110519,28644,1,100,1,"SO44637",1,1,1,3578.27,3578.27,0,0,2171.2942,2171.2942,3578.27,286.2616,89.4568,\N,\N,"2011-05-12 00:00:00.000000","2011-05-24 00:00:00.000000","2011-05-19 00:00:00.000000"
310,20110512,20110524,20110519,28651,1,100,4,"SO44638",1,1,1,3578.27,3578.27,0,0,2171.2942,2171.2942,3578.27,286.2616,89.4568,\N,\N,"2011-05-12 00:00:00.000000","2011-05-24 00:00:00.000000","2011-05-19 00:00:00.000000"
330,20110512,20110524,20110519,14617,1,100,1,"SO44639",1,1,1,699.0982,699.0982,0,0,413.1463,413.1463,699.0982,55.9279,17.4775,\N,\N,"2011-05-12 00:00:00.000000","2011-05-24 00:00:00.000000","2011-05-19 00:00:00.000000"
313,20110512,20110524,20110519,18246,1,6,9,"SO44640",1,1,1,3578.27,3578.27,0,0,2171.2942,2171.2942,3578.27,286.2616,89.4568,\N,\N,"2011-05-12 00:00:00.000000","2011-05-24 00:00:00.000000","2011-05-19 00:00:00.000000"
313,20110512,20110524,20110519,18255,1,6,9,"SO44641",1,1,1,3578.27,3578.27,0,0,2171.2942,2171.2942,3578.27,286.2616,89.4568,\N,\N,"2011-05-12 00:00:00.000000","2011-05-24 00:00:00.000000","2011-05-19 00:00:00.000000"
330,20110512,20110524,20110519,25567,1,6,9,"SO44642",1,1,1,699.0982,699.0982,0,0,413.1463,413.1463,699.0982,55.9279,17.4775,\N,\N,"2011-05-12 00:00:00.000000","2011-05-24 00:00:00.000000","2011-05-19 00:00:00.000000"
314,20110513,20110525,20110520,12280,1,39,7,"SO44643",1,1,1,3578.27,3578.27,0,0,2171.2942,2171.2942,3578.27,286.2616,89.4568,\N,\N,"2011-05-13 00:00:00.000000","2011-05-25 00:00:00.000000","2011-05-20 00:00:00.000000"
311,20110513,20110525,20110520,12279,1,39,7,"SO44644",1,1,1,3578.27,3578.27,0,0,2171.2942,2171.2942,3578.27,286.2616,89.4568,\N,\N,"2011-05-13 00:00:00.000000","2011-05-25 00:00:00.000000","2011-05-20 00:00:00.000000"
344,20110513,20110525,20110520,11344,1,98,10,"SO44645",1,1,1,3399.99,3399.99,0,0,1912.1544,1912.1544,3399.99,271.9992,84.9998,\N,\N,"2011-05-13 00:00:00.000000","2011-05-25 00:00:00.000000","2011-05-20 00:00:00.000000"
344,20110513,20110525,20110520,29449,1,29,8,"SO44646",1,1,1,3399.99,3399.99,0,0,1912.1544,1912.1544,3399.99,271.9992,84.9998,\N,\N,"2011-05-13 00:00:00.000000","2011-05-25 00:00:00.000000","2011-05-20 00:00:00.000000"
312,20110513,20110525,20110520,28770,1,100,1,"SO44647",1,1,1,3578.27,3578.27,0,0,2171.2942,2171.2942,3578.27,286.2616,89.4568,\N,\N,"2011-05-13 00:00:00.000000","2011-05-25 00:00:00.000000","2011-05-20 00:00:00.000000"
344,20110513,20110525,20110520,25916,1,100,4,"SO44648",1,1,1,3399.99,3399.99,0,0,1912.1544,1912.1544,3399.99,271.9992,84.9998,\N,\N,"2011-05-13 00:00:00.000000","2011-05-25 00:00:00.000000","2011-05-20 00:00:00.000000"
344,20110513,20110525,20110520,25924,1,100,4,"SO44649",1,1,1,3399.99,3399.99,0,0,1912.1544,1912.1544,3399.99,271.9992,84.9998,\N,\N,"2011-05-13 00:00:00.000000","2011-05-25 00:00:00.000000","2011-05-20 00:00:00.000000"
351,20110513,20110525,20110520,11147,1,6,9,"SO44650",1,1,1,3374.99,3374.99,0,0,1898.0944,1898.0944,3374.99,269.9992,84.3748,\N,\N,"2011-05-13 00:00:00.000000","2011-05-25 00:00:00.000000","2011-05-20 00:00:00.000000"
313,20110514,20110526,20110521,14720,1,98,10,"SO44651",1,1,1,3578.27,3578.27,0,0,2171.2942,2171.2942,3578.27,286.2616,89.4568,\N,\N,"2011-05-14 00:00:00.000000","2011-05-26 00:00:00.000000","2011-05-21 00:00:00.000000"
350,20110514,20110526,20110521,28407,1,39,7,"SO44652",1,1,1,3374.99,3374.99,0,0,1898.0944,1898.0944,3374.99,269.9992,84.3748,\N,\N,"2011-05-14 00:00:00.000000","2011-05-26 00:00:00.000000","2011-05-21 00:00:00.000000"
326,20110514,20110526,20110521,20170,1,98,10,"SO44653",1,1,1,699.0982,699.0982,0,0,413.1463,413.1463,699.0982,55.9279,17.4775,\N,\N,"2011-05-14 00:00:00.000000","2011-05-26 00:00:00.000000","2011-05-21 00:00:00.000000"
313,20110514,20110526,20110521,28619,1,100,4,"SO44654",1,1,1,3578.27,3578.27,0,0,2171.2942,2171.2942,3578.27,286.2616,89.4568,\N,\N,"2011-05-14 00:00:00.000000","2011-05-26 00:00:00.000000","2011-05-21 00:00:00.000000"
346,20110514,20110526,20110521,11105,1,6,9,"SO44655",1,1,1,3399.99,3399.99,0,0,1912.1544,1912.1544,3399.99,271.9992,84.9998,\N,\N,"2011-05-14 00:00:00.000000","2011-05-26 00:00:00.000000","2011-05-21 00:00:00.000000"
311,20110514,20110526,20110521,18275,1,6,9,"SO44656",1,1,1,3578.27,3578.27,0,0,2171.2942,2171.2942,3578.27,286.2616,89.4568,\N,\N,"2011-05-14 00:00:00.000000","2011-05-26 00:00:00.000000","2011-05-21 00:00:00.000000"
350,20110514,20110526,20110521,11120,1,6,9,"SO44657",1,1,1,3374.99,3374.99,0,0,1898.0944,1898.0944,3374.99,269.9992,84.3748,\N,\N,"2011-05-14 00:00:00.000000","2011-05-26 00:00:00.000000","2011-05-21 00:00:00.000000"
312,20110514,20110526,20110521,18201,1,6,9,"SO44658",1,1,1,3578.27,3578.27,0,0,2171.2942,2171.2942,3578.27,286.2616,89.4568,\N,\N,"2011-05-14 00:00:00.000000","2011-05-26 00:00:00.000000","2011-05-21 00:00:00.000000"
313,20110514,20110526,20110521,18208,1,6,9,"SO44659",1,1,1,3578.27,3578.27,0,0,2171.2942,2171.2942,3578.27,286.2616,89.4568,\N,\N,"2011-05-14 00:00:00.000000","2011-05-26 00:00:00.000000","2011-05-21 00:00:00.000000"
310,20110515,20110527,20110522,28775,1,100,4,"SO44660",1,1,1,3578.27,3578.27,0,0,2171.2942,2171.2942,3578.27,286.2616,89.4568,\N,\N,"2011-05-15 00:00:00.000000","2011-05-27 00:00:00.000000","2011-05-22 00:00:00.000000"
336,20110515,20110527,20110522,14639,1,100,4,"SO44661",1,1,1,699.0982,699.0982,0,0,413.1463,413.1463,699.0982,55.9279,17.4775,\N,\N,"2011-05-15 00:00:00.000000","2011-05-27 00:00:00.000000","2011-05-22 00:00:00.000000"
349,20110515,20110527,20110522,11151,1,6,9,"SO44662",1,1,1,3374.99,3374.99,0,0,1898.0944,1898.0944,3374.99,269.9992,84.3748,\N,\N,"2011-05-15 00:00:00.000000","2011-05-27 00:00:00.000000","2011-05-22 00:00:00.000000"
313,20110515,20110527,20110522,18212,1,6,9,"SO44663",1,1,1,3578.27,3578.27,0,0,2171.2942,2171.2942,3578.27,286.2616,89.4568,\N,\N,"2011-05-15 00:00:00.000000","2011-05-27 00:00:00.000000","2011-05-22 00:00:00.000000"
311,20110515,20110527,20110522,18222,1,6,9,"SO44664",1,1,1,3578.27,3578.27,0,0,2171.2942,2171.2942,3578.27,286.2616,89.4568,\N,\N,"2011-05-15 00:00:00.000000","2011-05-27 00:00:00.000000","2011-05-22 00:00:00.000000"
334,20110515,20110527,20110522,25564,1,6,9,"SO44665",1,1,1,699.0982,699.0982,0,0,413.1463,413.1463,699.0982,55.9279,17.4775,\N,\N,"2011-05-15 00:00:00.000000","2011-05-27 00:00:00.000000","2011-05-22 00:00:00.000000"
313,20110516,20110528,20110523,28763,1,100,4,"SO44666",1,1,1,3578.27,3578.27,0,0,2171.2942,2171.2942,3578.27,286.2616,89.4568,\N,\N,"2011-05-16 00:00:00.000000","2011-05-28 00:00:00.000000","2011-05-23 00:00:00.000000"
310,20110516,20110528,20110523,28795,1,100,4,"SO44667",1,1,1,3578.27,3578.27,0,0,2171.2942,2171.2942,3578.27,286.2616,89.4568,\N,\N,"2011-05-16 00:00:00.000000","2011-05-28 00:00:00.000000","2011-05-23 00:00:00.000000"
313,20110516,20110528,20110523,28621,1,100,4,"SO44668",1,1,1,3578.27,3578.27,0,0,2171.2942,2171.2942,3578.27,286.2616,89.4568,\N,\N,"2011-05-16 00:00:00.000000","2011-05-28 00:00:00.000000","2011-05-23 00:00:00.000000"
350,20110516,20110528,20110523,25942,1,100,4,"SO44669",1,1,1,3374.99,3374.99,0,0,1898.0944,1898.0944,3374.99,269.9992,84.3748,\N,\N,"2011-05-16 00:00:00.000000","2011-05-28 00:00:00.000000","2011-05-23 00:00:00.000000"
313,20110516,20110528,20110523,18245,1,6,9,"SO44670",1,1,1,3578.27,3578.27,0,0,2171.2942,2171.2942,3578.27,286.2616,89.4568,\N,\N,"2011-05-16 00:00:00.000000","2011-05-28 00:00:00.000000","2011-05-23 00:00:00.000000"
311,20110516,20110528,20110523,18268,1,6,9,"SO44671",1,1,1,3578.27,3578.27,0,0,2171.2942,2171.2942,3578.27,286.2616,89.4568,\N,\N,"2011-05-16 00:00:00.000000","2011-05-28 00:00:00.000000","2011-05-23 00:00:00.000000"
310,20110516,20110528,20110523,18207,1,6,9,"SO44672",1,1,1,3578.27,3578.27,0,0,2171.2942,2171.2942,3578.27,286.2616,89.4568,\N,\N,"2011-05-16 00:00:00.000000","2011-05-28 00:00:00.000000","2011-05-23 00:00:00.000000"
314,20110517,20110529,20110524,13790,1,29,8,"SO44673",1,1,1,3578.27,3578.27,0,0,2171.2942,2171.2942,3578.27,286.2616,89.4568,\N,\N,"2011-05-17 00:00:00.000000","2011-05-29 00:00:00.000000","2011-05-24 00:00:00.000000"
314,20110517,20110529,20110524,28635,1,100,4,"SO44674",1,1,1,3578.27,3578.27,0,0,2171.2942,2171.2942,3578.27,286.2616,89.4568,\N,\N,"2011-05-17 00:00:00.000000","2011-05-29 00:00:00.000000","2011-05-24 00:00:00.000000"
336,20110517,20110529,20110524,25566,1,6,9,"SO44675",1,1,1,699.0982,699.0982,0,0,413.1463,413.1463,699.0982,55.9279,17.4775,\N,\N,"2011-05-17 00:00:00.000000","2011-05-29 00:00:00.000000","2011-05-24 00:00:00.000000"
312,20110517,20110529,20110524,18198,1,6,9,"SO44676",1,1,1,3578.27,3578.27,0,0,2171.2942,2171.2942,3578.27,286.2616,89.4568,\N,\N,"2011-05-17 00:00:00.000000","2011-05-29 00:00:00.000000","2011-05-24 00:00:00.000000"
310,20110518,20110530,20110525,22233,1,19,6,"SO44677",1,1,1,3578.27,3578.27,0,0,2171.2942,2171.2942,3578.27,286.2616,89.4568,\N,\N,"2011-05-18 00:00:00.000000","2011-05-30 00:00:00.000000","2011-05-25 00:00:00.000000"
310,20110518,20110530,20110525,22121,1,19,6,"SO44678",1,1,1,3578.27,3578.27,0,0,2171.2942,2171.2942,3578.27,286.2616,89.4568,\N,\N,"2011-05-18 00:00:00.000000","2011-05-30 00:00:00.000000","2011-05-25 00:00:00.000000"
346,20110518,20110530,20110525,11106,1,6,9,"SO44679",1,1,1,3399.99,3399.99,0,0,1912.1544,1912.1544,3399.99,271.9992,84.9998,\N,\N,"2011-05-18 00:00:00.000000","2011-05-30 00:00:00.000000","2011-05-25 00:00:00.000000"
312,20110519,20110531,20110526,12296,1,39,7,"SO44680",1,1,1,3578.27,3578.27,0,0,2171.2942,2171.2942,3578.27,286.2616,89.4568,\N,\N,"2011-05-19 00:00:00.000000","2011-05-31 00:00:00.000000","2011-05-26 00:00:00.000000"
342,20110519,20110531,20110526,17982,1,39,7,"SO44681",1,1,1,699.0982,699.0982,0,0,413.1463,413.1463,699.0982,55.9279,17.4775,\N,\N,"2011-05-19 00:00:00.000000","2011-05-31 00:00:00.000000","2011-05-26 00:00:00.000000"
310,20110519,20110531,20110526,28797,1,100,4,"SO44682",1,1,1,3578.27,3578.27,0,0,2171.2942,2171.2942,3578.27,286.2616,89.4568,\N,\N,"2011-05-19 00:00:00.000000","2011-05-31 00:00:00.000000","2011-05-26 00:00:00.000000"
312,20110519,20110531,20110526,28799,1,100,4,"SO44683",1,1,1,3578.27,3578.27,0,0,2171.2942,2171.2942,3578.27,286.2616,89.4568,\N,\N,"2011-05-19 00:00:00.000000","2011-05-31 00:00:00.000000","2011-05-26 00:00:00.000000"
310,20110519,20110531,20110526,28643,1,100,4,"SO44684",1,1,1,3578.27,3578.27,0,0,2171.2942,2171.2942,3578.27,286.2616,89.4568,\N,\N,"2011-05-19 00:00:00.000000","2011-05-31 00:00:00.000000","2011-05-26 00:00:00.000000"
310,20110519,20110531,20110526,18249,1,6,9,"SO44685",1,1,1,3578.27,3578.27,0,0,2171.2942,2171.2942,3578.27,286.2616,89.4568,\N,\N,"2011-05-19 00:00:00.000000","2011-05-31 00:00:00.000000","2011-05-26 00:00:00.000000"
313,20110520,20110601,20110527,14712,1,98,10,"SO44686",1,1,1,3578.27,3578.27,0,0,2171.2942,2171.2942,3578.27,286.2616,89.4568,\N,\N,"2011-05-20 00:00:00.000000","2011-06-01 00:00:00.000000","2011-05-27 00:00:00.000000"
342,20110520,20110601,20110527,20172,1,98,10,"SO44687",1,1,1,699.0982,699.0982,0,0,413.1463,413.1463,699.0982,55.9279,17.4775,\N,\N,"2011-05-20 00:00:00.000000","2011-06-01 00:00:00.000000","2011-05-27 00:00:00.000000"
310,20110520,20110601,20110527,18244,1,6,9,"SO44688",1,1,1,3578.27,3578.27,0,0,2171.2942,2171.2942,3578.27,286.2616,89.4568,\N,\N,"2011-05-20 00:00:00.000000","2011-06-01 00:00:00.000000","2011-05-27 00:00:00.000000"
310,20110520,20110601,20110527,18269,1,6,9,"SO44689",1,1,1,3578.27,3578.27,0,0,2171.2942,2171.2942,3578.27,286.2616,89.4568,\N,\N,"2011-05-20 00:00:00.000000","2011-06-01 00:00:00.000000","2011-05-27 00:00:00.000000"
344,20110520,20110601,20110527,11111,1,6,9,"SO44690",1,1,1,3399.99,3399.99,0,0,1912.1544,1912.1544,3399.99,271.9992,84.9998,\N,\N,"2011-05-20 00:00:00.000000","2011-06-01 00:00:00.000000","2011-05-27 00:00:00.000000"
346,20110521,20110602,20110528,28414,1,39,7,"SO44691",1,1,1,3399.99,3399.99,0,0,1912.1544,1912.1544,3399.99,271.9992,84.9998,\N,\N,"2011-05-21 00:00:00.000000","2011-06-02 00:00:00.000000","2011-05-28 00:00:00.000000"
311,20110521,20110602,20110528,28670,1,100,1,"SO44692",1,1,1,3578.27,3578.27,0,0,2171.2942,2171.2942,3578.27,286.2616,89.4568,\N,\N,"2011-05-21 00:00:00.000000","2011-06-02 00:00:00.000000","2011-05-28 00:00:00.000000"
311,20110521,20110602,20110528,28676,1,100,4,"SO44693",1,1,1,3578.27,3578.27,0,0,2171.2942,2171.2942,3578.27,286.2616,89.4568,\N,\N,"2011-05-21 00:00:00.000000","2011-06-02 00:00:00.000000","2011-05-28 00:00:00.000000"
311,20110521,20110602,20110528,22232,1,19,6,"SO44694",1,1,1,3578.27,3578.27,0,0,2171.2942,2171.2942,3578.27,286.2616,89.4568,\N,\N,"2011-05-21 00:00:00.000000","2011-06-02 00:00:00.000000","2011-05-28 00:00:00.000000"
346,20110521,20110602,20110528,19855,1,19,6,"SO44695",1,1,1,3399.99,3399.99,0,0,1912.1544,1912.1544,3399.99,271.9992,84.9998,\N,\N,"2011-05-21 00:00:00.000000","2011-06-02 00:00:00.000000","2011-05-28 00:00:00.000000"
313,20110521,20110602,20110528,18254,1,6,9,"SO44696",1,1,1,3578.27,3578.27,0,0,2171.2942,2171.2942,3578.27,286.2616,89.4568,\N,\N,"2011-05-21 00:00:00.000000","2011-06-02 00:00:00.000000","2011-05-28 00:00:00.000000"
310,20110522,20110603,20110529,18219,1,6,9,"SO44697",1,1,1,3578.27,3578.27,0,0,2171.2942,2171.2942,3578.27,286.2616,89.4568,\N,\N,"2011-05-22 00:00:00.000000","2011-06-03 00:00:00.000000","2011-05-29 00:00:00.000000"
326,20110522,20110603,20110529,25565,1,6,9,"SO44698",1,1,1,699.0982,699.0982,0,0,413.1463,413.1463,699.0982,55.9279,17.4775,\N,\N,"2011-05-22 00:00:00.000000","2011-06-03 00:00:00.000000","2011-05-29 00:00:00.000000"
313,20110523,20110604,20110530,22234,1,19,6,"SO44699",1,1,1,3578.27,3578.27,0,0,2171.2942,2171.2942,3578.27,286.2616,89.4568,\N,\N,"2011-05-23 00:00:00.000000","2011-06-04 00:00:00.000000","2011-05-30 00:00:00.000000"
314,20110523,20110604,20110530,28769,1,100,1,"SO44700",1,1,1,3578.27,3578.27,0,0,2171.2942,2171.2942,3578.27,286.2616,89.4568,\N,\N,"2011-05-23 00:00:00.000000","2011-06-04 00:00:00.000000","2011-05-30 00:00:00.000000"
336,20110523,20110604,20110530,14636,1,100,1,"SO44701",1,1,1,699.0982,699.0982,0,0,413.1463,413.1463,699.0982,55.9279,17.4775,\N,\N,"2011-05-23 00:00:00.000000","2011-06-04 00:00:00.000000","2011-05-30 00:00:00.000000"
314,20110523,20110604,20110530,18260,1,6,9,"SO44702",1,1,1,3578.27,3578.27,0,0,2171.2942,2171.2942,3578.27,286.2616,89.4568,\N,\N,"2011-05-23 00:00:00.000000","2011-06-04 00:00:00.000000","2011-05-30 00:00:00.000000"
311,20110524,20110605,20110531,12300,1,39,7,"SO44703",1,1,1,3578.27,3578.27,0,0,2171.2942,2171.2942,3578.27,286.2616,89.4568,\N,\N,"2011-05-24 00:00:00.000000","2011-06-05 00:00:00.000000","2011-05-31 00:00:00.000000"
350,20110524,20110605,20110531,29403,1,29,8,"SO44704",1,1,1,3374.99,3374.99,0,0,1898.0944,1898.0944,3374.99,269.9992,84.3748,\N,\N,"2011-05-24 00:00:00.000000","2011-06-05 00:00:00.000000","2011-05-31 00:00:00.000000"
311,20110524,20110605,20110531,28678,1,100,1,"SO44705",1,1,1,3578.27,3578.27,0,0,2171.2942,2171.2942,3578.27,286.2616,89.4568,\N,\N,"2011-05-24 00:00:00.000000","2011-06-05 00:00:00.000000","2011-05-31 00:00:00.000000"
311,20110524,20110605,20110531,28618,1,100,1,"SO44706",1,1,1,3578.27,3578.27,0,0,2171.2942,2171.2942,3578.27,286.2616,89.4568,\N,\N,"2011-05-24 00:00:00.000000","2011-06-05 00:00:00.000000","2011-05-31 00:00:00.000000"
311,20110524,20110605,20110531,28649,1,100,4,"SO44707",1,1,1,3578.27,3578.27,0,0,2171.2942,2171.2942,3578.27,286.2616,89.4568,\N,\N,"2011-05-24 00:00:00.000000","2011-06-05 00:00:00.000000","2011-05-31 00:00:00.000000"
350,20110524,20110605,20110531,25909,1,100,4,"SO44708",1,1,1,3374.99,3374.99,0,0,1898.0944,1898.0944,3374.99,269.9992,84.3748,\N,\N,"2011-05-24 00:00:00.000000","2011-06-05 00:00:00.000000","2011-05-31 00:00:00.000000"
311,20110524,20110605,20110531,18240,1,6,9,"SO44709",1,1,1,3578.27,3578.27,0,0,2171.2942,2171.2942,3578.27,286.2616,89.4568,\N,\N,"2011-05-24 00:00:00.000000","2011-06-05 00:00:00.000000","2011-05-31 00:00:00.000000"
313,20110525,20110606,20110601,28674,1,100,4,"SO44710",1,1,1,3578.27,3578.27,0,0,2171.2942,2171.2942,3578.27,286.2616,89.4568,\N,\N,"2011-05-25 00:00:00.000000","2011-06-06 00:00:00.000000","2011-06-01 00:00:00.000000"
310,20110525,20110606,20110601,18248,1,6,9,"SO44711",1,1,1,3578.27,3578.27,0,0,2171.2942,2171.2942,3578.27,286.2616,89.4568,\N,\N,"2011-05-25 00:00:00.000000","2011-06-06 00:00:00.000000","2011-06-01 00:00:00.000000"
348,20110525,20110606,20110601,11112,1,6,9,"SO44712",1,1,1,3374.99,3374.99,0,0,1898.0944,1898.0944,3374.99,269.9992,84.3748,\N,\N,"2011-05-25 00:00:00.000000","2011-06-06 00:00:00.000000","2011-06-01 00:00:00.000000"
313,20110526,20110607,20110602,22128,1,19,6,"SO44713",1,1,1,3578.27,3578.27,0,0,2171.2942,2171.2942,3578.27,286.2616,89.4568,\N,\N,"2011-05-26 00:00:00.000000","2011-06-07 00:00:00.000000","2011-06-02 00:00:00.000000"
313,20110526,20110607,20110602,28657,1,100,1,"SO44714",1,1,1,3578.27,3578.27,0,0,2171.2942,2171.2942,3578.27,286.2616,89.4568,\N,\N,"2011-05-26 00:00:00.000000","2011-06-07 00:00:00.000000","2011-06-02 00:00:00.000000"
314,20110526,20110607,20110602,22182,1,19,6,"SO44715",1,1,1,3578.27,3578.27,0,0,2171.2942,2171.2942,3578.27,286.2616,89.4568,\N,\N,"2011-05-26 00:00:00.000000","2011-06-07 00:00:00.000000","2011-06-02 00:00:00.000000"
314,20110526,20110607,20110602,22230,1,19,6,"SO44716",1,1,1,3578.27,3578.27,0,0,2171.2942,2171.2942,3578.27,286.2616,89.4568,\N,\N,"2011-05-26 00:00:00.000000","2011-06-07 00:00:00.000000","2011-06-02 00:00:00.000000"
336,20110526,20110607,20110602,14616,1,100,4,"SO44717",1,1,1,699.0982,699.0982,0,0,413.1463,413.1463,699.0982,55.9279,17.4775,\N,\N,"2011-05-26 00:00:00.000000","2011-06-07 00:00:00.000000","2011-06-02 00:00:00.000000"
314,20110526,20110607,20110602,18239,1,6,9,"SO44718",1,1,1,3578.27,3578.27,0,0,2171.2942,2171.2942,3578.27,286.2616,89.4568,\N,\N,"2011-05-26 00:00:00.000000","2011-06-07 00:00:00.000000","2011-06-02 00:00:00.000000"
313,20110527,20110608,20110603,14700,1,98,10,"SO44719",1,1,1,3578.27,3578.27,0,0,2171.2942,2171.2942,3578.27,286.2616,89.4568,\N,\N,"2011-05-27 00:00:00.000000","2011-06-08 00:00:00.000000","2011-06-03 00:00:00.000000"
311,20110527,20110608,20110603,28625,1,100,1,"SO44720",1,1,1,3578.27,3578.27,0,0,2171.2942,2171.2942,3578.27,286.2616,89.4568,\N,\N,"2011-05-27 00:00:00.000000","2011-06-08 00:00:00.000000","2011-06-03 00:00:00.000000"
342,20110527,20110608,20110603,26643,1,19,6,"SO44721",1,1,1,699.0982,699.0982,0,0,413.1463,413.1463,699.0982,55.9279,17.4775,\N,\N,"2011-05-27 00:00:00.000000","2011-06-08 00:00:00.000000","2011-06-03 00:00:00.000000"
310,20110528,20110609,20110604,13774,1,29,8,"SO44722",1,1,1,3578.27,3578.27,0,0,2171.2942,2171.2942,3578.27,286.2616,89.4568,\N,\N,"2011-05-28 00:00:00.000000","2011-06-09 00:00:00.000000","2011-06-04 00:00:00.000000"
345,20110528,20110609,20110604,29410,1,29,8,"SO44723",1,1,1,3399.99,3399.99,0,0,1912.1544,1912.1544,3399.99,271.9992,84.9998,\N,\N,"2011-05-28 00:00:00.000000","2011-06-09 00:00:00.000000","2011-06-04 00:00:00.000000"
314,20110528,20110609,20110604,28665,1,100,1,"SO44724",1,1,1,3578.27,3578.27,0,0,2171.2942,2171.2942,3578.27,286.2616,89.4568,\N,\N,"2011-05-28 00:00:00.000000","2011-06-09 00:00:00.000000","2011-06-04 00:00:00.000000"
345,20110528,20110609,20110604,25910,1,100,4,"SO44725",1,1,1,3399.99,3399.99,0,0,1912.1544,1912.1544,3399.99,271.9992,84.9998,\N,\N,"2011-05-28 00:00:00.000000","2011-06-09 00:00:00.000000","2011-06-04 00:00:00.000000"
332,20110528,20110609,20110604,14614,1,100,4,"SO44726",1,1,1,699.0982,699.0982,0,0,413.1463,413.1463,699.0982,55.9279,17.4775,\N,\N,"2011-05-28 00:00:00.000000","2011-06-09 00:00:00.000000","2011-06-04 00:00:00.000000"
313,20110528,20110609,20110604,18273,1,6,9,"SO44727",1,1,1,3578.27,3578.27,0,0,2171.2942,2171.2942,3578.27,286.2616,89.4568,\N,\N,"2011-05-28 00:00:00.000000","2011-06-09 00:00:00.000000","2011-06-04 00:00:00.000000"
344,20110528,20110609,20110604,11126,1,6,9,"SO44728",1,1,1,3399.99,3399.99,0,0,1912.1544,1912.1544,3399.99,271.9992,84.9998,\N,\N,"2011-05-28 00:00:00.000000","2011-06-09 00:00:00.000000","2011-06-04 00:00:00.000000"
310,20110529,20110610,20110605,12307,1,39,7,"SO44729",1,1,1,3578.27,3578.27,0,0,2171.2942,2171.2942,3578.27,286.2616,89.4568,\N,\N,"2011-05-29 00:00:00.000000","2011-06-10 00:00:00.000000","2011-06-05 00:00:00.000000"
311,20110529,20110610,20110605,14697,1,98,10,"SO44730",1,1,1,3578.27,3578.27,0,0,2171.2942,2171.2942,3578.27,286.2616,89.4568,\N,\N,"2011-05-29 00:00:00.000000","2011-06-10 00:00:00.000000","2011-06-05 00:00:00.000000"
312,20110529,20110610,20110605,28661,1,100,1,"SO44731",1,1,1,3578.27,3578.27,0,0,2171.2942,2171.2942,3578.27,286.2616,89.4568,\N,\N,"2011-05-29 00:00:00.000000","2011-06-10 00:00:00.000000","2011-06-05 00:00:00.000000"
312,20110529,20110610,20110605,18251,1,6,9,"SO44732",1,1,1,3578.27,3578.27,0,0,2171.2942,2171.2942,3578.27,286.2616,89.4568,\N,\N,"2011-05-29 00:00:00.000000","2011-06-10 00:00:00.000000","2011-06-05 00:00:00.000000"
313,20110529,20110610,20110605,18214,1,6,9,"SO44733",1,1,1,3578.27,3578.27,0,0,2171.2942,2171.2942,3578.27,286.2616,89.4568,\N,\N,"2011-05-29 00:00:00.000000","2011-06-10 00:00:00.000000","2011-06-05 00:00:00.000000"
313,20110530,20110611,20110606,12285,1,39,7,"SO44734",1,1,1,3578.27,3578.27,0,0,2171.2942,2171.2942,3578.27,286.2616,89.4568,\N,\N,"2011-05-30 00:00:00.000000","2011-06-11 00:00:00.000000","2011-06-06 00:00:00.000000"
311,20110530,20110611,20110606,28673,1,100,4,"SO44735",1,1,1,3578.27,3578.27,0,0,2171.2942,2171.2942,3578.27,286.2616,89.4568,\N,\N,"2011-05-30 00:00:00.000000","2011-06-11 00:00:00.000000","2011-06-06 00:00:00.000000"
328,20110530,20110611,20110606,14634,1,100,1,"SO44736",1,1,1,699.0982,699.0982,0,0,413.1463,413.1463,699.0982,55.9279,17.4775,\N,\N,"2011-05-30 00:00:00.000000","2011-06-11 00:00:00.000000","2011-06-06 00:00:00.000000"
314,20110530,20110611,20110606,18242,1,6,9,"SO44737",1,1,1,3578.27,3578.27,0,0,2171.2942,2171.2942,3578.27,286.2616,89.4568,\N,\N,"2011-05-30 00:00:00.000000","2011-06-11 00:00:00.000000","2011-06-06 00:00:00.000000"
313,20110530,20110611,20110606,18252,1,6,9,"SO44738",1,1,1,3578.27,3578.27,0,0,2171.2942,2171.2942,3578.27,286.2616,89.4568,\N,\N,"2011-05-30 00:00:00.000000","2011-06-11 00:00:00.000000","2011-06-06 00:00:00.000000"
312,20110530,20110611,20110606,18202,1,6,9,"SO44739",1,1,1,3578.27,3578.27,0,0,2171.2942,2171.2942,3578.27,286.2616,89.4568,\N,\N,"2011-05-30 00:00:00.000000","2011-06-11 00:00:00.000000","2011-06-06 00:00:00.000000"
310,20110531,20110612,20110607,12383,1,39,7,"SO44803",1,1,1,3578.27,3578.27,0,0,2171.2942,2171.2942,3578.27,286.2616,89.4568,\N,\N,"2011-05-31 00:00:00.000000","2011-06-12 00:00:00.000000","2011-06-07 00:00:00.000000"
310,20110531,20110612,20110607,28829,1,100,4,"SO44804",1,1,1,3578.27,3578.27,0,0,2171.2942,2171.2942,3578.27,286.2616,89.4568,\N,\N,"2011-05-31 00:00:00.000000","2011-06-12 00:00:00.000000","2011-06-07 00:00:00.000000"
314,20110531,20110612,20110607,29011,1,100,4,"SO44805",1,1,1,3578.27,3578.27,0,0,2171.2942,2171.2942,3578.27,286.2616,89.4568,\N,\N,"2011-05-31 00:00:00.000000","2011-06-12 00:00:00.000000","2011-06-07 00:00:00.000000"
311,20110531,20110612,20110607,18452,1,6,9,"SO44806",1,1,1,3578.27,3578.27,0,0,2171.2942,2171.2942,3578.27,286.2616,89.4568,\N,\N,"2011-05-31 00:00:00.000000","2011-06-12 00:00:00.000000","2011-06-07 00:00:00.000000"
350,20110531,20110612,20110607,11365,1,6,9,"SO44807",1,1,1,3374.99,3374.99,0,0,1898.0944,1898.0944,3374.99,269.9992,84.3748,\N,\N,"2011-05-31 00:00:00.000000","2011-06-12 00:00:00.000000","2011-06-07 00:00:00.000000"
311,20110601,20110613,20110608,13836,1,29,8,"SO44808",1,1,1,3578.27,3578.27,0,0,2171.2942,2171.2942,3578.27,286.2616,89.4568,\N,\N,"2011-06-01 00:00:00.000000","2011-06-13 00:00:00.000000","2011-06-08 00:00:00.000000"
342,20110601,20110613,20110608,20552,1,98,10,"SO44809",1,1,1,699.0982,699.0982,0,0,413.1463,413.1463,699.0982,55.9279,17.4775,\N,\N,"2011-06-01 00:00:00.000000","2011-06-13 00:00:00.000000","2011-06-08 00:00:00.000000"
311,20110601,20110613,20110608,29126,1,100,4,"SO44810",1,1,1,3578.27,3578.27,0,0,2171.2942,2171.2942,3578.27,286.2616,89.4568,\N,\N,"2011-06-01 00:00:00.000000","2011-06-13 00:00:00.000000","2011-06-08 00:00:00.000000"
311,20110601,20110613,20110608,22732,1,19,6,"SO44811",1,1,1,3578.27,3578.27,0,0,2171.2942,2171.2942,3578.27,286.2616,89.4568,\N,\N,"2011-06-01 00:00:00.000000","2011-06-13 00:00:00.000000","2011-06-08 00:00:00.000000"
314,20110601,20110613,20110608,28988,1,100,4,"SO44812",1,1,1,3578.27,3578.27,0,0,2171.2942,2171.2942,3578.27,286.2616,89.4568,\N,\N,"2011-06-01 00:00:00.000000","2011-06-13 00:00:00.000000","2011-06-08 00:00:00.000000"
312,20110601,20110613,20110608,18695,1,6,9,"SO44813",1,1,1,3578.27,3578.27,0,0,2171.2942,2171.2942,3578.27,286.2616,89.4568,\N,\N,"2011-06-01 00:00:00.000000","2011-06-13 00:00:00.000000","2011-06-08 00:00:00.000000"
313,20110601,20110613,20110608,18281,1,6,9,"SO44814",1,1,1,3578.27,3578.27,0,0,2171.2942,2171.2942,3578.27,286.2616,89.4568,\N,\N,"2011-06-01 00:00:00.000000","2011-06-13 00:00:00.000000","2011-06-08 00:00:00.000000"
351,20110601,20110613,20110608,11444,1,6,9,"SO44815",1,1,1,3374.99,3374.99,0,0,1898.0944,1898.0944,3374.99,269.9992,84.3748,\N,\N,"2011-06-01 00:00:00.000000","2011-06-13 00:00:00.000000","2011-06-08 00:00:00.000000"
312,20110602,20110614,20110609,12321,1,39,7,"SO44816",1,1,1,3578.27,3578.27,0,0,2171.2942,2171.2942,3578.27,286.2616,89.4568,\N,\N,"2011-06-02 00:00:00.000000","2011-06-14 00:00:00.000000","2011-06-09 00:00:00.000000"
312,20110602,20110614,20110609,14777,1,98,10,"SO44817",1,1,1,3578.27,3578.27,0,0,2171.2942,2171.2942,3578.27,286.2616,89.4568,\N,\N,"2011-06-02 00:00:00.000000","2011-06-14 00:00:00.000000","2011-06-09 00:00:00.000000"
313,20110602,20110614,20110609,28827,1,100,4,"SO44818",1,1,1,3578.27,3578.27,0,0,2171.2942,2171.2942,3578.27,286.2616,89.4568,\N,\N,"2011-06-02 00:00:00.000000","2011-06-14 00:00:00.000000","2011-06-09 00:00:00.000000"
313,20110602,20110614,20110609,28853,1,100,1,"SO44819",1,1,1,3578.27,3578.27,0,0,2171.2942,2171.2942,3578.27,286.2616,89.4568,\N,\N,"2011-06-02 00:00:00.000000","2011-06-14 00:00:00.000000","2011-06-09 00:00:00.000000"
350,20110602,20110614,20110609,25972,1,100,1,"SO44820",1,1,1,3374.99,3374.99,0,0,1898.0944,1898.0944,3374.99,269.9992,84.3748,\N,\N,"2011-06-02 00:00:00.000000","2011-06-14 00:00:00.000000","2011-06-09 00:00:00.000000"
345,20110602,20110614,20110609,25975,1,100,1,"SO44821",1,1,1,3399.99,3399.99,0,0,1912.1544,1912.1544,3399.99,271.9992,84.9998,\N,\N,"2011-06-02 00:00:00.000000","2011-06-14 00:00:00.000000","2011-06-09 00:00:00.000000"
311,20110602,20110614,20110609,18486,1,6,9,"SO44822",1,1,1,3578.27,3578.27,0,0,2171.2942,2171.2942,3578.27,286.2616,89.4568,\N,\N,"2011-06-02 00:00:00.000000","2011-06-14 00:00:00.000000","2011-06-09 00:00:00.000000"
313,20110602,20110614,20110609,18488,1,6,9,"SO44823",1,1,1,3578.27,3578.27,0,0,2171.2942,2171.2942,3578.27,286.2616,89.4568,\N,\N,"2011-06-02 00:00:00.000000","2011-06-14 00:00:00.000000","2011-06-09 00:00:00.000000"
312,20110602,20110614,20110609,18694,1,6,9,"SO44824",1,1,1,3578.27,3578.27,0,0,2171.2942,2171.2942,3578.27,286.2616,89.4568,\N,\N,"2011-06-02 00:00:00.000000","2011-06-14 00:00:00.000000","2011-06-09 00:00:00.000000"
312,20110602,20110614,20110609,18309,1,6,9,"SO44825",1,1,1,3578.27,3578.27,0,0,2171.2942,2171.2942,3578.27,286.2616,89.4568,\N,\N,"2011-06-02 00:00:00.000000","2011-06-14 00:00:00.000000","2011-06-09 00:00:00.000000"
314,20110603,20110615,20110610,12308,1,39,7,"SO44826",1,1,1,3578.27,3578.27,0,0,2171.2942,2171.2942,3578.27,286.2616,89.4568,\N,\N,"2011-06-03 00:00:00.000000","2011-06-15 00:00:00.000000","2011-06-10 00:00:00.000000"
344,20110603,20110615,20110610,25973,1,100,1,"SO44827",1,1,1,3399.99,3399.99,0,0,1912.1544,1912.1544,3399.99,271.9992,84.9998,\N,\N,"2011-06-03 00:00:00.000000","2011-06-15 00:00:00.000000","2011-06-10 00:00:00.000000"
312,20110603,20110615,20110610,28997,1,100,4,"SO44828",1,1,1,3578.27,3578.27,0,0,2171.2942,2171.2942,3578.27,286.2616,89.4568,\N,\N,"2011-06-03 00:00:00.000000","2011-06-15 00:00:00.000000","2011-06-10 00:00:00.000000"
334,20110603,20110615,20110610,14643,1,100,1,"SO44829",1,1,1,699.0982,699.0982,0,0,413.1463,413.1463,699.0982,55.9279,17.4775,\N,\N,"2011-06-03 00:00:00.000000","2011-06-15 00:00:00.000000","2011-06-10 00:00:00.000000"
314,20110603,20110615,20110610,18337,1,6,9,"SO44830",1,1,1,3578.27,3578.27,0,0,2171.2942,2171.2942,3578.27,286.2616,89.4568,\N,\N,"2011-06-03 00:00:00.000000","2011-06-15 00:00:00.000000","2011-06-10 00:00:00.000000"
350,20110604,20110616,20110611,29467,1,29,8,"SO44831",1,1,1,3374.99,3374.99,0,0,1898.0944,1898.0944,3374.99,269.9992,84.3748,\N,\N,"2011-06-04 00:00:00.000000","2011-06-16 00:00:00.000000","2011-06-11 00:00:00.000000"
311,20110604,20110616,20110611,28804,1,100,4,"SO44832",1,1,1,3578.27,3578.27,0,0,2171.2942,2171.2942,3578.27,286.2616,89.4568,\N,\N,"2011-06-04 00:00:00.000000","2011-06-16 00:00:00.000000","2011-06-11 00:00:00.000000"
310,20110604,20110616,20110611,28842,1,100,4,"SO44833",1,1,1,3578.27,3578.27,0,0,2171.2942,2171.2942,3578.27,286.2616,89.4568,\N,\N,"2011-06-04 00:00:00.000000","2011-06-16 00:00:00.000000","2011-06-11 00:00:00.000000"
350,20110604,20110616,20110611,25952,1,100,4,"SO44834",1,1,1,3374.99,3374.99,0,0,1898.0944,1898.0944,3374.99,269.9992,84.3748,\N,\N,"2011-06-04 00:00:00.000000","2011-06-16 00:00:00.000000","2011-06-11 00:00:00.000000"
311,20110604,20110616,20110611,18338,1,6,9,"SO44835",1,1,1,3578.27,3578.27,0,0,2171.2942,2171.2942,3578.27,286.2616,89.4568,\N,\N,"2011-06-04 00:00:00.000000","2011-06-16 00:00:00.000000","2011-06-11 00:00:00.000000"
314,20110604,20110616,20110611,18465,1,6,9,"SO44836",1,1,1,3578.27,3578.27,0,0,2171.2942,2171.2942,3578.27,286.2616,89.4568,\N,\N,"2011-06-04 00:00:00.000000","2011-06-16 00:00:00.000000","2011-06-11 00:00:00.000000"
312,20110605,20110617,20110612,13808,1,29,8,"SO44837",1,1,1,3578.27,3578.27,0,0,2171.2942,2171.2942,3578.27,286.2616,89.4568,\N,\N,"2011-06-05 00:00:00.000000","2011-06-17 00:00:00.000000","2011-06-12 00:00:00.000000"
311,20110605,20110617,20110612,14138,1,29,8,"SO44838",1,1,1,3578.27,3578.27,0,0,2171.2942,2171.2942,3578.27,286.2616,89.4568,\N,\N,"2011-06-05 00:00:00.000000","2011-06-17 00:00:00.000000","2011-06-12 00:00:00.000000"
314,20110605,20110617,20110612,28825,1,100,1,"SO44839",1,1,1,3578.27,3578.27,0,0,2171.2942,2171.2942,3578.27,286.2616,89.4568,\N,\N,"2011-06-05 00:00:00.000000","2011-06-17 00:00:00.000000","2011-06-12 00:00:00.000000"
314,20110605,20110617,20110612,28857,1,100,4,"SO44840",1,1,1,3578.27,3578.27,0,0,2171.2942,2171.2942,3578.27,286.2616,89.4568,\N,\N,"2011-06-05 00:00:00.000000","2011-06-17 00:00:00.000000","2011-06-12 00:00:00.000000"
314,20110605,20110617,20110612,18335,1,6,9,"SO44841",1,1,1,3578.27,3578.27,0,0,2171.2942,2171.2942,3578.27,286.2616,89.4568,\N,\N,"2011-06-05 00:00:00.000000","2011-06-17 00:00:00.000000","2011-06-12 00:00:00.000000"
310,20110606,20110618,20110613,14140,1,29,8,"SO44842",1,1,1,3578.27,3578.27,0,0,2171.2942,2171.2942,3578.27,286.2616,89.4568,\N,\N,"2011-06-06 00:00:00.000000","2011-06-18 00:00:00.000000","2011-06-13 00:00:00.000000"
312,20110606,20110618,20110613,29058,1,100,4,"SO44843",1,1,1,3578.27,3578.27,0,0,2171.2942,2171.2942,3578.27,286.2616,89.4568,\N,\N,"2011-06-06 00:00:00.000000","2011-06-18 00:00:00.000000","2011-06-13 00:00:00.000000"
314,20110606,20110618,20110613,29139,1,100,4,"SO44844",1,1,1,3578.27,3578.27,0,0,2171.2942,2171.2942,3578.27,286.2616,89.4568,\N,\N,"2011-06-06 00:00:00.000000","2011-06-18 00:00:00.000000","2011-06-13 00:00:00.000000"
313,20110606,20110618,20110613,28845,1,100,1,"SO44845",1,1,1,3578.27,3578.27,0,0,2171.2942,2171.2942,3578.27,286.2616,89.4568,\N,\N,"2011-06-06 00:00:00.000000","2011-06-18 00:00:00.000000","2011-06-13 00:00:00.000000"
314,20110606,20110618,20110613,18334,1,6,9,"SO44846",1,1,1,3578.27,3578.27,0,0,2171.2942,2171.2942,3578.27,286.2616,89.4568,\N,\N,"2011-06-06 00:00:00.000000","2011-06-18 00:00:00.000000","2011-06-13 00:00:00.000000"
346,20110606,20110618,20110613,11445,1,6,9,"SO44847",1,1,1,3399.99,3399.99,0,0,1912.1544,1912.1544,3399.99,271.9992,84.9998,\N,\N,"2011-06-06 00:00:00.000000","2011-06-18 00:00:00.000000","2011-06-13 00:00:00.000000"
348,20110607,20110619,20110614,28418,1,39,7,"SO44848",1,1,1,3374.99,3374.99,0,0,1898.0944,1898.0944,3374.99,269.9992,84.3748,\N,\N,"2011-06-07 00:00:00.000000","2011-06-19 00:00:00.000000","2011-06-14 00:00:00.000000"
322,20110607,20110619,20110614,17996,1,39,7,"SO44849",1,1,1,699.0982,699.0982,0,0,413.1463,413.1463,699.0982,55.9279,17.4775,\N,\N,"2011-06-07 00:00:00.000000","2011-06-19 00:00:00.000000","2011-06-14 00:00:00.000000"
336,20110607,20110619,20110614,19417,1,29,8,"SO44850",1,1,1,699.0982,699.0982,0,0,413.1463,413.1463,699.0982,55.9279,17.4775,\N,\N,"2011-06-07 00:00:00.000000","2011-06-19 00:00:00.000000","2011-06-14 00:00:00.000000"
310,20110607,20110619,20110614,22299,1,19,6,"SO44851",1,1,1,3578.27,3578.27,0,0,2171.2942,2171.2942,3578.27,286.2616,89.4568,\N,\N,"2011-06-07 00:00:00.000000","2011-06-19 00:00:00.000000","2011-06-14 00:00:00.000000"
311,20110607,20110619,20110614,29128,1,100,4,"SO44852",1,1,1,3578.27,3578.27,0,0,2171.2942,2171.2942,3578.27,286.2616,89.4568,\N,\N,"2011-06-07 00:00:00.000000","2011-06-19 00:00:00.000000","2011-06-14 00:00:00.000000"
348,20110607,20110619,20110614,19874,1,19,6,"SO44853",1,1,1,3374.99,3374.99,0,0,1898.0944,1898.0944,3374.99,269.9992,84.3748,\N,\N,"2011-06-07 00:00:00.000000","2011-06-19 00:00:00.000000","2011-06-14 00:00:00.000000"
311,20110607,20110619,20110614,29004,1,100,4,"SO44854",1,1,1,3578.27,3578.27,0,0,2171.2942,2171.2942,3578.27,286.2616,89.4568,\N,\N,"2011-06-07 00:00:00.000000","2011-06-19 00:00:00.000000","2011-06-14 00:00:00.000000"
320,20110607,20110619,20110614,26692,1,19,6,"SO44855",1,1,1,699.0982,699.0982,0,0,413.1463,413.1463,699.0982,55.9279,17.4775,\N,\N,"2011-06-07 00:00:00.000000","2011-06-19 00:00:00.000000","2011-06-14 00:00:00.000000"
328,20110607,20110619,20110614,14651,1,100,1,"SO44856",1,1,1,699.0982,699.0982,0,0,413.1463,413.1463,699.0982,55.9279,17.4775,\N,\N,"2011-06-07 00:00:00.000000","2011-06-19 00:00:00.000000","2011-06-14 00:00:00.000000"
310,20110607,20110619,20110614,18484,1,6,9,"SO44857",1,1,1,3578.27,3578.27,0,0,2171.2942,2171.2942,3578.27,286.2616,89.4568,\N,\N,"2011-06-07 00:00:00.000000","2011-06-19 00:00:00.000000","2011-06-14 00:00:00.000000"
312,20110607,20110619,20110614,18487,1,6,9,"SO44858",1,1,1,3578.27,3578.27,0,0,2171.2942,2171.2942,3578.27,286.2616,89.4568,\N,\N,"2011-06-07 00:00:00.000000","2011-06-19 00:00:00.000000","2011-06-14 00:00:00.000000"
310,20110607,20110619,20110614,18495,1,6,9,"SO44859",1,1,1,3578.27,3578.27,0,0,2171.2942,2171.2942,3578.27,286.2616,89.4568,\N,\N,"2011-06-07 00:00:00.000000","2011-06-19 00:00:00.000000","2011-06-14 00:00:00.000000"
310,20110607,20110619,20110614,18693,1,6,9,"SO44860",1,1,1,3578.27,3578.27,0,0,2171.2942,2171.2942,3578.27,286.2616,89.4568,\N,\N,"2011-06-07 00:00:00.000000","2011-06-19 00:00:00.000000","2011-06-14 00:00:00.000000"
314,20110607,20110619,20110614,18288,1,6,9,"SO44861",1,1,1,3578.27,3578.27,0,0,2171.2942,2171.2942,3578.27,286.2616,89.4568,\N,\N,"2011-06-07 00:00:00.000000","2011-06-19 00:00:00.000000","2011-06-14 00:00:00.000000"
313,20110607,20110619,20110614,18457,1,6,9,"SO44862",1,1,1,3578.27,3578.27,0,0,2171.2942,2171.2942,3578.27,286.2616,89.4568,\N,\N,"2011-06-07 00:00:00.000000","2011-06-19 00:00:00.000000","2011-06-14 00:00:00.000000"
310,20110607,20110619,20110614,18467,1,6,9,"SO44863",1,1,1,3578.27,3578.27,0,0,2171.2942,2171.2942,3578.27,286.2616,89.4568,\N,\N,"2011-06-07 00:00:00.000000","2011-06-19 00:00:00.000000","2011-06-14 00:00:00.000000"
348,20110607,20110619,20110614,11364,1,6,9,"SO44864",1,1,1,3374.99,3374.99,0,0,1898.0944,1898.0944,3374.99,269.9992,84.3748,\N,\N,"2011-06-07 00:00:00.000000","2011-06-19 00:00:00.000000","2011-06-14 00:00:00.000000"
351,20110607,20110619,20110614,11372,1,6,9,"SO44865",1,1,1,3374.99,3374.99,0,0,1898.0944,1898.0944,3374.99,269.9992,84.3748,\N,\N,"2011-06-07 00:00:00.000000","2011-06-19 00:00:00.000000","2011-06-14 00:00:00.000000"
350,20110607,20110619,20110614,11443,1,6,9,"SO44866",1,1,1,3374.99,3374.99,0,0,1898.0944,1898.0944,3374.99,269.9992,84.3748,\N,\N,"2011-06-07 00:00:00.000000","2011-06-19 00:00:00.000000","2011-06-14 00:00:00.000000"
313,20110608,20110620,20110615,14793,1,98,10,"SO44867",1,1,1,3578.27,3578.27,0,0,2171.2942,2171.2942,3578.27,286.2616,89.4568,\N,\N,"2011-06-08 00:00:00.000000","2011-06-20 00:00:00.000000","2011-06-15 00:00:00.000000"
313,20110608,20110620,20110615,28852,1,100,1,"SO44868",1,1,1,3578.27,3578.27,0,0,2171.2942,2171.2942,3578.27,286.2616,89.4568,\N,\N,"2011-06-08 00:00:00.000000","2011-06-20 00:00:00.000000","2011-06-15 00:00:00.000000"
312,20110608,20110620,20110615,18700,1,6,9,"SO44869",1,1,1,3578.27,3578.27,0,0,2171.2942,2171.2942,3578.27,286.2616,89.4568,\N,\N,"2011-06-08 00:00:00.000000","2011-06-20 00:00:00.000000","2011-06-15 00:00:00.000000"
311,20110608,20110620,20110615,18301,1,6,9,"SO44870",1,1,1,3578.27,3578.27,0,0,2171.2942,2171.2942,3578.27,286.2616,89.4568,\N,\N,"2011-06-08 00:00:00.000000","2011-06-20 00:00:00.000000","2011-06-15 00:00:00.000000"
345,20110608,20110620,20110615,11363,1,6,9,"SO44871",1,1,1,3399.99,3399.99,0,0,1912.1544,1912.1544,3399.99,271.9992,84.9998,\N,\N,"2011-06-08 00:00:00.000000","2011-06-20 00:00:00.000000","2011-06-15 00:00:00.000000"
312,20110609,20110621,20110616,29111,1,100,4,"SO44872",1,1,1,3578.27,3578.27,0,0,2171.2942,2171.2942,3578.27,286.2616,89.4568,\N,\N,"2011-06-09 00:00:00.000000","2011-06-21 00:00:00.000000","2011-06-16 00:00:00.000000"
312,20110609,20110621,20110616,28828,1,100,4,"SO44873",1,1,1,3578.27,3578.27,0,0,2171.2942,2171.2942,3578.27,286.2616,89.4568,\N,\N,"2011-06-09 00:00:00.000000","2011-06-21 00:00:00.000000","2011-06-16 00:00:00.000000"
320,20110610,20110622,20110617,18004,1,39,7,"SO44874",1,1,1,699.0982,699.0982,0,0,413.1463,413.1463,699.0982,55.9279,17.4775,\N,\N,"2011-06-10 00:00:00.000000","2011-06-22 00:00:00.000000","2011-06-17 00:00:00.000000"
313,20110610,20110622,20110617,29048,1,100,4,"SO44875",1,1,1,3578.27,3578.27,0,0,2171.2942,2171.2942,3578.27,286.2616,89.4568,\N,\N,"2011-06-10 00:00:00.000000","2011-06-22 00:00:00.000000","2011-06-17 00:00:00.000000"
312,20110610,20110622,20110617,29056,1,100,4,"SO44876",1,1,1,3578.27,3578.27,0,0,2171.2942,2171.2942,3578.27,286.2616,89.4568,\N,\N,"2011-06-10 00:00:00.000000","2011-06-22 00:00:00.000000","2011-06-17 00:00:00.000000"
311,20110610,20110622,20110617,29136,1,100,4,"SO44877",1,1,1,3578.27,3578.27,0,0,2171.2942,2171.2942,3578.27,286.2616,89.4568,\N,\N,"2011-06-10 00:00:00.000000","2011-06-22 00:00:00.000000","2011-06-17 00:00:00.000000"
311,20110610,20110622,20110617,28807,1,100,1,"SO44878",1,1,1,3578.27,3578.27,0,0,2171.2942,2171.2942,3578.27,286.2616,89.4568,\N,\N,"2011-06-10 00:00:00.000000","2011-06-22 00:00:00.000000","2011-06-17 00:00:00.000000"
310,20110610,20110622,20110617,28833,1,100,1,"SO44879",1,1,1,3578.27,3578.27,0,0,2171.2942,2171.2942,3578.27,286.2616,89.4568,\N,\N,"2011-06-10 00:00:00.000000","2011-06-22 00:00:00.000000","2011-06-17 00:00:00.000000"
311,20110610,20110622,20110617,18470,1,6,9,"SO44880",1,1,1,3578.27,3578.27,0,0,2171.2942,2171.2942,3578.27,286.2616,89.4568,\N,\N,"2011-06-10 00:00:00.000000","2011-06-22 00:00:00.000000","2011-06-17 00:00:00.000000"
313,20110610,20110622,20110617,18496,1,6,9,"SO44881",1,1,1,3578.27,3578.27,0,0,2171.2942,2171.2942,3578.27,286.2616,89.4568,\N,\N,"2011-06-10 00:00:00.000000","2011-06-22 00:00:00.000000","2011-06-17 00:00:00.000000"
311,20110610,20110622,20110617,18703,1,6,9,"SO44882",1,1,1,3578.27,3578.27,0,0,2171.2942,2171.2942,3578.27,286.2616,89.4568,\N,\N,"2011-06-10 00:00:00.000000","2011-06-22 00:00:00.000000","2011-06-17 00:00:00.000000"
314,20110610,20110622,20110617,18296,1,6,9,"SO44883",1,1,1,3578.27,3578.27,0,0,2171.2942,2171.2942,3578.27,286.2616,89.4568,\N,\N,"2011-06-10 00:00:00.000000","2011-06-22 00:00:00.000000","2011-06-17 00:00:00.000000"
312,20110610,20110622,20110617,18308,1,6,9,"SO44884",1,1,1,3578.27,3578.27,0,0,2171.2942,2171.2942,3578.27,286.2616,89.4568,\N,\N,"2011-06-10 00:00:00.000000","2011-06-22 00:00:00.000000","2011-06-17 00:00:00.000000"
310,20110611,20110623,20110618,14833,1,98,10,"SO44885",1,1,1,3578.27,3578.27,0,0,2171.2942,2171.2942,3578.27,286.2616,89.4568,\N,\N,"2011-06-11 00:00:00.000000","2011-06-23 00:00:00.000000","2011-06-18 00:00:00.000000"
314,20110611,20110623,20110618,29108,1,100,4,"SO44886",1,1,1,3578.27,3578.27,0,0,2171.2942,2171.2942,3578.27,286.2616,89.4568,\N,\N,"2011-06-11 00:00:00.000000","2011-06-23 00:00:00.000000","2011-06-18 00:00:00.000000"
310,20110611,20110623,20110618,28821,1,100,1,"SO44887",1,1,1,3578.27,3578.27,0,0,2171.2942,2171.2942,3578.27,286.2616,89.4568,\N,\N,"2011-06-11 00:00:00.000000","2011-06-23 00:00:00.000000","2011-06-18 00:00:00.000000"
310,20110611,20110623,20110618,28838,1,100,1,"SO44888",1,1,1,3578.27,3578.27,0,0,2171.2942,2171.2942,3578.27,286.2616,89.4568,\N,\N,"2011-06-11 00:00:00.000000","2011-06-23 00:00:00.000000","2011-06-18 00:00:00.000000"
348,20110612,20110624,20110619,11351,1,98,10,"SO44889",1,1,1,3374.99,3374.99,0,0,1898.0944,1898.0944,3374.99,269.9992,84.3748,\N,\N,"2011-06-12 00:00:00.000000","2011-06-24 00:00:00.000000","2011-06-19 00:00:00.000000"
346,20110612,20110624,20110619,11381,1,98,10,"SO44890",1,1,1,3399.99,3399.99,0,0,1912.1544,1912.1544,3399.99,271.9992,84.9998,\N,\N,"2011-06-12 00:00:00.000000","2011-06-24 00:00:00.000000","2011-06-19 00:00:00.000000"
310,20110612,20110624,20110619,28847,1,100,4,"SO44891",1,1,1,3578.27,3578.27,0,0,2171.2942,2171.2942,3578.27,286.2616,89.4568,\N,\N,"2011-06-12 00:00:00.000000","2011-06-24 00:00:00.000000","2011-06-19 00:00:00.000000"
313,20110612,20110624,20110619,22267,1,19,6,"SO44892",1,1,1,3578.27,3578.27,0,0,2171.2942,2171.2942,3578.27,286.2616,89.4568,\N,\N,"2011-06-12 00:00:00.000000","2011-06-24 00:00:00.000000","2011-06-19 00:00:00.000000"
314,20110612,20110624,20110619,28856,1,100,1,"SO44893",1,1,1,3578.27,3578.27,0,0,2171.2942,2171.2942,3578.27,286.2616,89.4568,\N,\N,"2011-06-12 00:00:00.000000","2011-06-24 00:00:00.000000","2011-06-19 00:00:00.000000"
348,20110612,20110624,20110619,25943,1,100,4,"SO44894",1,1,1,3374.99,3374.99,0,0,1898.0944,1898.0944,3374.99,269.9992,84.3748,\N,\N,"2011-06-12 00:00:00.000000","2011-06-24 00:00:00.000000","2011-06-19 00:00:00.000000"
351,20110612,20110624,20110619,25951,1,100,4,"SO44895",1,1,1,3374.99,3374.99,0,0,1898.0944,1898.0944,3374.99,269.9992,84.3748,\N,\N,"2011-06-12 00:00:00.000000","2011-06-24 00:00:00.000000","2011-06-19 00:00:00.000000"
346,20110612,20110624,20110619,25964,1,100,1,"SO44896",1,1,1,3399.99,3399.99,0,0,1912.1544,1912.1544,3399.99,271.9992,84.9998,\N,\N,"2011-06-12 00:00:00.000000","2011-06-24 00:00:00.000000","2011-06-19 00:00:00.000000"
314,20110612,20110624,20110619,18696,1,6,9,"SO44897",1,1,1,3578.27,3578.27,0,0,2171.2942,2171.2942,3578.27,286.2616,89.4568,\N,\N,"2011-06-12 00:00:00.000000","2011-06-24 00:00:00.000000","2011-06-19 00:00:00.000000"
310,20110612,20110624,20110619,18307,1,6,9,"SO44898",1,1,1,3578.27,3578.27,0,0,2171.2942,2171.2942,3578.27,286.2616,89.4568,\N,\N,"2011-06-12 00:00:00.000000","2011-06-24 00:00:00.000000","2011-06-19 00:00:00.000000"
351,20110612,20110624,20110619,11353,1,98,10,"SO44899",1,1,1,3374.99,3374.99,0,0,1898.0944,1898.0944,3374.99,269.9992,84.3748,\N,\N,"2011-06-12 00:00:00.000000","2011-06-24 00:00:00.000000","2011-06-19 00:00:00.000000"
314,20110613,20110625,20110620,14778,1,98,10,"SO44900",1,1,1,3578.27,3578.27,0,0,2171.2942,2171.2942,3578.27,286.2616,89.4568,\N,\N,"2011-06-13 00:00:00.000000","2011-06-25 00:00:00.000000","2011-06-20 00:00:00.000000"
313,20110613,20110625,20110620,12332,1,39,7,"SO44901",1,1,1,3578.27,3578.27,0,0,2171.2942,2171.2942,3578.27,286.2616,89.4568,\N,\N,"2011-06-13 00:00:00.000000","2011-06-25 00:00:00.000000","2011-06-20 00:00:00.000000"
314,20110613,20110625,20110620,13829,1,29,8,"SO44902",1,1,1,3578.27,3578.27,0,0,2171.2942,2171.2942,3578.27,286.2616,89.4568,\N,\N,"2011-06-13 00:00:00.000000","2011-06-25 00:00:00.000000","2011-06-20 00:00:00.000000"
313,20110613,20110625,20110620,18284,1,6,9,"SO44903",1,1,1,3578.27,3578.27,0,0,2171.2942,2171.2942,3578.27,286.2616,89.4568,\N,\N,"2011-06-13 00:00:00.000000","2011-06-25 00:00:00.000000","2011-06-20 00:00:00.000000"
350,20110613,20110625,20110620,11359,1,6,9,"SO44904",1,1,1,3374.99,3374.99,0,0,1898.0944,1898.0944,3374.99,269.9992,84.3748,\N,\N,"2011-06-13 00:00:00.000000","2011-06-25 00:00:00.000000","2011-06-20 00:00:00.000000"
312,20110614,20110626,20110621,13822,1,29,8,"SO44905",1,1,1,3578.27,3578.27,0,0,2171.2942,2171.2942,3578.27,286.2616,89.4568,\N,\N,"2011-06-14 00:00:00.000000","2011-06-26 00:00:00.000000","2011-06-21 00:00:00.000000"
311,20110614,20110626,20110621,14832,1,98,10,"SO44906",1,1,1,3578.27,3578.27,0,0,2171.2942,2171.2942,3578.27,286.2616,89.4568,\N,\N,"2011-06-14 00:00:00.000000","2011-06-26 00:00:00.000000","2011-06-21 00:00:00.000000"
324,20110614,20110626,20110621,19415,1,29,8,"SO44907",1,1,1,699.0982,699.0982,0,0,413.1463,413.1463,699.0982,55.9279,17.4775,\N,\N,"2011-06-14 00:00:00.000000","2011-06-26 00:00:00.000000","2011-06-21 00:00:00.000000"
314,20110614,20110626,20110621,29032,1,100,4,"SO44908",1,1,1,3578.27,3578.27,0,0,2171.2942,2171.2942,3578.27,286.2616,89.4568,\N,\N,"2011-06-14 00:00:00.000000","2011-06-26 00:00:00.000000","2011-06-21 00:00:00.000000"
310,20110614,20110626,20110621,28840,1,100,4,"SO44909",1,1,1,3578.27,3578.27,0,0,2171.2942,2171.2942,3578.27,286.2616,89.4568,\N,\N,"2011-06-14 00:00:00.000000","2011-06-26 00:00:00.000000","2011-06-21 00:00:00.000000"
344,20110614,20110626,20110621,25969,1,100,4,"SO44910",1,1,1,3399.99,3399.99,0,0,1912.1544,1912.1544,3399.99,271.9992,84.9998,\N,\N,"2011-06-14 00:00:00.000000","2011-06-26 00:00:00.000000","2011-06-21 00:00:00.000000"
349,20110614,20110626,20110621,25976,1,100,4,"SO44911",1,1,1,3374.99,3374.99,0,0,1898.0944,1898.0944,3374.99,269.9992,84.3748,\N,\N,"2011-06-14 00:00:00.000000","2011-06-26 00:00:00.000000","2011-06-21 00:00:00.000000"
310,20110614,20110626,20110621,28966,1,100,4,"SO44912",1,1,1,3578.27,3578.27,0,0,2171.2942,2171.2942,3578.27,286.2616,89.4568,\N,\N,"2011-06-14 00:00:00.000000","2011-06-26 00:00:00.000000","2011-06-21 00:00:00.000000"
311,20110614,20110626,20110621,18468,1,6,9,"SO44913",1,1,1,3578.27,3578.27,0,0,2171.2942,2171.2942,3578.27,286.2616,89.4568,\N,\N,"2011-06-14 00:00:00.000000","2011-06-26 00:00:00.000000","2011-06-21 00:00:00.000000"
311,20110614,20110626,20110621,18491,1,6,9,"SO44914",1,1,1,3578.27,3578.27,0,0,2171.2942,2171.2942,3578.27,286.2616,89.4568,\N,\N,"2011-06-14 00:00:00.000000","2011-06-26 00:00:00.000000","2011-06-21 00:00:00.000000"
312,20110614,20110626,20110621,18461,1,6,9,"SO44915",1,1,1,3578.27,3578.27,0,0,2171.2942,2171.2942,3578.27,286.2616,89.4568,\N,\N,"2011-06-14 00:00:00.000000","2011-06-26 00:00:00.000000","2011-06-21 00:00:00.000000"
311,20110614,20110626,20110621,18463,1,6,9,"SO44916",1,1,1,3578.27,3578.27,0,0,2171.2942,2171.2942,3578.27,286.2616,89.4568,\N,\N,"2011-06-14 00:00:00.000000","2011-06-26 00:00:00.000000","2011-06-21 00:00:00.000000"
310,20110615,20110627,20110622,13842,1,29,8,"SO44917",1,1,1,3578.27,3578.27,0,0,2171.2942,2171.2942,3578.27,286.2616,89.4568,\N,\N,"2011-06-15 00:00:00.000000","2011-06-27 00:00:00.000000","2011-06-22 00:00:00.000000"
350,20110615,20110627,20110622,29466,1,29,8,"SO44918",1,1,1,3374.99,3374.99,0,0,1898.0944,1898.0944,3374.99,269.9992,84.3748,\N,\N,"2011-06-15 00:00:00.000000","2011-06-27 00:00:00.000000","2011-06-22 00:00:00.000000"
310,20110615,20110627,20110622,29017,1,100,1,"SO44919",1,1,1,3578.27,3578.27,0,0,2171.2942,2171.2942,3578.27,286.2616,89.4568,\N,\N,"2011-06-15 00:00:00.000000","2011-06-27 00:00:00.000000","2011-06-22 00:00:00.000000"
338,20110615,20110627,20110622,14648,1,100,4,"SO44920",1,1,1,699.0982,699.0982,0,0,413.1463,413.1463,699.0982,55.9279,17.4775,\N,\N,"2011-06-15 00:00:00.000000","2011-06-27 00:00:00.000000","2011-06-22 00:00:00.000000"
312,20110615,20110627,20110622,18489,1,6,9,"SO44921",1,1,1,3578.27,3578.27,0,0,2171.2942,2171.2942,3578.27,286.2616,89.4568,\N,\N,"2011-06-15 00:00:00.000000","2011-06-27 00:00:00.000000","2011-06-22 00:00:00.000000"
314,20110615,20110627,20110622,18277,1,6,9,"SO44922",1,1,1,3578.27,3578.27,0,0,2171.2942,2171.2942,3578.27,286.2616,89.4568,\N,\N,"2011-06-15 00:00:00.000000","2011-06-27 00:00:00.000000","2011-06-22 00:00:00.000000"
312,20110615,20110627,20110622,18336,1,6,9,"SO44923",1,1,1,3578.27,3578.27,0,0,2171.2942,2171.2942,3578.27,286.2616,89.4568,\N,\N,"2011-06-15 00:00:00.000000","2011-06-27 00:00:00.000000","2011-06-22 00:00:00.000000"
310,20110616,20110628,20110623,28830,1,100,1,"SO44924",1,1,1,3578.27,3578.27,0,0,2171.2942,2171.2942,3578.27,286.2616,89.4568,\N,\N,"2011-06-16 00:00:00.000000","2011-06-28 00:00:00.000000","2011-06-23 00:00:00.000000"
313,20110616,20110628,20110623,18493,1,6,9,"SO44925",1,1,1,3578.27,3578.27,0,0,2171.2942,2171.2942,3578.27,286.2616,89.4568,\N,\N,"2011-06-16 00:00:00.000000","2011-06-28 00:00:00.000000","2011-06-23 00:00:00.000000"
328,20110616,20110628,20110623,25706,1,6,9,"SO44926",1,1,1,699.0982,699.0982,0,0,413.1463,413.1463,699.0982,55.9279,17.4775,\N,\N,"2011-06-16 00:00:00.000000","2011-06-28 00:00:00.000000","2011-06-23 00:00:00.000000"
348,20110616,20110628,20110623,11448,1,6,9,"SO44927",1,1,1,3374.99,3374.99,0,0,1898.0944,1898.0944,3374.99,269.9992,84.3748,\N,\N,"2011-06-16 00:00:00.000000","2011-06-28 00:00:00.000000","2011-06-23 00:00:00.000000"
314,20110617,20110629,20110624,14843,1,98,10,"SO44928",1,1,1,3578.27,3578.27,0,0,2171.2942,2171.2942,3578.27,286.2616,89.4568,\N,\N,"2011-06-17 00:00:00.000000","2011-06-29 00:00:00.000000","2011-06-24 00:00:00.000000"
312,20110617,20110629,20110624,12398,1,39,7,"SO44929",1,1,1,3578.27,3578.27,0,0,2171.2942,2171.2942,3578.27,286.2616,89.4568,\N,\N,"2011-06-17 00:00:00.000000","2011-06-29 00:00:00.000000","2011-06-24 00:00:00.000000"
312,20110617,20110629,20110624,29110,1,100,4,"SO44930",1,1,1,3578.27,3578.27,0,0,2171.2942,2171.2942,3578.27,286.2616,89.4568,\N,\N,"2011-06-17 00:00:00.000000","2011-06-29 00:00:00.000000","2011-06-24 00:00:00.000000"
312,20110617,20110629,20110624,28849,1,100,1,"SO44931",1,1,1,3578.27,3578.27,0,0,2171.2942,2171.2942,3578.27,286.2616,89.4568,\N,\N,"2011-06-17 00:00:00.000000","2011-06-29 00:00:00.000000","2011-06-24 00:00:00.000000"
312,20110617,20110629,20110624,18303,1,6,9,"SO44932",1,1,1,3578.27,3578.27,0,0,2171.2942,2171.2942,3578.27,286.2616,89.4568,\N,\N,"2011-06-17 00:00:00.000000","2011-06-29 00:00:00.000000","2011-06-24 00:00:00.000000"
312,20110617,20110629,20110624,18276,1,6,9,"SO44933",1,1,1,3578.27,3578.27,0,0,2171.2942,2171.2942,3578.27,286.2616,89.4568,\N,\N,"2011-06-17 00:00:00.000000","2011-06-29 00:00:00.000000","2011-06-24 00:00:00.000000"
312,20110618,20110630,20110625,14771,1,98,10,"SO44934",1,1,1,3578.27,3578.27,0,0,2171.2942,2171.2942,3578.27,286.2616,89.4568,\N,\N,"2011-06-18 00:00:00.000000","2011-06-30 00:00:00.000000","2011-06-25 00:00:00.000000"
312,20110618,20110630,20110625,12333,1,39,7,"SO44935",1,1,1,3578.27,3578.27,0,0,2171.2942,2171.2942,3578.27,286.2616,89.4568,\N,\N,"2011-06-18 00:00:00.000000","2011-06-30 00:00:00.000000","2011-06-25 00:00:00.000000"
312,20110618,20110630,20110625,29044,1,100,1,"SO44936",1,1,1,3578.27,3578.27,0,0,2171.2942,2171.2942,3578.27,286.2616,89.4568,\N,\N,"2011-06-18 00:00:00.000000","2011-06-30 00:00:00.000000","2011-06-25 00:00:00.000000"
311,20110618,20110630,20110625,22251,1,19,6,"SO44937",1,1,1,3578.27,3578.27,0,0,2171.2942,2171.2942,3578.27,286.2616,89.4568,\N,\N,"2011-06-18 00:00:00.000000","2011-06-30 00:00:00.000000","2011-06-25 00:00:00.000000"
314,20110618,20110630,20110625,28851,1,100,1,"SO44938",1,1,1,3578.27,3578.27,0,0,2171.2942,2171.2942,3578.27,286.2616,89.4568,\N,\N,"2011-06-18 00:00:00.000000","2011-06-30 00:00:00.000000","2011-06-25 00:00:00.000000"
314,20110618,20110630,20110625,28993,1,100,1,"SO44939",1,1,1,3578.27,3578.27,0,0,2171.2942,2171.2942,3578.27,286.2616,89.4568,\N,\N,"2011-06-18 00:00:00.000000","2011-06-30 00:00:00.000000","2011-06-25 00:00:00.000000"
311,20110618,20110630,20110625,18490,1,6,9,"SO44940",1,1,1,3578.27,3578.27,0,0,2171.2942,2171.2942,3578.27,286.2616,89.4568,\N,\N,"2011-06-18 00:00:00.000000","2011-06-30 00:00:00.000000","2011-06-25 00:00:00.000000"
310,20110618,20110630,20110625,18697,1,6,9,"SO44941",1,1,1,3578.27,3578.27,0,0,2171.2942,2171.2942,3578.27,286.2616,89.4568,\N,\N,"2011-06-18 00:00:00.000000","2011-06-30 00:00:00.000000","2011-06-25 00:00:00.000000"
310,20110618,20110630,20110625,18701,1,6,9,"SO44942",1,1,1,3578.27,3578.27,0,0,2171.2942,2171.2942,3578.27,286.2616,89.4568,\N,\N,"2011-06-18 00:00:00.000000","2011-06-30 00:00:00.000000","2011-06-25 00:00:00.000000"
330,20110618,20110630,20110625,25568,1,6,9,"SO44943",1,1,1,699.0982,699.0982,0,0,413.1463,413.1463,699.0982,55.9279,17.4775,\N,\N,"2011-06-18 00:00:00.000000","2011-06-30 00:00:00.000000","2011-06-25 00:00:00.000000"
332,20110618,20110630,20110625,25707,1,6,9,"SO44944",1,1,1,699.0982,699.0982,0,0,413.1463,413.1463,699.0982,55.9279,17.4775,\N,\N,"2011-06-18 00:00:00.000000","2011-06-30 00:00:00.000000","2011-06-25 00:00:00.000000"
322,20110618,20110630,20110625,25710,1,6,9,"SO44945",1,1,1,699.0982,699.0982,0,0,413.1463,413.1463,699.0982,55.9279,17.4775,\N,\N,"2011-06-18 00:00:00.000000","2011-06-30 00:00:00.000000","2011-06-25 00:00:00.000000"
349,20110618,20110630,20110625,11357,1,6,9,"SO44946",1,1,1,3374.99,3374.99,0,0,1898.0944,1898.0944,3374.99,269.9992,84.3748,\N,\N,"2011-06-18 00:00:00.000000","2011-06-30 00:00:00.000000","2011-06-25 00:00:00.000000"
346,20110618,20110630,20110625,11446,1,6,9,"SO44947",1,1,1,3399.99,3399.99,0,0,1912.1544,1912.1544,3399.99,271.9992,84.9998,\N,\N,"2011-06-18 00:00:00.000000","2011-06-30 00:00:00.000000","2011-06-25 00:00:00.000000"
312,20110619,20110701,20110626,12395,1,39,7,"SO44948",1,1,1,3578.27,3578.27,0,0,2171.2942,2171.2942,3578.27,286.2616,89.4568,\N,\N,"2011-06-19 00:00:00.000000","2011-07-01 00:00:00.000000","2011-06-26 00:00:00.000000"
349,20110619,20110701,20110626,29474,1,29,8,"SO44949",1,1,1,3374.99,3374.99,0,0,1898.0944,1898.0944,3374.99,269.9992,84.3748,\N,\N,"2011-06-19 00:00:00.000000","2011-07-01 00:00:00.000000","2011-06-26 00:00:00.000000"
313,20110619,20110701,20110626,28835,1,100,4,"SO44950",1,1,1,3578.27,3578.27,0,0,2171.2942,2171.2942,3578.27,286.2616,89.4568,\N,\N,"2011-06-19 00:00:00.000000","2011-07-01 00:00:00.000000","2011-06-26 00:00:00.000000"
311,20110619,20110701,20110626,28843,1,100,4,"SO44951",1,1,1,3578.27,3578.27,0,0,2171.2942,2171.2942,3578.27,286.2616,89.4568,\N,\N,"2011-06-19 00:00:00.000000","2011-07-01 00:00:00.000000","2011-06-26 00:00:00.000000"
349,20110619,20110701,20110626,25955,1,100,4,"SO44952",1,1,1,3374.99,3374.99,0,0,1898.0944,1898.0944,3374.99,269.9992,84.3748,\N,\N,"2011-06-19 00:00:00.000000","2011-07-01 00:00:00.000000","2011-06-26 00:00:00.000000"
312,20110619,20110701,20110626,28859,1,100,1,"SO44953",1,1,1,3578.27,3578.27,0,0,2171.2942,2171.2942,3578.27,286.2616,89.4568,\N,\N,"2011-06-19 00:00:00.000000","2011-07-01 00:00:00.000000","2011-06-26 00:00:00.000000"
310,20110619,20110701,20110626,28990,1,100,4,"SO44954",1,1,1,3578.27,3578.27,0,0,2171.2942,2171.2942,3578.27,286.2616,89.4568,\N,\N,"2011-06-19 00:00:00.000000","2011-07-01 00:00:00.000000","2011-06-26 00:00:00.000000"
342,20110619,20110701,20110626,25709,1,6,9,"SO44955",1,1,1,699.0982,699.0982,0,0,413.1463,413.1463,699.0982,55.9279,17.4775,\N,\N,"2011-06-19 00:00:00.000000","2011-07-01 00:00:00.000000","2011-06-26 00:00:00.000000"
351,20110619,20110701,20110626,11449,1,6,9,"SO44956",1,1,1,3374.99,3374.99,0,0,1898.0944,1898.0944,3374.99,269.9992,84.3748,\N,\N,"2011-06-19 00:00:00.000000","2011-07-01 00:00:00.000000","2011-06-26 00:00:00.000000"
310,20110620,20110702,20110627,22247,1,19,6,"SO44957",1,1,1,3578.27,3578.27,0,0,2171.2942,2171.2942,3578.27,286.2616,89.4568,\N,\N,"2011-06-20 00:00:00.000000","2011-07-02 00:00:00.000000","2011-06-27 00:00:00.000000"
332,20110620,20110702,20110627,20173,1,98,10,"SO44958",1,1,1,699.0982,699.0982,0,0,413.1463,413.1463,699.0982,55.9279,17.4775,\N,\N,"2011-06-20 00:00:00.000000","2011-07-02 00:00:00.000000","2011-06-27 00:00:00.000000"
312,20110620,20110702,20110627,29019,1,100,4,"SO44959",1,1,1,3578.27,3578.27,0,0,2171.2942,2171.2942,3578.27,286.2616,89.4568,\N,\N,"2011-06-20 00:00:00.000000","2011-07-02 00:00:00.000000","2011-06-27 00:00:00.000000"
314,20110620,20110702,20110627,22373,1,19,6,"SO44960",1,1,1,3578.27,3578.27,0,0,2171.2942,2171.2942,3578.27,286.2616,89.4568,\N,\N,"2011-06-20 00:00:00.000000","2011-07-02 00:00:00.000000","2011-06-27 00:00:00.000000"
313,20110620,20110702,20110627,29060,1,100,4,"SO44961",1,1,1,3578.27,3578.27,0,0,2171.2942,2171.2942,3578.27,286.2616,89.4568,\N,\N,"2011-06-20 00:00:00.000000","2011-07-02 00:00:00.000000","2011-06-27 00:00:00.000000"
310,20110620,20110702,20110627,28831,1,100,4,"SO44962",1,1,1,3578.27,3578.27,0,0,2171.2942,2171.2942,3578.27,286.2616,89.4568,\N,\N,"2011-06-20 00:00:00.000000","2011-07-02 00:00:00.000000","2011-06-27 00:00:00.000000"
346,20110620,20110702,20110627,25974,1,100,4,"SO44963",1,1,1,3399.99,3399.99,0,0,1912.1544,1912.1544,3399.99,271.9992,84.9998,\N,\N,"2011-06-20 00:00:00.000000","2011-07-02 00:00:00.000000","2011-06-27 00:00:00.000000"
334,20110620,20110702,20110627,14647,1,100,4,"SO44964",1,1,1,699.0982,699.0982,0,0,413.1463,413.1463,699.0982,55.9279,17.4775,\N,\N,"2011-06-20 00:00:00.000000","2011-07-02 00:00:00.000000","2011-06-27 00:00:00.000000"
332,20110620,20110702,20110627,14649,1,100,4,"SO44965",1,1,1,699.0982,699.0982,0,0,413.1463,413.1463,699.0982,55.9279,17.4775,\N,\N,"2011-06-20 00:00:00.000000","2011-07-02 00:00:00.000000","2011-06-27 00:00:00.000000"
314,20110620,20110702,20110627,18458,1,6,9,"SO44966",1,1,1,3578.27,3578.27,0,0,2171.2942,2171.2942,3578.27,286.2616,89.4568,\N,\N,"2011-06-20 00:00:00.000000","2011-07-02 00:00:00.000000","2011-06-27 00:00:00.000000"
310,20110621,20110703,20110628,14794,1,98,10,"SO44967",1,1,1,3578.27,3578.27,0,0,2171.2942,2171.2942,3578.27,286.2616,89.4568,\N,\N,"2011-06-21 00:00:00.000000","2011-07-03 00:00:00.000000","2011-06-28 00:00:00.000000"
342,20110621,20110703,20110628,19365,1,29,8,"SO44968",1,1,1,699.0982,699.0982,0,0,413.1463,413.1463,699.0982,55.9279,17.4775,\N,\N,"2011-06-21 00:00:00.000000","2011-07-03 00:00:00.000000","2011-06-28 00:00:00.000000"
312,20110621,20110703,20110628,22713,1,19,6,"SO44969",1,1,1,3578.27,3578.27,0,0,2171.2942,2171.2942,3578.27,286.2616,89.4568,\N,\N,"2011-06-21 00:00:00.000000","2011-07-03 00:00:00.000000","2011-06-28 00:00:00.000000"
312,20110621,20110703,20110628,28820,1,100,1,"SO44970",1,1,1,3578.27,3578.27,0,0,2171.2942,2171.2942,3578.27,286.2616,89.4568,\N,\N,"2011-06-21 00:00:00.000000","2011-07-03 00:00:00.000000","2011-06-28 00:00:00.000000"
313,20110621,20110703,20110628,28989,1,100,1,"SO44971",1,1,1,3578.27,3578.27,0,0,2171.2942,2171.2942,3578.27,286.2616,89.4568,\N,\N,"2011-06-21 00:00:00.000000","2011-07-03 00:00:00.000000","2011-06-28 00:00:00.000000"
311,20110621,20110703,20110628,29016,1,100,1,"SO44972",1,1,1,3578.27,3578.27,0,0,2171.2942,2171.2942,3578.27,286.2616,89.4568,\N,\N,"2011-06-21 00:00:00.000000","2011-07-03 00:00:00.000000","2011-06-28 00:00:00.000000"
314,20110621,20110703,20110628,18482,1,6,9,"SO44973",1,1,1,3578.27,3578.27,0,0,2171.2942,2171.2942,3578.27,286.2616,89.4568,\N,\N,"2011-06-21 00:00:00.000000","2011-07-03 00:00:00.000000","2011-06-28 00:00:00.000000"
312,20110622,20110704,20110629,14776,1,98,10,"SO44974",1,1,1,3578.27,3578.27,0,0,2171.2942,2171.2942,3578.27,286.2616,89.4568,\N,\N,"2011-06-22 00:00:00.000000","2011-07-04 00:00:00.000000","2011-06-29 00:00:00.000000"
311,20110622,20110704,20110629,28823,1,100,1,"SO44975",1,1,1,3578.27,3578.27,0,0,2171.2942,2171.2942,3578.27,286.2616,89.4568,\N,\N,"2011-06-22 00:00:00.000000","2011-07-04 00:00:00.000000","2011-06-29 00:00:00.000000"
311,20110622,20110704,20110629,28824,1,100,1,"SO44976",1,1,1,3578.27,3578.27,0,0,2171.2942,2171.2942,3578.27,286.2616,89.4568,\N,\N,"2011-06-22 00:00:00.000000","2011-07-04 00:00:00.000000","2011-06-29 00:00:00.000000"
313,20110622,20110704,20110629,29010,1,100,4,"SO44977",1,1,1,3578.27,3578.27,0,0,2171.2942,2171.2942,3578.27,286.2616,89.4568,\N,\N,"2011-06-22 00:00:00.000000","2011-07-04 00:00:00.000000","2011-06-29 00:00:00.000000"
322,20110622,20110704,20110629,14652,1,100,4,"SO44978",1,1,1,699.0982,699.0982,0,0,413.1463,413.1463,699.0982,55.9279,17.4775,\N,\N,"2011-06-22 00:00:00.000000","2011-07-04 00:00:00.000000","2011-06-29 00:00:00.000000"
310,20110622,20110704,20110629,18469,1,6,9,"SO44979",1,1,1,3578.27,3578.27,0,0,2171.2942,2171.2942,3578.27,286.2616,89.4568,\N,\N,"2011-06-22 00:00:00.000000","2011-07-04 00:00:00.000000","2011-06-29 00:00:00.000000"
310,20110622,20110704,20110629,18699,1,6,9,"SO44980",1,1,1,3578.27,3578.27,0,0,2171.2942,2171.2942,3578.27,286.2616,89.4568,\N,\N,"2011-06-22 00:00:00.000000","2011-07-04 00:00:00.000000","2011-06-29 00:00:00.000000"
310,20110622,20110704,20110629,18462,1,6,9,"SO44981",1,1,1,3578.27,3578.27,0,0,2171.2942,2171.2942,3578.27,286.2616,89.4568,\N,\N,"2011-06-22 00:00:00.000000","2011-07-04 00:00:00.000000","2011-06-29 00:00:00.000000"
312,20110623,20110705,20110630,29132,1,100,4,"SO44982",1,1,1,3578.27,3578.27,0,0,2171.2942,2171.2942,3578.27,286.2616,89.4568,\N,\N,"2011-06-23 00:00:00.000000","2011-07-05 00:00:00.000000","2011-06-30 00:00:00.000000"
310,20110623,20110705,20110630,22252,1,19,6,"SO44983",1,1,1,3578.27,3578.27,0,0,2171.2942,2171.2942,3578.27,286.2616,89.4568,\N,\N,"2011-06-23 00:00:00.000000","2011-07-05 00:00:00.000000","2011-06-30 00:00:00.000000"
314,20110623,20110705,20110630,29008,1,100,4,"SO44984",1,1,1,3578.27,3578.27,0,0,2171.2942,2171.2942,3578.27,286.2616,89.4568,\N,\N,"2011-06-23 00:00:00.000000","2011-07-05 00:00:00.000000","2011-06-30 00:00:00.000000"
311,20110623,20110705,20110630,18692,1,6,9,"SO44985",1,1,1,3578.27,3578.27,0,0,2171.2942,2171.2942,3578.27,286.2616,89.4568,\N,\N,"2011-06-23 00:00:00.000000","2011-07-05 00:00:00.000000","2011-06-30 00:00:00.000000"
328,20110623,20110705,20110630,25708,1,6,9,"SO44986",1,1,1,699.0982,699.0982,0,0,413.1463,413.1463,699.0982,55.9279,17.4775,\N,\N,"2011-06-23 00:00:00.000000","2011-07-05 00:00:00.000000","2011-06-30 00:00:00.000000"
314,20110624,20110706,20110701,12323,1,39,7,"SO44987",1,1,1,3578.27,3578.27,0,0,2171.2942,2171.2942,3578.27,286.2616,89.4568,\N,\N,"2011-06-24 00:00:00.000000","2011-07-06 00:00:00.000000","2011-07-01 00:00:00.000000"
338,20110624,20110706,20110701,17999,1,39,7,"SO44988",1,1,1,699.0982,699.0982,0,0,413.1463,413.1463,699.0982,55.9279,17.4775,\N,\N,"2011-06-24 00:00:00.000000","2011-07-06 00:00:00.000000","2011-07-01 00:00:00.000000"
311,20110624,20110706,20110701,28854,1,100,1,"SO44989",1,1,1,3578.27,3578.27,0,0,2171.2942,2171.2942,3578.27,286.2616,89.4568,\N,\N,"2011-06-24 00:00:00.000000","2011-07-06 00:00:00.000000","2011-07-01 00:00:00.000000"
338,20110624,20110706,20110701,14645,1,100,4,"SO44990",1,1,1,699.0982,699.0982,0,0,413.1463,413.1463,699.0982,55.9279,17.4775,\N,\N,"2011-06-24 00:00:00.000000","2011-07-06 00:00:00.000000","2011-07-01 00:00:00.000000"
314,20110624,20110706,20110701,18698,1,6,9,"SO44991",1,1,1,3578.27,3578.27,0,0,2171.2942,2171.2942,3578.27,286.2616,89.4568,\N,\N,"2011-06-24 00:00:00.000000","2011-07-06 00:00:00.000000","2011-07-01 00:00:00.000000"
311,20110624,20110706,20110701,18464,1,6,9,"SO44992",1,1,1,3578.27,3578.27,0,0,2171.2942,2171.2942,3578.27,286.2616,89.4568,\N,\N,"2011-06-24 00:00:00.000000","2011-07-06 00:00:00.000000","2011-07-01 00:00:00.000000"
350,20110624,20110706,20110701,11368,1,6,9,"SO44993",1,1,1,3374.99,3374.99,0,0,1898.0944,1898.0944,3374.99,269.9992,84.3748,\N,\N,"2011-06-24 00:00:00.000000","2011-07-06 00:00:00.000000","2011-07-01 00:00:00.000000"
311,20110625,20110707,20110702,28805,1,100,4,"SO44994",1,1,1,3578.27,3578.27,0,0,2171.2942,2171.2942,3578.27,286.2616,89.4568,\N,\N,"2011-06-25 00:00:00.000000","2011-07-07 00:00:00.000000","2011-07-02 00:00:00.000000"
313,20110625,20110707,20110702,28841,1,100,4,"SO44995",1,1,1,3578.27,3578.27,0,0,2171.2942,2171.2942,3578.27,286.2616,89.4568,\N,\N,"2011-06-25 00:00:00.000000","2011-07-07 00:00:00.000000","2011-07-02 00:00:00.000000"
349,20110625,20110707,20110702,25970,1,100,1,"SO44996",1,1,1,3374.99,3374.99,0,0,1898.0944,1898.0944,3374.99,269.9992,84.3748,\N,\N,"2011-06-25 00:00:00.000000","2011-07-07 00:00:00.000000","2011-07-02 00:00:00.000000"
310,20110625,20110707,20110702,28870,1,100,1,"SO44997",1,1,1,3578.27,3578.27,0,0,2171.2942,2171.2942,3578.27,286.2616,89.4568,\N,\N,"2011-06-25 00:00:00.000000","2011-07-07 00:00:00.000000","2011-07-02 00:00:00.000000"
340,20110625,20110707,20110702,14646,1,100,4,"SO44998",1,1,1,699.0982,699.0982,0,0,413.1463,413.1463,699.0982,55.9279,17.4775,\N,\N,"2011-06-25 00:00:00.000000","2011-07-07 00:00:00.000000","2011-07-02 00:00:00.000000"
311,20110625,20110707,20110702,18485,1,6,9,"SO44999",1,1,1,3578.27,3578.27,0,0,2171.2942,2171.2942,3578.27,286.2616,89.4568,\N,\N,"2011-06-25 00:00:00.000000","2011-07-07 00:00:00.000000","2011-07-02 00:00:00.000000"
312,20110625,20110707,20110702,18297,1,6,9,"SO45000",1,1,1,3578.27,3578.27,0,0,2171.2942,2171.2942,3578.27,286.2616,89.4568,\N,\N,"2011-06-25 00:00:00.000000","2011-07-07 00:00:00.000000","2011-07-02 00:00:00.000000"
312,20110625,20110707,20110702,18302,1,6,9,"SO45001",1,1,1,3578.27,3578.27,0,0,2171.2942,2171.2942,3578.27,286.2616,89.4568,\N,\N,"2011-06-25 00:00:00.000000","2011-07-07 00:00:00.000000","2011-07-02 00:00:00.000000"
312,20110626,20110708,20110703,13844,1,29,8,"SO45002",1,1,1,3578.27,3578.27,0,0,2171.2942,2171.2942,3578.27,286.2616,89.4568,\N,\N,"2011-06-26 00:00:00.000000","2011-07-08 00:00:00.000000","2011-07-03 00:00:00.000000"
314,20110626,20110708,20110703,29059,1,100,4,"SO45003",1,1,1,3578.27,3578.27,0,0,2171.2942,2171.2942,3578.27,286.2616,89.4568,\N,\N,"2011-06-26 00:00:00.000000","2011-07-08 00:00:00.000000","2011-07-03 00:00:00.000000"
314,20110626,20110708,20110703,29106,1,100,4,"SO45004",1,1,1,3578.27,3578.27,0,0,2171.2942,2171.2942,3578.27,286.2616,89.4568,\N,\N,"2011-06-26 00:00:00.000000","2011-07-08 00:00:00.000000","2011-07-03 00:00:00.000000"
312,20110626,20110708,20110703,28844,1,100,4,"SO45005",1,1,1,3578.27,3578.27,0,0,2171.2942,2171.2942,3578.27,286.2616,89.4568,\N,\N,"2011-06-26 00:00:00.000000","2011-07-08 00:00:00.000000","2011-07-03 00:00:00.000000"
312,20110627,20110709,20110704,12373,1,39,7,"SO45006",1,1,1,3578.27,3578.27,0,0,2171.2942,2171.2942,3578.27,286.2616,89.4568,\N,\N,"2011-06-27 00:00:00.000000","2011-07-09 00:00:00.000000","2011-07-04 00:00:00.000000"
310,20110627,20110709,20110704,14137,1,29,8,"SO45007",1,1,1,3578.27,3578.27,0,0,2171.2942,2171.2942,3578.27,286.2616,89.4568,\N,\N,"2011-06-27 00:00:00.000000","2011-07-09 00:00:00.000000","2011-07-04 00:00:00.000000"
313,20110627,20110709,20110704,14831,1,98,10,"SO45008",1,1,1,3578.27,3578.27,0,0,2171.2942,2171.2942,3578.27,286.2616,89.4568,\N,\N,"2011-06-27 00:00:00.000000","2011-07-09 00:00:00.000000","2011-07-04 00:00:00.000000"
338,20110627,20110709,20110704,19387,1,29,8,"SO45009",1,1,1,699.0982,699.0982,0,0,413.1463,413.1463,699.0982,55.9279,17.4775,\N,\N,"2011-06-27 00:00:00.000000","2011-07-09 00:00:00.000000","2011-07-04 00:00:00.000000"
313,20110627,20110709,20110704,28869,1,100,1,"SO45010",1,1,1,3578.27,3578.27,0,0,2171.2942,2171.2942,3578.27,286.2616,89.4568,\N,\N,"2011-06-27 00:00:00.000000","2011-07-09 00:00:00.000000","2011-07-04 00:00:00.000000"
313,20110627,20110709,20110704,22268,1,19,6,"SO45011",1,1,1,3578.27,3578.27,0,0,2171.2942,2171.2942,3578.27,286.2616,89.4568,\N,\N,"2011-06-27 00:00:00.000000","2011-07-09 00:00:00.000000","2011-07-04 00:00:00.000000"
342,20110627,20110709,20110704,14650,1,100,1,"SO45012",1,1,1,699.0982,699.0982,0,0,413.1463,413.1463,699.0982,55.9279,17.4775,\N,\N,"2011-06-27 00:00:00.000000","2011-07-09 00:00:00.000000","2011-07-04 00:00:00.000000"
310,20110627,20110709,20110704,18483,1,6,9,"SO45013",1,1,1,3578.27,3578.27,0,0,2171.2942,2171.2942,3578.27,286.2616,89.4568,\N,\N,"2011-06-27 00:00:00.000000","2011-07-09 00:00:00.000000","2011-07-04 00:00:00.000000"
322,20110627,20110709,20110704,25705,1,6,9,"SO45014",1,1,1,699.0982,699.0982,0,0,413.1463,413.1463,699.0982,55.9279,17.4775,\N,\N,"2011-06-27 00:00:00.000000","2011-07-09 00:00:00.000000","2011-07-04 00:00:00.000000"
346,20110627,20110709,20110704,11360,1,6,9,"SO45015",1,1,1,3399.99,3399.99,0,0,1912.1544,1912.1544,3399.99,271.9992,84.9998,\N,\N,"2011-06-27 00:00:00.000000","2011-07-09 00:00:00.000000","2011-07-04 00:00:00.000000"
310,20110628,20110710,20110705,14770,1,98,10,"SO45016",1,1,1,3578.27,3578.27,0,0,2171.2942,2171.2942,3578.27,286.2616,89.4568,\N,\N,"2011-06-28 00:00:00.000000","2011-07-10 00:00:00.000000","2011-07-05 00:00:00.000000"
312,20110628,20110710,20110705,28826,1,100,1,"SO45017",1,1,1,3578.27,3578.27,0,0,2171.2942,2171.2942,3578.27,286.2616,89.4568,\N,\N,"2011-06-28 00:00:00.000000","2011-07-10 00:00:00.000000","2011-07-05 00:00:00.000000"
313,20110628,20110710,20110705,18494,1,6,9,"SO45018",1,1,1,3578.27,3578.27,0,0,2171.2942,2171.2942,3578.27,286.2616,89.4568,\N,\N,"2011-06-28 00:00:00.000000","2011-07-10 00:00:00.000000","2011-07-05 00:00:00.000000"
313,20110628,20110710,20110705,18691,1,6,9,"SO45019",1,1,1,3578.27,3578.27,0,0,2171.2942,2171.2942,3578.27,286.2616,89.4568,\N,\N,"2011-06-28 00:00:00.000000","2011-07-10 00:00:00.000000","2011-07-05 00:00:00.000000"
311,20110628,20110710,20110705,18332,1,6,9,"SO45020",1,1,1,3578.27,3578.27,0,0,2171.2942,2171.2942,3578.27,286.2616,89.4568,\N,\N,"2011-06-28 00:00:00.000000","2011-07-10 00:00:00.000000","2011-07-05 00:00:00.000000"
348,20110628,20110710,20110705,11358,1,6,9,"SO45021",1,1,1,3374.99,3374.99,0,0,1898.0944,1898.0944,3374.99,269.9992,84.3748,\N,\N,"2011-06-28 00:00:00.000000","2011-07-10 00:00:00.000000","2011-07-05 00:00:00.000000"
350,20110628,20110710,20110705,11447,1,6,9,"SO45022",1,1,1,3374.99,3374.99,0,0,1898.0944,1898.0944,3374.99,269.9992,84.3748,\N,\N,"2011-06-28 00:00:00.000000","2011-07-10 00:00:00.000000","2011-07-05 00:00:00.000000"
310,20110628,20110710,20110705,13807,1,29,8,"SO45023",1,1,1,3578.27,3578.27,0,0,2171.2942,2171.2942,3578.27,286.2616,89.4568,\N,\N,"2011-06-28 00:00:00.000000","2011-07-10 00:00:00.000000","2011-07-05 00:00:00.000000"
344,20110629,20110711,20110706,29475,1,29,8,"SO45024",1,1,1,3399.99,3399.99,0,0,1912.1544,1912.1544,3399.99,271.9992,84.9998,\N,\N,"2011-06-29 00:00:00.000000","2011-07-11 00:00:00.000000","2011-07-06 00:00:00.000000"
311,20110629,20110711,20110706,29070,1,100,4,"SO45025",1,1,1,3578.27,3578.27,0,0,2171.2942,2171.2942,3578.27,286.2616,89.4568,\N,\N,"2011-06-29 00:00:00.000000","2011-07-11 00:00:00.000000","2011-07-06 00:00:00.000000"
344,20110629,20110711,20110706,25962,1,100,1,"SO45026",1,1,1,3399.99,3399.99,0,0,1912.1544,1912.1544,3399.99,271.9992,84.9998,\N,\N,"2011-06-29 00:00:00.000000","2011-07-11 00:00:00.000000","2011-07-06 00:00:00.000000"
314,20110629,20110711,20110706,28871,1,100,1,"SO45027",1,1,1,3578.27,3578.27,0,0,2171.2942,2171.2942,3578.27,286.2616,89.4568,\N,\N,"2011-06-29 00:00:00.000000","2011-07-11 00:00:00.000000","2011-07-06 00:00:00.000000"
314,20110629,20110711,20110706,18702,1,6,9,"SO45028",1,1,1,3578.27,3578.27,0,0,2171.2942,2171.2942,3578.27,286.2616,89.4568,\N,\N,"2011-06-29 00:00:00.000000","2011-07-11 00:00:00.000000","2011-07-06 00:00:00.000000"
311,20110629,20110711,20110706,18331,1,6,9,"SO45029",1,1,1,3578.27,3578.27,0,0,2171.2942,2171.2942,3578.27,286.2616,89.4568,\N,\N,"2011-06-29 00:00:00.000000","2011-07-11 00:00:00.000000","2011-07-06 00:00:00.000000"
348,20110629,20110711,20110706,11450,1,6,9,"SO45030",1,1,1,3374.99,3374.99,0,0,1898.0944,1898.0944,3374.99,269.9992,84.3748,\N,\N,"2011-06-29 00:00:00.000000","2011-07-11 00:00:00.000000","2011-07-06 00:00:00.000000"
313,20110630,20110712,20110707,14792,1,98,10,"SO45031",1,1,1,3578.27,3578.27,0,0,2171.2942,2171.2942,3578.27,286.2616,89.4568,\N,\N,"2011-06-30 00:00:00.000000","2011-07-12 00:00:00.000000","2011-07-07 00:00:00.000000"
311,20110630,20110712,20110707,14139,1,29,8,"SO45032",1,1,1,3578.27,3578.27,0,0,2171.2942,2171.2942,3578.27,286.2616,89.4568,\N,\N,"2011-06-30 00:00:00.000000","2011-07-12 00:00:00.000000","2011-07-07 00:00:00.000000"
312,20110630,20110712,20110707,29138,1,100,4,"SO45033",1,1,1,3578.27,3578.27,0,0,2171.2942,2171.2942,3578.27,286.2616,89.4568,\N,\N,"2011-06-30 00:00:00.000000","2011-07-12 00:00:00.000000","2011-07-07 00:00:00.000000"
310,20110630,20110712,20110707,28822,1,100,1,"SO45034",1,1,1,3578.27,3578.27,0,0,2171.2942,2171.2942,3578.27,286.2616,89.4568,\N,\N,"2011-06-30 00:00:00.000000","2011-07-12 00:00:00.000000","2011-07-07 00:00:00.000000"
310,20110630,20110712,20110707,28839,1,100,1,"SO45035",1,1,1,3578.27,3578.27,0,0,2171.2942,2171.2942,3578.27,286.2616,89.4568,\N,\N,"2011-06-30 00:00:00.000000","2011-07-12 00:00:00.000000","2011-07-07 00:00:00.000000"
311,20110630,20110712,20110707,28846,1,100,4,"SO45036",1,1,1,3578.27,3578.27,0,0,2171.2942,2171.2942,3578.27,286.2616,89.4568,\N,\N,"2011-06-30 00:00:00.000000","2011-07-12 00:00:00.000000","2011-07-07 00:00:00.000000"
332,20110630,20110712,20110707,25704,1,6,9,"SO45037",1,1,1,699.0982,699.0982,0,0,413.1463,413.1463,699.0982,55.9279,17.4775,\N,\N,"2011-06-30 00:00:00.000000","2011-07-12 00:00:00.000000","2011-07-07 00:00:00.000000"
313,20110701,20110713,20110708,12494,1,100,7,"SO45078",1,1,1,3578.27,3578.27,0,0,2171.2942,2171.2942,3578.27,286.2616,89.4568,\N,\N,"2011-07-01 00:00:00.000000","2011-07-13 00:00:00.000000","2011-07-08 00:00:00.000000"
312,20110701,20110713,20110708,29255,1,100,4,"SO45079",1,1,1,3578.27,3578.27,0,0,2171.2942,2171.2942,3578.27,286.2616,89.4568,\N,\N,"2011-07-01 00:00:00.000000","2011-07-13 00:00:00.000000","2011-07-08 00:00:00.000000"
332,20110701,20110713,20110708,14657,1,100,1,"SO45080",1,1,1,699.0982,699.0982,0,0,413.1463,413.1463,699.0982,55.9279,17.4775,\N,\N,"2011-07-01 00:00:00.000000","2011-07-13 00:00:00.000000","2011-07-08 00:00:00.000000"
338,20110701,20110713,20110708,26782,1,19,6,"SO45081",1,1,1,699.0982,699.0982,0,0,413.1463,413.1463,699.0982,55.9279,17.4775,\N,\N,"2011-07-01 00:00:00.000000","2011-07-13 00:00:00.000000","2011-07-08 00:00:00.000000"
350,20110701,20110713,20110708,11455,1,6,9,"SO45082",1,1,1,3374.99,3374.99,0,0,1898.0944,1898.0944,3374.99,269.9992,84.3748,\N,\N,"2011-07-01 00:00:00.000000","2011-07-13 00:00:00.000000","2011-07-08 00:00:00.000000"
312,20110702,20110714,20110709,14947,1,98,10,"SO45083",1,1,1,3578.27,3578.27,0,0,2171.2942,2171.2942,3578.27,286.2616,89.4568,\N,\N,"2011-07-02 00:00:00.000000","2011-07-14 00:00:00.000000","2011-07-09 00:00:00.000000"
310,20110702,20110714,20110709,29143,1,100,4,"SO45084",1,1,1,3578.27,3578.27,0,0,2171.2942,2171.2942,3578.27,286.2616,89.4568,\N,\N,"2011-07-02 00:00:00.000000","2011-07-14 00:00:00.000000","2011-07-09 00:00:00.000000"
312,20110702,20110714,20110709,18746,1,6,9,"SO45085",1,1,1,3578.27,3578.27,0,0,2171.2942,2171.2942,3578.27,286.2616,89.4568,\N,\N,"2011-07-02 00:00:00.000000","2011-07-14 00:00:00.000000","2011-07-09 00:00:00.000000"
314,20110702,20110714,20110709,18747,1,6,9,"SO45086",1,1,1,3578.27,3578.27,0,0,2171.2942,2171.2942,3578.27,286.2616,89.4568,\N,\N,"2011-07-02 00:00:00.000000","2011-07-14 00:00:00.000000","2011-07-09 00:00:00.000000"
350,20110703,20110715,20110710,11388,1,98,10,"SO45087",1,1,1,3374.99,3374.99,0,0,1898.0944,1898.0944,3374.99,269.9992,84.3748,\N,\N,"2011-07-03 00:00:00.000000","2011-07-15 00:00:00.000000","2011-07-10 00:00:00.000000"
345,20110703,20110715,20110710,11398,1,98,10,"SO45088",1,1,1,3399.99,3399.99,0,0,1912.1544,1912.1544,3399.99,271.9992,84.9998,\N,\N,"2011-07-03 00:00:00.000000","2011-07-15 00:00:00.000000","2011-07-10 00:00:00.000000"
351,20110703,20110715,20110710,25977,1,100,4,"SO45089",1,1,1,3374.99,3374.99,0,0,1898.0944,1898.0944,3374.99,269.9992,84.3748,\N,\N,"2011-07-03 00:00:00.000000","2011-07-15 00:00:00.000000","2011-07-10 00:00:00.000000"
310,20110703,20110715,20110710,29170,1,100,4,"SO45090",1,1,1,3578.27,3578.27,0,0,2171.2942,2171.2942,3578.27,286.2616,89.4568,\N,\N,"2011-07-03 00:00:00.000000","2011-07-15 00:00:00.000000","2011-07-10 00:00:00.000000"
314,20110703,20110715,20110710,18909,1,6,9,"SO45091",1,1,1,3578.27,3578.27,0,0,2171.2942,2171.2942,3578.27,286.2616,89.4568,\N,\N,"2011-07-03 00:00:00.000000","2011-07-15 00:00:00.000000","2011-07-10 00:00:00.000000"
313,20110703,20110715,20110710,18899,1,6,9,"SO45092",1,1,1,3578.27,3578.27,0,0,2171.2942,2171.2942,3578.27,286.2616,89.4568,\N,\N,"2011-07-03 00:00:00.000000","2011-07-15 00:00:00.000000","2011-07-10 00:00:00.000000"
312,20110703,20110715,20110710,18906,1,6,9,"SO45093",1,1,1,3578.27,3578.27,0,0,2171.2942,2171.2942,3578.27,286.2616,89.4568,\N,\N,"2011-07-03 00:00:00.000000","2011-07-15 00:00:00.000000","2011-07-10 00:00:00.000000"
310,20110703,20110715,20110710,22785,1,19,6,"SO45094",1,1,1,3578.27,3578.27,0,0,2171.2942,2171.2942,3578.27,286.2616,89.4568,\N,\N,"2011-07-03 00:00:00.000000","2011-07-15 00:00:00.000000","2011-07-10 00:00:00.000000"
344,20110704,20110716,20110711,11394,1,98,10,"SO45095",1,1,1,3399.99,3399.99,0,0,1912.1544,1912.1544,3399.99,271.9992,84.9998,\N,\N,"2011-07-04 00:00:00.000000","2011-07-16 00:00:00.000000","2011-07-11 00:00:00.000000"
312,20110704,20110716,20110711,12483,1,100,7,"SO45096",1,1,1,3578.27,3578.27,0,0,2171.2942,2171.2942,3578.27,286.2616,89.4568,\N,\N,"2011-07-04 00:00:00.000000","2011-07-16 00:00:00.000000","2011-07-11 00:00:00.000000"
313,20110704,20110716,20110711,29151,1,100,4,"SO45097",1,1,1,3578.27,3578.27,0,0,2171.2942,2171.2942,3578.27,286.2616,89.4568,\N,\N,"2011-07-04 00:00:00.000000","2011-07-16 00:00:00.000000","2011-07-11 00:00:00.000000"
310,20110704,20110716,20110711,29167,1,100,1,"SO45098",1,1,1,3578.27,3578.27,0,0,2171.2942,2171.2942,3578.27,286.2616,89.4568,\N,\N,"2011-07-04 00:00:00.000000","2011-07-16 00:00:00.000000","2011-07-11 00:00:00.000000"
312,20110704,20110716,20110711,29174,1,100,1,"SO45099",1,1,1,3578.27,3578.27,0,0,2171.2942,2171.2942,3578.27,286.2616,89.4568,\N,\N,"2011-07-04 00:00:00.000000","2011-07-16 00:00:00.000000","2011-07-11 00:00:00.000000"
326,20110705,20110717,20110712,19428,1,100,8,"SO45100",1,1,1,699.0982,699.0982,0,0,413.1463,413.1463,699.0982,55.9279,17.4775,\N,\N,"2011-07-05 00:00:00.000000","2011-07-17 00:00:00.000000","2011-07-12 00:00:00.000000"
313,20110705,20110717,20110712,22748,1,19,6,"SO45101",1,1,1,3578.27,3578.27,0,0,2171.2942,2171.2942,3578.27,286.2616,89.4568,\N,\N,"2011-07-05 00:00:00.000000","2011-07-17 00:00:00.000000","2011-07-12 00:00:00.000000"
310,20110705,20110717,20110712,29274,1,100,4,"SO45102",1,1,1,3578.27,3578.27,0,0,2171.2942,2171.2942,3578.27,286.2616,89.4568,\N,\N,"2011-07-05 00:00:00.000000","2011-07-17 00:00:00.000000","2011-07-12 00:00:00.000000"
310,20110706,20110718,20110713,29140,1,100,1,"SO45103",1,1,1,3578.27,3578.27,0,0,2171.2942,2171.2942,3578.27,286.2616,89.4568,\N,\N,"2011-07-06 00:00:00.000000","2011-07-18 00:00:00.000000","2011-07-13 00:00:00.000000"
310,20110706,20110718,20110713,29142,1,100,4,"SO45104",1,1,1,3578.27,3578.27,0,0,2171.2942,2171.2942,3578.27,286.2616,89.4568,\N,\N,"2011-07-06 00:00:00.000000","2011-07-18 00:00:00.000000","2011-07-13 00:00:00.000000"
312,20110706,20110718,20110713,22765,1,19,6,"SO45105",1,1,1,3578.27,3578.27,0,0,2171.2942,2171.2942,3578.27,286.2616,89.4568,\N,\N,"2011-07-06 00:00:00.000000","2011-07-18 00:00:00.000000","2011-07-13 00:00:00.000000"
348,20110706,20110718,20110713,19987,1,19,6,"SO45106",1,1,1,3374.99,3374.99,0,0,1898.0944,1898.0944,3374.99,269.9992,84.3748,\N,\N,"2011-07-06 00:00:00.000000","2011-07-18 00:00:00.000000","2011-07-13 00:00:00.000000"
312,20110706,20110718,20110713,29275,1,100,4,"SO45107",1,1,1,3578.27,3578.27,0,0,2171.2942,2171.2942,3578.27,286.2616,89.4568,\N,\N,"2011-07-06 00:00:00.000000","2011-07-18 00:00:00.000000","2011-07-13 00:00:00.000000"
310,20110706,20110718,20110713,22975,1,19,6,"SO45108",1,1,1,3578.27,3578.27,0,0,2171.2942,2171.2942,3578.27,286.2616,89.4568,\N,\N,"2011-07-06 00:00:00.000000","2011-07-18 00:00:00.000000","2011-07-13 00:00:00.000000"
311,20110707,20110719,20110714,14937,1,98,10,"SO45109",1,1,1,3578.27,3578.27,0,0,2171.2942,2171.2942,3578.27,286.2616,89.4568,\N,\N,"2011-07-07 00:00:00.000000","2011-07-19 00:00:00.000000","2011-07-14 00:00:00.000000"
311,20110707,20110719,20110714,18710,1,6,9,"SO45110",1,1,1,3578.27,3578.27,0,0,2171.2942,2171.2942,3578.27,286.2616,89.4568,\N,\N,"2011-07-07 00:00:00.000000","2011-07-19 00:00:00.000000","2011-07-14 00:00:00.000000"
326,20110707,20110719,20110714,25713,1,6,9,"SO45111",1,1,1,699.0982,699.0982,0,0,413.1463,413.1463,699.0982,55.9279,17.4775,\N,\N,"2011-07-07 00:00:00.000000","2011-07-19 00:00:00.000000","2011-07-14 00:00:00.000000"
324,20110707,20110719,20110714,20558,1,98,10,"SO45112",1,1,1,699.0982,699.0982,0,0,413.1463,413.1463,699.0982,55.9279,17.4775,\N,\N,"2011-07-07 00:00:00.000000","2011-07-19 00:00:00.000000","2011-07-14 00:00:00.000000"
313,20110708,20110720,20110715,29141,1,100,4,"SO45113",1,1,1,3578.27,3578.27,0,0,2171.2942,2171.2942,3578.27,286.2616,89.4568,\N,\N,"2011-07-08 00:00:00.000000","2011-07-20 00:00:00.000000","2011-07-15 00:00:00.000000"
310,20110708,20110720,20110715,29146,1,100,1,"SO45114",1,1,1,3578.27,3578.27,0,0,2171.2942,2171.2942,3578.27,286.2616,89.4568,\N,\N,"2011-07-08 00:00:00.000000","2011-07-20 00:00:00.000000","2011-07-15 00:00:00.000000"
348,20110708,20110720,20110715,25984,1,100,4,"SO45115",1,1,1,3374.99,3374.99,0,0,1898.0944,1898.0944,3374.99,269.9992,84.3748,\N,\N,"2011-07-08 00:00:00.000000","2011-07-20 00:00:00.000000","2011-07-15 00:00:00.000000"
311,20110708,20110720,20110715,29204,1,100,1,"SO45116",1,1,1,3578.27,3578.27,0,0,2171.2942,2171.2942,3578.27,286.2616,89.4568,\N,\N,"2011-07-08 00:00:00.000000","2011-07-20 00:00:00.000000","2011-07-15 00:00:00.000000"
342,20110708,20110720,20110715,14727,1,100,1,"SO45117",1,1,1,699.0982,699.0982,0,0,413.1463,413.1463,699.0982,55.9279,17.4775,\N,\N,"2011-07-08 00:00:00.000000","2011-07-20 00:00:00.000000","2011-07-15 00:00:00.000000"
314,20110708,20110720,20110715,18722,1,6,9,"SO45118",1,1,1,3578.27,3578.27,0,0,2171.2942,2171.2942,3578.27,286.2616,89.4568,\N,\N,"2011-07-08 00:00:00.000000","2011-07-20 00:00:00.000000","2011-07-15 00:00:00.000000"
314,20110708,20110720,20110715,18740,1,6,9,"SO45119",1,1,1,3578.27,3578.27,0,0,2171.2942,2171.2942,3578.27,286.2616,89.4568,\N,\N,"2011-07-08 00:00:00.000000","2011-07-20 00:00:00.000000","2011-07-15 00:00:00.000000"
344,20110708,20110720,20110715,11751,1,6,9,"SO45120",1,1,1,3399.99,3399.99,0,0,1912.1544,1912.1544,3399.99,271.9992,84.9998,\N,\N,"2011-07-08 00:00:00.000000","2011-07-20 00:00:00.000000","2011-07-15 00:00:00.000000"
310,20110709,20110721,20110716,29169,1,100,1,"SO45121",1,1,1,3578.27,3578.27,0,0,2171.2942,2171.2942,3578.27,286.2616,89.4568,\N,\N,"2011-07-09 00:00:00.000000","2011-07-21 00:00:00.000000","2011-07-16 00:00:00.000000"
314,20110709,20110721,20110716,29236,1,100,4,"SO45122",1,1,1,3578.27,3578.27,0,0,2171.2942,2171.2942,3578.27,286.2616,89.4568,\N,\N,"2011-07-09 00:00:00.000000","2011-07-21 00:00:00.000000","2011-07-16 00:00:00.000000"
311,20110709,20110721,20110716,22971,1,19,6,"SO45123",1,1,1,3578.27,3578.27,0,0,2171.2942,2171.2942,3578.27,286.2616,89.4568,\N,\N,"2011-07-09 00:00:00.000000","2011-07-21 00:00:00.000000","2011-07-16 00:00:00.000000"
313,20110709,20110721,20110716,18725,1,6,9,"SO45124",1,1,1,3578.27,3578.27,0,0,2171.2942,2171.2942,3578.27,286.2616,89.4568,\N,\N,"2011-07-09 00:00:00.000000","2011-07-21 00:00:00.000000","2011-07-16 00:00:00.000000"
312,20110709,20110721,20110716,18708,1,6,9,"SO45125",1,1,1,3578.27,3578.27,0,0,2171.2942,2171.2942,3578.27,286.2616,89.4568,\N,\N,"2011-07-09 00:00:00.000000","2011-07-21 00:00:00.000000","2011-07-16 00:00:00.000000"
311,20110710,20110722,20110717,12480,1,100,7,"SO45126",1,1,1,3578.27,3578.27,0,0,2171.2942,2171.2942,3578.27,286.2616,89.4568,\N,\N,"2011-07-10 00:00:00.000000","2011-07-22 00:00:00.000000","2011-07-17 00:00:00.000000"
313,20110710,20110722,20110717,29158,1,100,1,"SO45127",1,1,1,3578.27,3578.27,0,0,2171.2942,2171.2942,3578.27,286.2616,89.4568,\N,\N,"2011-07-10 00:00:00.000000","2011-07-22 00:00:00.000000","2011-07-17 00:00:00.000000"
310,20110710,20110722,20110717,18726,1,6,9,"SO45128",1,1,1,3578.27,3578.27,0,0,2171.2942,2171.2942,3578.27,286.2616,89.4568,\N,\N,"2011-07-10 00:00:00.000000","2011-07-22 00:00:00.000000","2011-07-17 00:00:00.000000"
350,20110710,20110722,20110717,11759,1,6,9,"SO45129",1,1,1,3374.99,3374.99,0,0,1898.0944,1898.0944,3374.99,269.9992,84.3748,\N,\N,"2011-07-10 00:00:00.000000","2011-07-22 00:00:00.000000","2011-07-17 00:00:00.000000"
313,20110711,20110723,20110718,14975,1,98,10,"SO45130",1,1,1,3578.27,3578.27,0,0,2171.2942,2171.2942,3578.27,286.2616,89.4568,\N,\N,"2011-07-11 00:00:00.000000","2011-07-23 00:00:00.000000","2011-07-18 00:00:00.000000"
344,20110711,20110723,20110718,25979,1,100,1,"SO45131",1,1,1,3399.99,3399.99,0,0,1912.1544,1912.1544,3399.99,271.9992,84.9998,\N,\N,"2011-07-11 00:00:00.000000","2011-07-23 00:00:00.000000","2011-07-18 00:00:00.000000"
350,20110711,20110723,20110718,25985,1,100,4,"SO45132",1,1,1,3374.99,3374.99,0,0,1898.0944,1898.0944,3374.99,269.9992,84.3748,\N,\N,"2011-07-11 00:00:00.000000","2011-07-23 00:00:00.000000","2011-07-18 00:00:00.000000"
314,20110711,20110723,20110718,29163,1,100,1,"SO45133",1,1,1,3578.27,3578.27,0,0,2171.2942,2171.2942,3578.27,286.2616,89.4568,\N,\N,"2011-07-11 00:00:00.000000","2011-07-23 00:00:00.000000","2011-07-18 00:00:00.000000"
314,20110711,20110723,20110718,22895,1,19,6,"SO45134",1,1,1,3578.27,3578.27,0,0,2171.2942,2171.2942,3578.27,286.2616,89.4568,\N,\N,"2011-07-11 00:00:00.000000","2011-07-23 00:00:00.000000","2011-07-18 00:00:00.000000"
310,20110711,20110723,20110718,29264,1,100,4,"SO45135",1,1,1,3578.27,3578.27,0,0,2171.2942,2171.2942,3578.27,286.2616,89.4568,\N,\N,"2011-07-11 00:00:00.000000","2011-07-23 00:00:00.000000","2011-07-18 00:00:00.000000"
312,20110711,20110723,20110718,19084,1,6,9,"SO45136",1,1,1,3578.27,3578.27,0,0,2171.2942,2171.2942,3578.27,286.2616,89.4568,\N,\N,"2011-07-11 00:00:00.000000","2011-07-23 00:00:00.000000","2011-07-18 00:00:00.000000"
310,20110711,20110723,20110718,18735,1,6,9,"SO45137",1,1,1,3578.27,3578.27,0,0,2171.2942,2171.2942,3578.27,286.2616,89.4568,\N,\N,"2011-07-11 00:00:00.000000","2011-07-23 00:00:00.000000","2011-07-18 00:00:00.000000"
349,20110711,20110723,20110718,11452,1,6,9,"SO45138",1,1,1,3374.99,3374.99,0,0,1898.0944,1898.0944,3374.99,269.9992,84.3748,\N,\N,"2011-07-11 00:00:00.000000","2011-07-23 00:00:00.000000","2011-07-18 00:00:00.000000"
314,20110712,20110724,20110719,12468,1,100,7,"SO45139",1,1,1,3578.27,3578.27,0,0,2171.2942,2171.2942,3578.27,286.2616,89.4568,\N,\N,"2011-07-12 00:00:00.000000","2011-07-24 00:00:00.000000","2011-07-19 00:00:00.000000"
312,20110712,20110724,20110719,12485,1,100,7,"SO45140",1,1,1,3578.27,3578.27,0,0,2171.2942,2171.2942,3578.27,286.2616,89.4568,\N,\N,"2011-07-12 00:00:00.000000","2011-07-24 00:00:00.000000","2011-07-19 00:00:00.000000"
312,20110712,20110724,20110719,29222,1,100,4,"SO45141",1,1,1,3578.27,3578.27,0,0,2171.2942,2171.2942,3578.27,286.2616,89.4568,\N,\N,"2011-07-12 00:00:00.000000","2011-07-24 00:00:00.000000","2011-07-19 00:00:00.000000"
311,20110712,20110724,20110719,22901,1,19,6,"SO45142",1,1,1,3578.27,3578.27,0,0,2171.2942,2171.2942,3578.27,286.2616,89.4568,\N,\N,"2011-07-12 00:00:00.000000","2011-07-24 00:00:00.000000","2011-07-19 00:00:00.000000"
310,20110712,20110724,20110719,29278,1,100,4,"SO45143",1,1,1,3578.27,3578.27,0,0,2171.2942,2171.2942,3578.27,286.2616,89.4568,\N,\N,"2011-07-12 00:00:00.000000","2011-07-24 00:00:00.000000","2011-07-19 00:00:00.000000"
311,20110712,20110724,20110719,19093,1,6,9,"SO45144",1,1,1,3578.27,3578.27,0,0,2171.2942,2171.2942,3578.27,286.2616,89.4568,\N,\N,"2011-07-12 00:00:00.000000","2011-07-24 00:00:00.000000","2011-07-19 00:00:00.000000"
314,20110712,20110724,20110719,18716,1,6,9,"SO45145",1,1,1,3578.27,3578.27,0,0,2171.2942,2171.2942,3578.27,286.2616,89.4568,\N,\N,"2011-07-12 00:00:00.000000","2011-07-24 00:00:00.000000","2011-07-19 00:00:00.000000"
310,20110713,20110725,20110720,14950,1,98,10,"SO45146",1,1,1,3578.27,3578.27,0,0,2171.2942,2171.2942,3578.27,286.2616,89.4568,\N,\N,"2011-07-13 00:00:00.000000","2011-07-25 00:00:00.000000","2011-07-20 00:00:00.000000"
312,20110713,20110725,20110720,29166,1,100,4,"SO45147",1,1,1,3578.27,3578.27,0,0,2171.2942,2171.2942,3578.27,286.2616,89.4568,\N,\N,"2011-07-13 00:00:00.000000","2011-07-25 00:00:00.000000","2011-07-20 00:00:00.000000"
342,20110713,20110725,20110720,14656,1,100,1,"SO45148",1,1,1,699.0982,699.0982,0,0,413.1463,413.1463,699.0982,55.9279,17.4775,\N,\N,"2011-07-13 00:00:00.000000","2011-07-25 00:00:00.000000","2011-07-20 00:00:00.000000"
314,20110714,20110726,20110721,14941,1,98,10,"SO45149",1,1,1,3578.27,3578.27,0,0,2171.2942,2171.2942,3578.27,286.2616,89.4568,\N,\N,"2011-07-14 00:00:00.000000","2011-07-26 00:00:00.000000","2011-07-21 00:00:00.000000"
346,20110714,20110726,20110721,25980,1,100,1,"SO45150",1,1,1,3399.99,3399.99,0,0,1912.1544,1912.1544,3399.99,271.9992,84.9998,\N,\N,"2011-07-14 00:00:00.000000","2011-07-26 00:00:00.000000","2011-07-21 00:00:00.000000"
314,20110714,20110726,20110721,29202,1,100,1,"SO45151",1,1,1,3578.27,3578.27,0,0,2171.2942,2171.2942,3578.27,286.2616,89.4568,\N,\N,"2011-07-14 00:00:00.000000","2011-07-26 00:00:00.000000","2011-07-21 00:00:00.000000"
310,20110714,20110726,20110721,29276,1,100,1,"SO45152",1,1,1,3578.27,3578.27,0,0,2171.2942,2171.2942,3578.27,286.2616,89.4568,\N,\N,"2011-07-14 00:00:00.000000","2011-07-26 00:00:00.000000","2011-07-21 00:00:00.000000"
310,20110714,20110726,20110721,19089,1,6,9,"SO45153",1,1,1,3578.27,3578.27,0,0,2171.2942,2171.2942,3578.27,286.2616,89.4568,\N,\N,"2011-07-14 00:00:00.000000","2011-07-26 00:00:00.000000","2011-07-21 00:00:00.000000"
313,20110714,20110726,20110721,18767,1,6,9,"SO45154",1,1,1,3578.27,3578.27,0,0,2171.2942,2171.2942,3578.27,286.2616,89.4568,\N,\N,"2011-07-14 00:00:00.000000","2011-07-26 00:00:00.000000","2011-07-21 00:00:00.000000"
312,20110714,20110726,20110721,18900,1,6,9,"SO45155",1,1,1,3578.27,3578.27,0,0,2171.2942,2171.2942,3578.27,286.2616,89.4568,\N,\N,"2011-07-14 00:00:00.000000","2011-07-26 00:00:00.000000","2011-07-21 00:00:00.000000"
344,20110714,20110726,20110721,11465,1,6,9,"SO45156",1,1,1,3399.99,3399.99,0,0,1912.1544,1912.1544,3399.99,271.9992,84.9998,\N,\N,"2011-07-14 00:00:00.000000","2011-07-26 00:00:00.000000","2011-07-21 00:00:00.000000"
344,20110714,20110726,20110721,11750,1,6,9,"SO45157",1,1,1,3399.99,3399.99,0,0,1912.1544,1912.1544,3399.99,271.9992,84.9998,\N,\N,"2011-07-14 00:00:00.000000","2011-07-26 00:00:00.000000","2011-07-21 00:00:00.000000"
344,20110715,20110727,20110722,28419,1,100,7,"SO45158",1,1,1,3399.99,3399.99,0,0,1912.1544,1912.1544,3399.99,271.9992,84.9998,\N,\N,"2011-07-15 00:00:00.000000","2011-07-27 00:00:00.000000","2011-07-22 00:00:00.000000"
349,20110715,20110727,20110722,11400,1,98,10,"SO45159",1,1,1,3374.99,3374.99,0,0,1898.0944,1898.0944,3374.99,269.9992,84.3748,\N,\N,"2011-07-15 00:00:00.000000","2011-07-27 00:00:00.000000","2011-07-22 00:00:00.000000"
310,20110715,20110727,20110722,14984,1,98,10,"SO45160",1,1,1,3578.27,3578.27,0,0,2171.2942,2171.2942,3578.27,286.2616,89.4568,\N,\N,"2011-07-15 00:00:00.000000","2011-07-27 00:00:00.000000","2011-07-22 00:00:00.000000"
349,20110715,20110727,20110722,25978,1,100,4,"SO45161",1,1,1,3374.99,3374.99,0,0,1898.0944,1898.0944,3374.99,269.9992,84.3748,\N,\N,"2011-07-15 00:00:00.000000","2011-07-27 00:00:00.000000","2011-07-22 00:00:00.000000"
312,20110715,20110727,20110722,18721,1,6,9,"SO45162",1,1,1,3578.27,3578.27,0,0,2171.2942,2171.2942,3578.27,286.2616,89.4568,\N,\N,"2011-07-15 00:00:00.000000","2011-07-27 00:00:00.000000","2011-07-22 00:00:00.000000"
328,20110715,20110727,20110722,25714,1,6,9,"SO45163",1,1,1,699.0982,699.0982,0,0,413.1463,413.1463,699.0982,55.9279,17.4775,\N,\N,"2011-07-15 00:00:00.000000","2011-07-27 00:00:00.000000","2011-07-22 00:00:00.000000"
349,20110715,20110727,20110722,11453,1,6,9,"SO45164",1,1,1,3374.99,3374.99,0,0,1898.0944,1898.0944,3374.99,269.9992,84.3748,\N,\N,"2011-07-15 00:00:00.000000","2011-07-27 00:00:00.000000","2011-07-22 00:00:00.000000"
313,20110716,20110728,20110723,22881,1,19,6,"SO45165",1,1,1,3578.27,3578.27,0,0,2171.2942,2171.2942,3578.27,286.2616,89.4568,\N,\N,"2011-07-16 00:00:00.000000","2011-07-28 00:00:00.000000","2011-07-23 00:00:00.000000"
312,20110716,20110728,20110723,19083,1,6,9,"SO45166",1,1,1,3578.27,3578.27,0,0,2171.2942,2171.2942,3578.27,286.2616,89.4568,\N,\N,"2011-07-16 00:00:00.000000","2011-07-28 00:00:00.000000","2011-07-23 00:00:00.000000"
311,20110716,20110728,20110723,18706,1,6,9,"SO45167",1,1,1,3578.27,3578.27,0,0,2171.2942,2171.2942,3578.27,286.2616,89.4568,\N,\N,"2011-07-16 00:00:00.000000","2011-07-28 00:00:00.000000","2011-07-23 00:00:00.000000"
312,20110716,20110728,20110723,18738,1,6,9,"SO45168",1,1,1,3578.27,3578.27,0,0,2171.2942,2171.2942,3578.27,286.2616,89.4568,\N,\N,"2011-07-16 00:00:00.000000","2011-07-28 00:00:00.000000","2011-07-23 00:00:00.000000"
314,20110716,20110728,20110723,18766,1,6,9,"SO45169",1,1,1,3578.27,3578.27,0,0,2171.2942,2171.2942,3578.27,286.2616,89.4568,\N,\N,"2011-07-16 00:00:00.000000","2011-07-28 00:00:00.000000","2011-07-23 00:00:00.000000"
351,20110716,20110728,20110723,11462,1,6,9,"SO45170",1,1,1,3374.99,3374.99,0,0,1898.0944,1898.0944,3374.99,269.9992,84.3748,\N,\N,"2011-07-16 00:00:00.000000","2011-07-28 00:00:00.000000","2011-07-23 00:00:00.000000"
345,20110716,20110728,20110723,11754,1,6,9,"SO45171",1,1,1,3399.99,3399.99,0,0,1912.1544,1912.1544,3399.99,271.9992,84.9998,\N,\N,"2011-07-16 00:00:00.000000","2011-07-28 00:00:00.000000","2011-07-23 00:00:00.000000"
334,20110717,20110729,20110724,18008,1,100,7,"SO45172",1,1,1,699.0982,699.0982,0,0,413.1463,413.1463,699.0982,55.9279,17.4775,\N,\N,"2011-07-17 00:00:00.000000","2011-07-29 00:00:00.000000","2011-07-24 00:00:00.000000"
314,20110717,20110729,20110724,29157,1,100,4,"SO45173",1,1,1,3578.27,3578.27,0,0,2171.2942,2171.2942,3578.27,286.2616,89.4568,\N,\N,"2011-07-17 00:00:00.000000","2011-07-29 00:00:00.000000","2011-07-24 00:00:00.000000"
313,20110717,20110729,20110724,29198,1,100,4,"SO45174",1,1,1,3578.27,3578.27,0,0,2171.2942,2171.2942,3578.27,286.2616,89.4568,\N,\N,"2011-07-17 00:00:00.000000","2011-07-29 00:00:00.000000","2011-07-24 00:00:00.000000"
313,20110717,20110729,20110724,29238,1,100,4,"SO45175",1,1,1,3578.27,3578.27,0,0,2171.2942,2171.2942,3578.27,286.2616,89.4568,\N,\N,"2011-07-17 00:00:00.000000","2011-07-29 00:00:00.000000","2011-07-24 00:00:00.000000"
313,20110717,20110729,20110724,29254,1,100,1,"SO45176",1,1,1,3578.27,3578.27,0,0,2171.2942,2171.2942,3578.27,286.2616,89.4568,\N,\N,"2011-07-17 00:00:00.000000","2011-07-29 00:00:00.000000","2011-07-24 00:00:00.000000"
314,20110717,20110729,20110724,18903,1,6,9,"SO45177",1,1,1,3578.27,3578.27,0,0,2171.2942,2171.2942,3578.27,286.2616,89.4568,\N,\N,"2011-07-17 00:00:00.000000","2011-07-29 00:00:00.000000","2011-07-24 00:00:00.000000"
347,20110717,20110729,20110724,11456,1,6,9,"SO45178",1,1,1,3399.99,3399.99,0,0,1912.1544,1912.1544,3399.99,271.9992,84.9998,\N,\N,"2011-07-17 00:00:00.000000","2011-07-29 00:00:00.000000","2011-07-24 00:00:00.000000"
351,20110717,20110729,20110724,11457,1,6,9,"SO45179",1,1,1,3374.99,3374.99,0,0,1898.0944,1898.0944,3374.99,269.9992,84.3748,\N,\N,"2011-07-17 00:00:00.000000","2011-07-29 00:00:00.000000","2011-07-24 00:00:00.000000"
311,20110718,20110730,20110725,15046,1,98,10,"SO45180",1,1,1,3578.27,3578.27,0,0,2171.2942,2171.2942,3578.27,286.2616,89.4568,\N,\N,"2011-07-18 00:00:00.000000","2011-07-30 00:00:00.000000","2011-07-25 00:00:00.000000"
310,20110718,20110730,20110725,14929,1,98,10,"SO45181",1,1,1,3578.27,3578.27,0,0,2171.2942,2171.2942,3578.27,286.2616,89.4568,\N,\N,"2011-07-18 00:00:00.000000","2011-07-30 00:00:00.000000","2011-07-25 00:00:00.000000"
312,20110718,20110730,20110725,18769,1,6,9,"SO45182",1,1,1,3578.27,3578.27,0,0,2171.2942,2171.2942,3578.27,286.2616,89.4568,\N,\N,"2011-07-18 00:00:00.000000","2011-07-30 00:00:00.000000","2011-07-25 00:00:00.000000"
334,20110718,20110730,20110725,25711,1,6,9,"SO45183",1,1,1,699.0982,699.0982,0,0,413.1463,413.1463,699.0982,55.9279,17.4775,\N,\N,"2011-07-18 00:00:00.000000","2011-07-30 00:00:00.000000","2011-07-25 00:00:00.000000"
320,20110718,20110730,20110725,25717,1,6,9,"SO45184",1,1,1,699.0982,699.0982,0,0,413.1463,413.1463,699.0982,55.9279,17.4775,\N,\N,"2011-07-18 00:00:00.000000","2011-07-30 00:00:00.000000","2011-07-25 00:00:00.000000"
310,20110718,20110730,20110725,14949,1,98,10,"SO45185",1,1,1,3578.27,3578.27,0,0,2171.2942,2171.2942,3578.27,286.2616,89.4568,\N,\N,"2011-07-18 00:00:00.000000","2011-07-30 00:00:00.000000","2011-07-25 00:00:00.000000"
313,20110719,20110731,20110726,14991,1,98,10,"SO45186",1,1,1,3578.27,3578.27,0,0,2171.2942,2171.2942,3578.27,286.2616,89.4568,\N,\N,"2011-07-19 00:00:00.000000","2011-07-31 00:00:00.000000","2011-07-26 00:00:00.000000"
310,20110719,20110731,20110726,15047,1,98,10,"SO45187",1,1,1,3578.27,3578.27,0,0,2171.2942,2171.2942,3578.27,286.2616,89.4568,\N,\N,"2011-07-19 00:00:00.000000","2011-07-31 00:00:00.000000","2011-07-26 00:00:00.000000"
311,20110719,20110731,20110726,14861,1,98,10,"SO45188",1,1,1,3578.27,3578.27,0,0,2171.2942,2171.2942,3578.27,286.2616,89.4568,\N,\N,"2011-07-19 00:00:00.000000","2011-07-31 00:00:00.000000","2011-07-26 00:00:00.000000"
310,20110719,20110731,20110726,29145,1,100,1,"SO45189",1,1,1,3578.27,3578.27,0,0,2171.2942,2171.2942,3578.27,286.2616,89.4568,\N,\N,"2011-07-19 00:00:00.000000","2011-07-31 00:00:00.000000","2011-07-26 00:00:00.000000"
313,20110719,20110731,20110726,18931,1,6,9,"SO45190",1,1,1,3578.27,3578.27,0,0,2171.2942,2171.2942,3578.27,286.2616,89.4568,\N,\N,"2011-07-19 00:00:00.000000","2011-07-31 00:00:00.000000","2011-07-26 00:00:00.000000"
328,20110719,20110731,20110726,14660,1,100,1,"SO45191",1,1,1,699.0982,699.0982,0,0,413.1463,413.1463,699.0982,55.9279,17.4775,\N,\N,"2011-07-19 00:00:00.000000","2011-07-31 00:00:00.000000","2011-07-26 00:00:00.000000"
314,20110720,20110801,20110727,14846,1,98,10,"SO45192",1,1,1,3578.27,3578.27,0,0,2171.2942,2171.2942,3578.27,286.2616,89.4568,\N,\N,"2011-07-20 00:00:00.000000","2011-08-01 00:00:00.000000","2011-07-27 00:00:00.000000"
310,20110720,20110801,20110727,22889,1,19,6,"SO45193",1,1,1,3578.27,3578.27,0,0,2171.2942,2171.2942,3578.27,286.2616,89.4568,\N,\N,"2011-07-20 00:00:00.000000","2011-08-01 00:00:00.000000","2011-07-27 00:00:00.000000"
313,20110720,20110801,20110727,29221,1,100,4,"SO45194",1,1,1,3578.27,3578.27,0,0,2171.2942,2171.2942,3578.27,286.2616,89.4568,\N,\N,"2011-07-20 00:00:00.000000","2011-08-01 00:00:00.000000","2011-07-27 00:00:00.000000"
313,20110720,20110801,20110727,18929,1,6,9,"SO45195",1,1,1,3578.27,3578.27,0,0,2171.2942,2171.2942,3578.27,286.2616,89.4568,\N,\N,"2011-07-20 00:00:00.000000","2011-08-01 00:00:00.000000","2011-07-27 00:00:00.000000"
311,20110720,20110801,20110727,18739,1,6,9,"SO45196",1,1,1,3578.27,3578.27,0,0,2171.2942,2171.2942,3578.27,286.2616,89.4568,\N,\N,"2011-07-20 00:00:00.000000","2011-08-01 00:00:00.000000","2011-07-27 00:00:00.000000"
314,20110720,20110801,20110727,18902,1,6,9,"SO45197",1,1,1,3578.27,3578.27,0,0,2171.2942,2171.2942,3578.27,286.2616,89.4568,\N,\N,"2011-07-20 00:00:00.000000","2011-08-01 00:00:00.000000","2011-07-27 00:00:00.000000"
313,20110721,20110802,20110728,14847,1,98,10,"SO45198",1,1,1,3578.27,3578.27,0,0,2171.2942,2171.2942,3578.27,286.2616,89.4568,\N,\N,"2011-07-21 00:00:00.000000","2011-08-02 00:00:00.000000","2011-07-28 00:00:00.000000"
346,20110721,20110802,20110728,29476,1,100,8,"SO45199",1,1,1,3399.99,3399.99,0,0,1912.1544,1912.1544,3399.99,271.9992,84.9998,\N,\N,"2011-07-21 00:00:00.000000","2011-08-02 00:00:00.000000","2011-07-28 00:00:00.000000"
311,20110721,20110802,20110728,29148,1,100,4,"SO45200",1,1,1,3578.27,3578.27,0,0,2171.2942,2171.2942,3578.27,286.2616,89.4568,\N,\N,"2011-07-21 00:00:00.000000","2011-08-02 00:00:00.000000","2011-07-28 00:00:00.000000"
312,20110721,20110802,20110728,29168,1,100,4,"SO45201",1,1,1,3578.27,3578.27,0,0,2171.2942,2171.2942,3578.27,286.2616,89.4568,\N,\N,"2011-07-21 00:00:00.000000","2011-08-02 00:00:00.000000","2011-07-28 00:00:00.000000"
314,20110721,20110802,20110728,19094,1,6,9,"SO45202",1,1,1,3578.27,3578.27,0,0,2171.2942,2171.2942,3578.27,286.2616,89.4568,\N,\N,"2011-07-21 00:00:00.000000","2011-08-02 00:00:00.000000","2011-07-28 00:00:00.000000"
314,20110721,20110802,20110728,18907,1,6,9,"SO45203",1,1,1,3578.27,3578.27,0,0,2171.2942,2171.2942,3578.27,286.2616,89.4568,\N,\N,"2011-07-21 00:00:00.000000","2011-08-02 00:00:00.000000","2011-07-28 00:00:00.000000"
345,20110721,20110802,20110728,11460,1,6,9,"SO45204",1,1,1,3399.99,3399.99,0,0,1912.1544,1912.1544,3399.99,271.9992,84.9998,\N,\N,"2011-07-21 00:00:00.000000","2011-08-02 00:00:00.000000","2011-07-28 00:00:00.000000"
344,20110722,20110803,20110729,28420,1,100,7,"SO45205",1,1,1,3399.99,3399.99,0,0,1912.1544,1912.1544,3399.99,271.9992,84.9998,\N,\N,"2011-07-22 00:00:00.000000","2011-08-03 00:00:00.000000","2011-07-29 00:00:00.000000"
313,20110722,20110803,20110729,12474,1,100,7,"SO45206",1,1,1,3578.27,3578.27,0,0,2171.2942,2171.2942,3578.27,286.2616,89.4568,\N,\N,"2011-07-22 00:00:00.000000","2011-08-03 00:00:00.000000","2011-07-29 00:00:00.000000"
312,20110722,20110803,20110729,29156,1,100,4,"SO45207",1,1,1,3578.27,3578.27,0,0,2171.2942,2171.2942,3578.27,286.2616,89.4568,\N,\N,"2011-07-22 00:00:00.000000","2011-08-03 00:00:00.000000","2011-07-29 00:00:00.000000"
344,20110722,20110803,20110729,19884,1,19,6,"SO45208",1,1,1,3399.99,3399.99,0,0,1912.1544,1912.1544,3399.99,271.9992,84.9998,\N,\N,"2011-07-22 00:00:00.000000","2011-08-03 00:00:00.000000","2011-07-29 00:00:00.000000"
314,20110722,20110803,20110729,29201,1,100,4,"SO45209",1,1,1,3578.27,3578.27,0,0,2171.2942,2171.2942,3578.27,286.2616,89.4568,\N,\N,"2011-07-22 00:00:00.000000","2011-08-03 00:00:00.000000","2011-07-29 00:00:00.000000"
311,20110722,20110803,20110729,29239,1,100,4,"SO45210",1,1,1,3578.27,3578.27,0,0,2171.2942,2171.2942,3578.27,286.2616,89.4568,\N,\N,"2011-07-22 00:00:00.000000","2011-08-03 00:00:00.000000","2011-07-29 00:00:00.000000"
311,20110722,20110803,20110729,18724,1,6,9,"SO45211",1,1,1,3578.27,3578.27,0,0,2171.2942,2171.2942,3578.27,286.2616,89.4568,\N,\N,"2011-07-22 00:00:00.000000","2011-08-03 00:00:00.000000","2011-07-29 00:00:00.000000"
314,20110722,20110803,20110729,18729,1,6,9,"SO45212",1,1,1,3578.27,3578.27,0,0,2171.2942,2171.2942,3578.27,286.2616,89.4568,\N,\N,"2011-07-22 00:00:00.000000","2011-08-03 00:00:00.000000","2011-07-29 00:00:00.000000"
349,20110722,20110803,20110729,11464,1,6,9,"SO45213",1,1,1,3374.99,3374.99,0,0,1898.0944,1898.0944,3374.99,269.9992,84.3748,\N,\N,"2011-07-22 00:00:00.000000","2011-08-03 00:00:00.000000","2011-07-29 00:00:00.000000"
310,20110723,20110804,20110730,12464,1,100,7,"SO45214",1,1,1,3578.27,3578.27,0,0,2171.2942,2171.2942,3578.27,286.2616,89.4568,\N,\N,"2011-07-23 00:00:00.000000","2011-08-04 00:00:00.000000","2011-07-30 00:00:00.000000"
312,20110723,20110804,20110730,29208,1,100,1,"SO45215",1,1,1,3578.27,3578.27,0,0,2171.2942,2171.2942,3578.27,286.2616,89.4568,\N,\N,"2011-07-23 00:00:00.000000","2011-08-04 00:00:00.000000","2011-07-30 00:00:00.000000"
313,20110723,20110804,20110730,29261,1,100,4,"SO45216",1,1,1,3578.27,3578.27,0,0,2171.2942,2171.2942,3578.27,286.2616,89.4568,\N,\N,"2011-07-23 00:00:00.000000","2011-08-04 00:00:00.000000","2011-07-30 00:00:00.000000"
314,20110724,20110805,20110731,29144,1,100,1,"SO45217",1,1,1,3578.27,3578.27,0,0,2171.2942,2171.2942,3578.27,286.2616,89.4568,\N,\N,"2011-07-24 00:00:00.000000","2011-08-05 00:00:00.000000","2011-07-31 00:00:00.000000"
345,20110724,20110805,20110731,25982,1,100,1,"SO45218",1,1,1,3399.99,3399.99,0,0,1912.1544,1912.1544,3399.99,271.9992,84.9998,\N,\N,"2011-07-24 00:00:00.000000","2011-08-05 00:00:00.000000","2011-07-31 00:00:00.000000"
313,20110724,20110805,20110731,22893,1,19,6,"SO45219",1,1,1,3578.27,3578.27,0,0,2171.2942,2171.2942,3578.27,286.2616,89.4568,\N,\N,"2011-07-24 00:00:00.000000","2011-08-05 00:00:00.000000","2011-07-31 00:00:00.000000"
312,20110724,20110805,20110731,29207,1,100,1,"SO45220",1,1,1,3578.27,3578.27,0,0,2171.2942,2171.2942,3578.27,286.2616,89.4568,\N,\N,"2011-07-24 00:00:00.000000","2011-08-05 00:00:00.000000","2011-07-31 00:00:00.000000"
314,20110724,20110805,20110731,22903,1,19,6,"SO45221",1,1,1,3578.27,3578.27,0,0,2171.2942,2171.2942,3578.27,286.2616,89.4568,\N,\N,"2011-07-24 00:00:00.000000","2011-08-05 00:00:00.000000","2011-07-31 00:00:00.000000"
330,20110724,20110805,20110731,14728,1,100,1,"SO45222",1,1,1,699.0982,699.0982,0,0,413.1463,413.1463,699.0982,55.9279,17.4775,\N,\N,"2011-07-24 00:00:00.000000","2011-08-05 00:00:00.000000","2011-07-31 00:00:00.000000"
312,20110724,20110805,20110731,18930,1,6,9,"SO45223",1,1,1,3578.27,3578.27,0,0,2171.2942,2171.2942,3578.27,286.2616,89.4568,\N,\N,"2011-07-24 00:00:00.000000","2011-08-05 00:00:00.000000","2011-07-31 00:00:00.000000"
311,20110724,20110805,20110731,18723,1,6,9,"SO45224",1,1,1,3578.27,3578.27,0,0,2171.2942,2171.2942,3578.27,286.2616,89.4568,\N,\N,"2011-07-24 00:00:00.000000","2011-08-05 00:00:00.000000","2011-07-31 00:00:00.000000"
338,20110725,20110806,20110801,14653,1,100,4,"SO45225",1,1,1,699.0982,699.0982,0,0,413.1463,413.1463,699.0982,55.9279,17.4775,\N,\N,"2011-07-25 00:00:00.000000","2011-08-06 00:00:00.000000","2011-08-01 00:00:00.000000"
342,20110725,20110806,20110801,14662,1,100,4,"SO45226",1,1,1,699.0982,699.0982,0,0,413.1463,413.1463,699.0982,55.9279,17.4775,\N,\N,"2011-07-25 00:00:00.000000","2011-08-06 00:00:00.000000","2011-08-01 00:00:00.000000"
322,20110725,20110806,20110801,14726,1,100,1,"SO45227",1,1,1,699.0982,699.0982,0,0,413.1463,413.1463,699.0982,55.9279,17.4775,\N,\N,"2011-07-25 00:00:00.000000","2011-08-06 00:00:00.000000","2011-08-01 00:00:00.000000"
314,20110725,20110806,20110801,18768,1,6,9,"SO45228",1,1,1,3578.27,3578.27,0,0,2171.2942,2171.2942,3578.27,286.2616,89.4568,\N,\N,"2011-07-25 00:00:00.000000","2011-08-06 00:00:00.000000","2011-08-01 00:00:00.000000"
349,20110726,20110807,20110802,11387,1,98,10,"SO45229",1,1,1,3374.99,3374.99,0,0,1898.0944,1898.0944,3374.99,269.9992,84.3748,\N,\N,"2011-07-26 00:00:00.000000","2011-08-07 00:00:00.000000","2011-08-02 00:00:00.000000"
313,20110726,20110807,20110802,29242,1,100,1,"SO45230",1,1,1,3578.27,3578.27,0,0,2171.2942,2171.2942,3578.27,286.2616,89.4568,\N,\N,"2011-07-26 00:00:00.000000","2011-08-07 00:00:00.000000","2011-08-02 00:00:00.000000"
314,20110726,20110807,20110802,18908,1,6,9,"SO45231",1,1,1,3578.27,3578.27,0,0,2171.2942,2171.2942,3578.27,286.2616,89.4568,\N,\N,"2011-07-26 00:00:00.000000","2011-08-07 00:00:00.000000","2011-08-02 00:00:00.000000"
310,20110726,20110807,20110802,18736,1,6,9,"SO45232",1,1,1,3578.27,3578.27,0,0,2171.2942,2171.2942,3578.27,286.2616,89.4568,\N,\N,"2011-07-26 00:00:00.000000","2011-08-07 00:00:00.000000","2011-08-02 00:00:00.000000"
344,20110726,20110807,20110802,11472,1,6,9,"SO45233",1,1,1,3399.99,3399.99,0,0,1912.1544,1912.1544,3399.99,271.9992,84.9998,\N,\N,"2011-07-26 00:00:00.000000","2011-08-07 00:00:00.000000","2011-08-02 00:00:00.000000"
328,20110727,20110808,20110803,18009,1,100,7,"SO45234",1,1,1,699.0982,699.0982,0,0,413.1463,413.1463,699.0982,55.9279,17.4775,\N,\N,"2011-07-27 00:00:00.000000","2011-08-08 00:00:00.000000","2011-08-03 00:00:00.000000"
314,20110727,20110808,20110803,29147,1,100,1,"SO45235",1,1,1,3578.27,3578.27,0,0,2171.2942,2171.2942,3578.27,286.2616,89.4568,\N,\N,"2011-07-27 00:00:00.000000","2011-08-08 00:00:00.000000","2011-08-03 00:00:00.000000"
312,20110727,20110808,20110803,18731,1,6,9,"SO45236",1,1,1,3578.27,3578.27,0,0,2171.2942,2171.2942,3578.27,286.2616,89.4568,\N,\N,"2011-07-27 00:00:00.000000","2011-08-08 00:00:00.000000","2011-08-03 00:00:00.000000"
314,20110727,20110808,20110803,18737,1,6,9,"SO45237",1,1,1,3578.27,3578.27,0,0,2171.2942,2171.2942,3578.27,286.2616,89.4568,\N,\N,"2011-07-27 00:00:00.000000","2011-08-08 00:00:00.000000","2011-08-03 00:00:00.000000"
346,20110727,20110808,20110803,11459,1,6,9,"SO45238",1,1,1,3399.99,3399.99,0,0,1912.1544,1912.1544,3399.99,271.9992,84.9998,\N,\N,"2011-07-27 00:00:00.000000","2011-08-08 00:00:00.000000","2011-08-03 00:00:00.000000"
328,20110728,20110809,20110804,19420,1,100,8,"SO45239",1,1,1,699.0982,699.0982,0,0,413.1463,413.1463,699.0982,55.9279,17.4775,\N,\N,"2011-07-28 00:00:00.000000","2011-08-09 00:00:00.000000","2011-08-04 00:00:00.000000"
310,20110728,20110809,20110804,29155,1,100,1,"SO45240",1,1,1,3578.27,3578.27,0,0,2171.2942,2171.2942,3578.27,286.2616,89.4568,\N,\N,"2011-07-28 00:00:00.000000","2011-08-09 00:00:00.000000","2011-08-04 00:00:00.000000"
311,20110728,20110809,20110804,29203,1,100,4,"SO45241",1,1,1,3578.27,3578.27,0,0,2171.2942,2171.2942,3578.27,286.2616,89.4568,\N,\N,"2011-07-28 00:00:00.000000","2011-08-09 00:00:00.000000","2011-08-04 00:00:00.000000"
311,20110728,20110809,20110804,29223,1,100,1,"SO45242",1,1,1,3578.27,3578.27,0,0,2171.2942,2171.2942,3578.27,286.2616,89.4568,\N,\N,"2011-07-28 00:00:00.000000","2011-08-09 00:00:00.000000","2011-08-04 00:00:00.000000"
334,20110728,20110809,20110804,25715,1,6,9,"SO45243",1,1,1,699.0982,699.0982,0,0,413.1463,413.1463,699.0982,55.9279,17.4775,\N,\N,"2011-07-28 00:00:00.000000","2011-08-09 00:00:00.000000","2011-08-04 00:00:00.000000"
350,20110728,20110809,20110804,11756,1,6,9,"SO45244",1,1,1,3374.99,3374.99,0,0,1898.0944,1898.0944,3374.99,269.9992,84.3748,\N,\N,"2011-07-28 00:00:00.000000","2011-08-09 00:00:00.000000","2011-08-04 00:00:00.000000"
310,20110729,20110810,20110805,18928,1,6,9,"SO45245",1,1,1,3578.27,3578.27,0,0,2171.2942,2171.2942,3578.27,286.2616,89.4568,\N,\N,"2011-07-29 00:00:00.000000","2011-08-10 00:00:00.000000","2011-08-05 00:00:00.000000"
310,20110729,20110810,20110805,18709,1,6,9,"SO45246",1,1,1,3578.27,3578.27,0,0,2171.2942,2171.2942,3578.27,286.2616,89.4568,\N,\N,"2011-07-29 00:00:00.000000","2011-08-10 00:00:00.000000","2011-08-05 00:00:00.000000"
334,20110729,20110810,20110805,25716,1,6,9,"SO45247",1,1,1,699.0982,699.0982,0,0,413.1463,413.1463,699.0982,55.9279,17.4775,\N,\N,"2011-07-29 00:00:00.000000","2011-08-10 00:00:00.000000","2011-08-05 00:00:00.000000"
344,20110729,20110810,20110805,11451,1,6,9,"SO45248",1,1,1,3399.99,3399.99,0,0,1912.1544,1912.1544,3399.99,271.9992,84.9998,\N,\N,"2011-07-29 00:00:00.000000","2011-08-10 00:00:00.000000","2011-08-05 00:00:00.000000"
310,20110730,20110811,20110806,14928,1,98,10,"SO45249",1,1,1,3578.27,3578.27,0,0,2171.2942,2171.2942,3578.27,286.2616,89.4568,\N,\N,"2011-07-30 00:00:00.000000","2011-08-11 00:00:00.000000","2011-08-06 00:00:00.000000"
310,20110730,20110811,20110806,14147,1,100,8,"SO45250",1,1,1,3578.27,3578.27,0,0,2171.2942,2171.2942,3578.27,286.2616,89.4568,\N,\N,"2011-07-30 00:00:00.000000","2011-08-11 00:00:00.000000","2011-08-06 00:00:00.000000"
334,20110730,20110811,20110806,19422,1,100,8,"SO45251",1,1,1,699.0982,699.0982,0,0,413.1463,413.1463,699.0982,55.9279,17.4775,\N,\N,"2011-07-30 00:00:00.000000","2011-08-11 00:00:00.000000","2011-08-06 00:00:00.000000"
312,20110730,20110811,20110806,22877,1,19,6,"SO45252",1,1,1,3578.27,3578.27,0,0,2171.2942,2171.2942,3578.27,286.2616,89.4568,\N,\N,"2011-07-30 00:00:00.000000","2011-08-11 00:00:00.000000","2011-08-06 00:00:00.000000"
314,20110730,20110811,20110806,29237,1,100,4,"SO45253",1,1,1,3578.27,3578.27,0,0,2171.2942,2171.2942,3578.27,286.2616,89.4568,\N,\N,"2011-07-30 00:00:00.000000","2011-08-11 00:00:00.000000","2011-08-06 00:00:00.000000"
314,20110730,20110811,20110806,29252,1,100,4,"SO45254",1,1,1,3578.27,3578.27,0,0,2171.2942,2171.2942,3578.27,286.2616,89.4568,\N,\N,"2011-07-30 00:00:00.000000","2011-08-11 00:00:00.000000","2011-08-06 00:00:00.000000"
314,20110730,20110811,20110806,29258,1,100,1,"SO45255",1,1,1,3578.27,3578.27,0,0,2171.2942,2171.2942,3578.27,286.2616,89.4568,\N,\N,"2011-07-30 00:00:00.000000","2011-08-11 00:00:00.000000","2011-08-06 00:00:00.000000"
336,20110730,20110811,20110806,14664,1,100,4,"SO45256",1,1,1,699.0982,699.0982,0,0,413.1463,413.1463,699.0982,55.9279,17.4775,\N,\N,"2011-07-30 00:00:00.000000","2011-08-11 00:00:00.000000","2011-08-06 00:00:00.000000"
314,20110730,20110811,20110806,18718,1,6,9,"SO45257",1,1,1,3578.27,3578.27,0,0,2171.2942,2171.2942,3578.27,286.2616,89.4568,\N,\N,"2011-07-30 00:00:00.000000","2011-08-11 00:00:00.000000","2011-08-06 00:00:00.000000"
340,20110730,20110811,20110806,25712,1,6,9,"SO45258",1,1,1,699.0982,699.0982,0,0,413.1463,413.1463,699.0982,55.9279,17.4775,\N,\N,"2011-07-30 00:00:00.000000","2011-08-11 00:00:00.000000","2011-08-06 00:00:00.000000"
314,20110731,20110812,20110807,29225,1,100,1,"SO45259",1,1,1,3578.27,3578.27,0,0,2171.2942,2171.2942,3578.27,286.2616,89.4568,\N,\N,"2011-07-31 00:00:00.000000","2011-08-12 00:00:00.000000","2011-08-07 00:00:00.000000"
310,20110731,20110812,20110807,29150,1,100,1,"SO45260",1,1,1,3578.27,3578.27,0,0,2171.2942,2171.2942,3578.27,286.2616,89.4568,\N,\N,"2011-07-31 00:00:00.000000","2011-08-12 00:00:00.000000","2011-08-07 00:00:00.000000"
312,20110731,20110812,20110807,29175,1,100,1,"SO45261",1,1,1,3578.27,3578.27,0,0,2171.2942,2171.2942,3578.27,286.2616,89.4568,\N,\N,"2011-07-31 00:00:00.000000","2011-08-12 00:00:00.000000","2011-08-07 00:00:00.000000"
313,20110731,20110812,20110807,29265,1,100,4,"SO45262",1,1,1,3578.27,3578.27,0,0,2171.2942,2171.2942,3578.27,286.2616,89.4568,\N,\N,"2011-07-31 00:00:00.000000","2011-08-12 00:00:00.000000","2011-08-07 00:00:00.000000"
340,20110731,20110812,20110807,14722,1,100,1,"SO45263",1,1,1,699.0982,699.0982,0,0,413.1463,413.1463,699.0982,55.9279,17.4775,\N,\N,"2011-07-31 00:00:00.000000","2011-08-12 00:00:00.000000","2011-08-07 00:00:00.000000"
349,20110731,20110812,20110807,11454,1,6,9,"SO45264",1,1,1,3374.99,3374.99,0,0,1898.0944,1898.0944,3374.99,269.9992,84.3748,\N,\N,"2011-07-31 00:00:00.000000","2011-08-12 00:00:00.000000","2011-08-07 00:00:00.000000"
350,20110731,20110812,20110807,11461,1,6,9,"SO45265",1,1,1,3374.99,3374.99,0,0,1898.0944,1898.0944,3374.99,269.9992,84.3748,\N,\N,"2011-07-31 00:00:00.000000","2011-08-12 00:00:00.000000","2011-08-07 00:00:00.000000"
313,20110801,20110813,20110808,15048,1,98,10,"SO45345",1,1,1,3578.27,3578.27,0,0,2171.2942,2171.2942,3578.27,286.2616,89.4568,\N,\N,"2011-08-01 00:00:00.000000","2011-08-13 00:00:00.000000","2011-08-08 00:00:00.000000"
312,20110801,20110813,20110808,28648,1,100,6,"SO45346",1,1,1,3578.27,3578.27,0,0,2171.2942,2171.2942,3578.27,286.2616,89.4568,\N,\N,"2011-08-01 00:00:00.000000","2011-08-13 00:00:00.000000","2011-08-08 00:00:00.000000"
342,20110801,20110813,20110808,14733,1,100,4,"SO45347",1,1,1,699.0982,699.0982,0,0,413.1463,413.1463,699.0982,55.9279,17.4775,\N,\N,"2011-08-01 00:00:00.000000","2011-08-13 00:00:00.000000","2011-08-08 00:00:00.000000"
311,20110801,20110813,20110808,19562,1,6,9,"SO45348",1,1,1,3578.27,3578.27,0,0,2171.2942,2171.2942,3578.27,286.2616,89.4568,\N,\N,"2011-08-01 00:00:00.000000","2011-08-13 00:00:00.000000","2011-08-08 00:00:00.000000"
312,20110801,20110813,20110808,19568,1,6,9,"SO45349",1,1,1,3578.27,3578.27,0,0,2171.2942,2171.2942,3578.27,286.2616,89.4568,\N,\N,"2011-08-01 00:00:00.000000","2011-08-13 00:00:00.000000","2011-08-08 00:00:00.000000"
311,20110801,20110813,20110808,19613,1,6,9,"SO45350",1,1,1,3578.27,3578.27,0,0,2171.2942,2171.2942,3578.27,286.2616,89.4568,\N,\N,"2011-08-01 00:00:00.000000","2011-08-13 00:00:00.000000","2011-08-08 00:00:00.000000"
313,20110802,20110814,20110809,12520,1,100,7,"SO45351",1,1,1,3578.27,3578.27,0,0,2171.2942,2171.2942,3578.27,286.2616,89.4568,\N,\N,"2011-08-02 00:00:00.000000","2011-08-14 00:00:00.000000","2011-08-09 00:00:00.000000"
313,20110802,20110814,20110809,15081,1,98,10,"SO45352",1,1,1,3578.27,3578.27,0,0,2171.2942,2171.2942,3578.27,286.2616,89.4568,\N,\N,"2011-08-02 00:00:00.000000","2011-08-14 00:00:00.000000","2011-08-09 00:00:00.000000"
310,20110802,20110814,20110809,28630,1,100,6,"SO45353",1,1,1,3578.27,3578.27,0,0,2171.2942,2171.2942,3578.27,286.2616,89.4568,\N,\N,"2011-08-02 00:00:00.000000","2011-08-14 00:00:00.000000","2011-08-09 00:00:00.000000"
340,20110802,20110814,20110809,19432,1,100,8,"SO45354",1,1,1,699.0982,699.0982,0,0,413.1463,413.1463,699.0982,55.9279,17.4775,\N,\N,"2011-08-02 00:00:00.000000","2011-08-14 00:00:00.000000","2011-08-09 00:00:00.000000"
312,20110802,20110814,20110809,28778,1,100,6,"SO45355",1,1,1,3578.27,3578.27,0,0,2171.2942,2171.2942,3578.27,286.2616,89.4568,\N,\N,"2011-08-02 00:00:00.000000","2011-08-14 00:00:00.000000","2011-08-09 00:00:00.000000"
313,20110802,20110814,20110809,19096,1,6,9,"SO45356",1,1,1,3578.27,3578.27,0,0,2171.2942,2171.2942,3578.27,286.2616,89.4568,\N,\N,"2011-08-02 00:00:00.000000","2011-08-14 00:00:00.000000","2011-08-09 00:00:00.000000"
351,20110803,20110815,20110810,28443,1,100,7,"SO45357",1,1,1,3374.99,3374.99,0,0,1898.0944,1898.0944,3374.99,269.9992,84.3748,\N,\N,"2011-08-03 00:00:00.000000","2011-08-15 00:00:00.000000","2011-08-10 00:00:00.000000"
312,20110803,20110815,20110810,23172,1,19,6,"SO45358",1,1,1,3578.27,3578.27,0,0,2171.2942,2171.2942,3578.27,286.2616,89.4568,\N,\N,"2011-08-03 00:00:00.000000","2011-08-15 00:00:00.000000","2011-08-10 00:00:00.000000"
313,20110803,20110815,20110810,11227,1,100,4,"SO45359",1,1,1,3578.27,3578.27,0,0,2171.2942,2171.2942,3578.27,286.2616,89.4568,\N,\N,"2011-08-03 00:00:00.000000","2011-08-15 00:00:00.000000","2011-08-10 00:00:00.000000"
313,20110803,20110815,20110810,28036,1,100,6,"SO45360",1,1,1,3578.27,3578.27,0,0,2171.2942,2171.2942,3578.27,286.2616,89.4568,\N,\N,"2011-08-03 00:00:00.000000","2011-08-15 00:00:00.000000","2011-08-10 00:00:00.000000"
312,20110803,20110815,20110810,23057,1,19,6,"SO45361",1,1,1,3578.27,3578.27,0,0,2171.2942,2171.2942,3578.27,286.2616,89.4568,\N,\N,"2011-08-03 00:00:00.000000","2011-08-15 00:00:00.000000","2011-08-10 00:00:00.000000"
313,20110803,20110815,20110810,19271,1,6,9,"SO45362",1,1,1,3578.27,3578.27,0,0,2171.2942,2171.2942,3578.27,286.2616,89.4568,\N,\N,"2011-08-03 00:00:00.000000","2011-08-15 00:00:00.000000","2011-08-10 00:00:00.000000"
312,20110803,20110815,20110810,19565,1,6,9,"SO45363",1,1,1,3578.27,3578.27,0,0,2171.2942,2171.2942,3578.27,286.2616,89.4568,\N,\N,"2011-08-03 00:00:00.000000","2011-08-15 00:00:00.000000","2011-08-10 00:00:00.000000"
311,20110804,20110816,20110811,14161,1,100,8,"SO45364",1,1,1,3578.27,3578.27,0,0,2171.2942,2171.2942,3578.27,286.2616,89.4568,\N,\N,"2011-08-04 00:00:00.000000","2011-08-16 00:00:00.000000","2011-08-11 00:00:00.000000"
313,20110804,20110816,20110811,15078,1,98,10,"SO45365",1,1,1,3578.27,3578.27,0,0,2171.2942,2171.2942,3578.27,286.2616,89.4568,\N,\N,"2011-08-04 00:00:00.000000","2011-08-16 00:00:00.000000","2011-08-11 00:00:00.000000"
330,20110804,20110816,20110811,18011,1,100,7,"SO45366",1,1,1,699.0982,699.0982,0,0,413.1463,413.1463,699.0982,55.9279,17.4775,\N,\N,"2011-08-04 00:00:00.000000","2011-08-16 00:00:00.000000","2011-08-11 00:00:00.000000"
328,20110804,20110816,20110811,20561,1,98,10,"SO45367",1,1,1,699.0982,699.0982,0,0,413.1463,413.1463,699.0982,55.9279,17.4775,\N,\N,"2011-08-04 00:00:00.000000","2011-08-16 00:00:00.000000","2011-08-11 00:00:00.000000"
328,20110804,20110816,20110811,14732,1,100,1,"SO45368",1,1,1,699.0982,699.0982,0,0,413.1463,413.1463,699.0982,55.9279,17.4775,\N,\N,"2011-08-04 00:00:00.000000","2011-08-16 00:00:00.000000","2011-08-11 00:00:00.000000"
314,20110804,20110816,20110811,19269,1,6,9,"SO45369",1,1,1,3578.27,3578.27,0,0,2171.2942,2171.2942,3578.27,286.2616,89.4568,\N,\N,"2011-08-04 00:00:00.000000","2011-08-16 00:00:00.000000","2011-08-11 00:00:00.000000"
312,20110804,20110816,20110811,19270,1,6,9,"SO45370",1,1,1,3578.27,3578.27,0,0,2171.2942,2171.2942,3578.27,286.2616,89.4568,\N,\N,"2011-08-04 00:00:00.000000","2011-08-16 00:00:00.000000","2011-08-11 00:00:00.000000"
310,20110805,20110817,20110812,15062,1,98,10,"SO45371",1,1,1,3578.27,3578.27,0,0,2171.2942,2171.2942,3578.27,286.2616,89.4568,\N,\N,"2011-08-05 00:00:00.000000","2011-08-17 00:00:00.000000","2011-08-12 00:00:00.000000"
348,20110805,20110817,20110812,28449,1,100,7,"SO45372",1,1,1,3374.99,3374.99,0,0,1898.0944,1898.0944,3374.99,269.9992,84.3748,\N,\N,"2011-08-05 00:00:00.000000","2011-08-17 00:00:00.000000","2011-08-12 00:00:00.000000"
349,20110805,20110817,20110812,25994,1,100,1,"SO45373",1,1,1,3374.99,3374.99,0,0,1898.0944,1898.0944,3374.99,269.9992,84.3748,\N,\N,"2011-08-05 00:00:00.000000","2011-08-17 00:00:00.000000","2011-08-12 00:00:00.000000"
312,20110805,20110817,20110812,22996,1,19,6,"SO45374",1,1,1,3578.27,3578.27,0,0,2171.2942,2171.2942,3578.27,286.2616,89.4568,\N,\N,"2011-08-05 00:00:00.000000","2011-08-17 00:00:00.000000","2011-08-12 00:00:00.000000"
313,20110805,20110817,20110812,19596,1,6,9,"SO45375",1,1,1,3578.27,3578.27,0,0,2171.2942,2171.2942,3578.27,286.2616,89.4568,\N,\N,"2011-08-05 00:00:00.000000","2011-08-17 00:00:00.000000","2011-08-12 00:00:00.000000"
344,20110805,20110817,20110812,11761,1,6,9,"SO45376",1,1,1,3399.99,3399.99,0,0,1912.1544,1912.1544,3399.99,271.9992,84.9998,\N,\N,"2011-08-05 00:00:00.000000","2011-08-17 00:00:00.000000","2011-08-12 00:00:00.000000"
313,20110806,20110818,20110813,15077,1,98,10,"SO45377",1,1,1,3578.27,3578.27,0,0,2171.2942,2171.2942,3578.27,286.2616,89.4568,\N,\N,"2011-08-06 00:00:00.000000","2011-08-18 00:00:00.000000","2011-08-13 00:00:00.000000"
310,20110806,20110818,20110813,28178,1,100,6,"SO45378",1,1,1,3578.27,3578.27,0,0,2171.2942,2171.2942,3578.27,286.2616,89.4568,\N,\N,"2011-08-06 00:00:00.000000","2011-08-18 00:00:00.000000","2011-08-13 00:00:00.000000"
313,20110806,20110818,20110813,28363,1,100,6,"SO45379",1,1,1,3578.27,3578.27,0,0,2171.2942,2171.2942,3578.27,286.2616,89.4568,\N,\N,"2011-08-06 00:00:00.000000","2011-08-18 00:00:00.000000","2011-08-13 00:00:00.000000"
324,20110806,20110818,20110813,18010,1,100,7,"SO45380",1,1,1,699.0982,699.0982,0,0,413.1463,413.1463,699.0982,55.9279,17.4775,\N,\N,"2011-08-06 00:00:00.000000","2011-08-18 00:00:00.000000","2011-08-13 00:00:00.000000"
344,20110806,20110818,20110813,19988,1,19,6,"SO45381",1,1,1,3399.99,3399.99,0,0,1912.1544,1912.1544,3399.99,271.9992,84.9998,\N,\N,"2011-08-06 00:00:00.000000","2011-08-18 00:00:00.000000","2011-08-13 00:00:00.000000"
313,20110806,20110818,20110813,11129,1,100,1,"SO45382",1,1,1,3578.27,3578.27,0,0,2171.2942,2171.2942,3578.27,286.2616,89.4568,\N,\N,"2011-08-06 00:00:00.000000","2011-08-18 00:00:00.000000","2011-08-13 00:00:00.000000"
332,20110806,20110818,20110813,14734,1,100,1,"SO45383",1,1,1,699.0982,699.0982,0,0,413.1463,413.1463,699.0982,55.9279,17.4775,\N,\N,"2011-08-06 00:00:00.000000","2011-08-18 00:00:00.000000","2011-08-13 00:00:00.000000"
338,20110806,20110818,20110813,26789,1,19,6,"SO45384",1,1,1,699.0982,699.0982,0,0,413.1463,413.1463,699.0982,55.9279,17.4775,\N,\N,"2011-08-06 00:00:00.000000","2011-08-18 00:00:00.000000","2011-08-13 00:00:00.000000"
334,20110806,20110818,20110813,14735,1,100,1,"SO45385",1,1,1,699.0982,699.0982,0,0,413.1463,413.1463,699.0982,55.9279,17.4775,\N,\N,"2011-08-06 00:00:00.000000","2011-08-18 00:00:00.000000","2011-08-13 00:00:00.000000"
312,20110806,20110818,20110813,19607,1,6,9,"SO45386",1,1,1,3578.27,3578.27,0,0,2171.2942,2171.2942,3578.27,286.2616,89.4568,\N,\N,"2011-08-06 00:00:00.000000","2011-08-18 00:00:00.000000","2011-08-13 00:00:00.000000"
310,20110807,20110819,20110814,11224,1,100,1,"SO45387",1,1,1,3578.27,3578.27,0,0,2171.2942,2171.2942,3578.27,286.2616,89.4568,\N,\N,"2011-08-07 00:00:00.000000","2011-08-19 00:00:00.000000","2011-08-14 00:00:00.000000"
350,20110807,20110819,20110814,25986,1,100,1,"SO45388",1,1,1,3374.99,3374.99,0,0,1898.0944,1898.0944,3374.99,269.9992,84.3748,\N,\N,"2011-08-07 00:00:00.000000","2011-08-19 00:00:00.000000","2011-08-14 00:00:00.000000"
310,20110807,20110819,20110814,11090,1,100,4,"SO45389",1,1,1,3578.27,3578.27,0,0,2171.2942,2171.2942,3578.27,286.2616,89.4568,\N,\N,"2011-08-07 00:00:00.000000","2011-08-19 00:00:00.000000","2011-08-14 00:00:00.000000"
310,20110807,20110819,20110814,19560,1,6,9,"SO45390",1,1,1,3578.27,3578.27,0,0,2171.2942,2171.2942,3578.27,286.2616,89.4568,\N,\N,"2011-08-07 00:00:00.000000","2011-08-19 00:00:00.000000","2011-08-14 00:00:00.000000"
313,20110807,20110819,20110814,19588,1,6,9,"SO45391",1,1,1,3578.27,3578.27,0,0,2171.2942,2171.2942,3578.27,286.2616,89.4568,\N,\N,"2011-08-07 00:00:00.000000","2011-08-19 00:00:00.000000","2011-08-14 00:00:00.000000"
344,20110807,20110819,20110814,11762,1,6,9,"SO45392",1,1,1,3399.99,3399.99,0,0,1912.1544,1912.1544,3399.99,271.9992,84.9998,\N,\N,"2011-08-07 00:00:00.000000","2011-08-19 00:00:00.000000","2011-08-14 00:00:00.000000"
312,20110808,20110820,20110815,14171,1,100,8,"SO45393",1,1,1,3578.27,3578.27,0,0,2171.2942,2171.2942,3578.27,286.2616,89.4568,\N,\N,"2011-08-08 00:00:00.000000","2011-08-20 00:00:00.000000","2011-08-15 00:00:00.000000"
348,20110808,20110820,20110815,11468,1,98,10,"SO45394",1,1,1,3374.99,3374.99,0,0,1898.0944,1898.0944,3374.99,269.9992,84.3748,\N,\N,"2011-08-08 00:00:00.000000","2011-08-20 00:00:00.000000","2011-08-15 00:00:00.000000"
313,20110808,20110820,20110815,29352,1,100,4,"SO45395",1,1,1,3578.27,3578.27,0,0,2171.2942,2171.2942,3578.27,286.2616,89.4568,\N,\N,"2011-08-08 00:00:00.000000","2011-08-20 00:00:00.000000","2011-08-15 00:00:00.000000"
312,20110808,20110820,20110815,19594,1,6,9,"SO45396",1,1,1,3578.27,3578.27,0,0,2171.2942,2171.2942,3578.27,286.2616,89.4568,\N,\N,"2011-08-08 00:00:00.000000","2011-08-20 00:00:00.000000","2011-08-15 00:00:00.000000"
313,20110809,20110821,20110816,15051,1,98,10,"SO45397",1,1,1,3578.27,3578.27,0,0,2171.2942,2171.2942,3578.27,286.2616,89.4568,\N,\N,"2011-08-09 00:00:00.000000","2011-08-21 00:00:00.000000","2011-08-16 00:00:00.000000"
312,20110809,20110821,20110816,15059,1,98,10,"SO45398",1,1,1,3578.27,3578.27,0,0,2171.2942,2171.2942,3578.27,286.2616,89.4568,\N,\N,"2011-08-09 00:00:00.000000","2011-08-21 00:00:00.000000","2011-08-16 00:00:00.000000"
311,20110809,20110821,20110816,19598,1,6,9,"SO45399",1,1,1,3578.27,3578.27,0,0,2171.2942,2171.2942,3578.27,286.2616,89.4568,\N,\N,"2011-08-09 00:00:00.000000","2011-08-21 00:00:00.000000","2011-08-16 00:00:00.000000"
313,20110810,20110822,20110817,14162,1,100,8,"SO45400",1,1,1,3578.27,3578.27,0,0,2171.2942,2171.2942,3578.27,286.2616,89.4568,\N,\N,"2011-08-10 00:00:00.000000","2011-08-22 00:00:00.000000","2011-08-17 00:00:00.000000"
310,20110810,20110822,20110817,15058,1,98,10,"SO45401",1,1,1,3578.27,3578.27,0,0,2171.2942,2171.2942,3578.27,286.2616,89.4568,\N,\N,"2011-08-10 00:00:00.000000","2011-08-22 00:00:00.000000","2011-08-17 00:00:00.000000"
344,20110810,20110822,20110817,11413,1,98,10,"SO45402",1,1,1,3399.99,3399.99,0,0,1912.1544,1912.1544,3399.99,271.9992,84.9998,\N,\N,"2011-08-10 00:00:00.000000","2011-08-22 00:00:00.000000","2011-08-17 00:00:00.000000"
314,20110810,20110822,20110817,23114,1,19,6,"SO45403",1,1,1,3578.27,3578.27,0,0,2171.2942,2171.2942,3578.27,286.2616,89.4568,\N,\N,"2011-08-10 00:00:00.000000","2011-08-22 00:00:00.000000","2011-08-17 00:00:00.000000"
310,20110810,20110822,20110817,11217,1,100,1,"SO45404",1,1,1,3578.27,3578.27,0,0,2171.2942,2171.2942,3578.27,286.2616,89.4568,\N,\N,"2011-08-10 00:00:00.000000","2011-08-22 00:00:00.000000","2011-08-17 00:00:00.000000"
312,20110810,20110822,20110817,23209,1,19,6,"SO45405",1,1,1,3578.27,3578.27,0,0,2171.2942,2171.2942,3578.27,286.2616,89.4568,\N,\N,"2011-08-10 00:00:00.000000","2011-08-22 00:00:00.000000","2011-08-17 00:00:00.000000"
351,20110810,20110822,20110817,25987,1,100,4,"SO45406",1,1,1,3374.99,3374.99,0,0,1898.0944,1898.0944,3374.99,269.9992,84.3748,\N,\N,"2011-08-10 00:00:00.000000","2011-08-22 00:00:00.000000","2011-08-17 00:00:00.000000"
314,20110810,20110822,20110817,29285,1,100,4,"SO45407",1,1,1,3578.27,3578.27,0,0,2171.2942,2171.2942,3578.27,286.2616,89.4568,\N,\N,"2011-08-10 00:00:00.000000","2011-08-22 00:00:00.000000","2011-08-17 00:00:00.000000"
314,20110810,20110822,20110817,29326,1,100,4,"SO45408",1,1,1,3578.27,3578.27,0,0,2171.2942,2171.2942,3578.27,286.2616,89.4568,\N,\N,"2011-08-10 00:00:00.000000","2011-08-22 00:00:00.000000","2011-08-17 00:00:00.000000"
312,20110810,20110822,20110817,19612,1,6,9,"SO45409",1,1,1,3578.27,3578.27,0,0,2171.2942,2171.2942,3578.27,286.2616,89.4568,\N,\N,"2011-08-10 00:00:00.000000","2011-08-22 00:00:00.000000","2011-08-17 00:00:00.000000"
310,20110811,20110823,20110818,14149,1,100,8,"SO45410",1,1,1,3578.27,3578.27,0,0,2171.2942,2171.2942,3578.27,286.2616,89.4568,\N,\N,"2011-08-11 00:00:00.000000","2011-08-23 00:00:00.000000","2011-08-18 00:00:00.000000"
313,20110811,20110823,20110818,28197,1,100,6,"SO45411",1,1,1,3578.27,3578.27,0,0,2171.2942,2171.2942,3578.27,286.2616,89.4568,\N,\N,"2011-08-11 00:00:00.000000","2011-08-23 00:00:00.000000","2011-08-18 00:00:00.000000"
310,20110811,20110823,20110818,23137,1,19,6,"SO45412",1,1,1,3578.27,3578.27,0,0,2171.2942,2171.2942,3578.27,286.2616,89.4568,\N,\N,"2011-08-11 00:00:00.000000","2011-08-23 00:00:00.000000","2011-08-18 00:00:00.000000"
312,20110811,20110823,20110818,11191,1,100,4,"SO45413",1,1,1,3578.27,3578.27,0,0,2171.2942,2171.2942,3578.27,286.2616,89.4568,\N,\N,"2011-08-11 00:00:00.000000","2011-08-23 00:00:00.000000","2011-08-18 00:00:00.000000"
330,20110811,20110823,20110818,18038,1,100,7,"SO45414",1,1,1,699.0982,699.0982,0,0,413.1463,413.1463,699.0982,55.9279,17.4775,\N,\N,"2011-08-11 00:00:00.000000","2011-08-23 00:00:00.000000","2011-08-18 00:00:00.000000"
312,20110811,20110823,20110818,28092,1,100,6,"SO45415",1,1,1,3578.27,3578.27,0,0,2171.2942,2171.2942,3578.27,286.2616,89.4568,\N,\N,"2011-08-11 00:00:00.000000","2011-08-23 00:00:00.000000","2011-08-18 00:00:00.000000"
310,20110811,20110823,20110818,28161,1,100,6,"SO45416",1,1,1,3578.27,3578.27,0,0,2171.2942,2171.2942,3578.27,286.2616,89.4568,\N,\N,"2011-08-11 00:00:00.000000","2011-08-23 00:00:00.000000","2011-08-18 00:00:00.000000"
310,20110811,20110823,20110818,28620,1,100,6,"SO45417",1,1,1,3578.27,3578.27,0,0,2171.2942,2171.2942,3578.27,286.2616,89.4568,\N,\N,"2011-08-11 00:00:00.000000","2011-08-23 00:00:00.000000","2011-08-18 00:00:00.000000"
311,20110811,20110823,20110818,19264,1,6,9,"SO45418",1,1,1,3578.27,3578.27,0,0,2171.2942,2171.2942,3578.27,286.2616,89.4568,\N,\N,"2011-08-11 00:00:00.000000","2011-08-23 00:00:00.000000","2011-08-18 00:00:00.000000"
314,20110811,20110823,20110818,19555,1,6,9,"SO45419",1,1,1,3578.27,3578.27,0,0,2171.2942,2171.2942,3578.27,286.2616,89.4568,\N,\N,"2011-08-11 00:00:00.000000","2011-08-23 00:00:00.000000","2011-08-18 00:00:00.000000"
313,20110811,20110823,20110818,19561,1,6,9,"SO45420",1,1,1,3578.27,3578.27,0,0,2171.2942,2171.2942,3578.27,286.2616,89.4568,\N,\N,"2011-08-11 00:00:00.000000","2011-08-23 00:00:00.000000","2011-08-18 00:00:00.000000"
313,20110811,20110823,20110818,19576,1,6,9,"SO45421",1,1,1,3578.27,3578.27,0,0,2171.2942,2171.2942,3578.27,286.2616,89.4568,\N,\N,"2011-08-11 00:00:00.000000","2011-08-23 00:00:00.000000","2011-08-18 00:00:00.000000"
310,20110812,20110824,20110819,28198,1,100,6,"SO45422",1,1,1,3578.27,3578.27,0,0,2171.2942,2171.2942,3578.27,286.2616,89.4568,\N,\N,"2011-08-12 00:00:00.000000","2011-08-24 00:00:00.000000","2011-08-19 00:00:00.000000"
348,20110812,20110824,20110819,19997,1,19,6,"SO45423",1,1,1,3374.99,3374.99,0,0,1898.0944,1898.0944,3374.99,269.9992,84.3748,\N,\N,"2011-08-12 00:00:00.000000","2011-08-24 00:00:00.000000","2011-08-19 00:00:00.000000"
311,20110812,20110824,20110819,28165,1,100,6,"SO45424",1,1,1,3578.27,3578.27,0,0,2171.2942,2171.2942,3578.27,286.2616,89.4568,\N,\N,"2011-08-12 00:00:00.000000","2011-08-24 00:00:00.000000","2011-08-19 00:00:00.000000"
310,20110813,20110825,20110820,15056,1,98,10,"SO45425",1,1,1,3578.27,3578.27,0,0,2171.2942,2171.2942,3578.27,286.2616,89.4568,\N,\N,"2011-08-13 00:00:00.000000","2011-08-25 00:00:00.000000","2011-08-20 00:00:00.000000"
312,20110813,20110825,20110820,14164,1,100,8,"SO45426",1,1,1,3578.27,3578.27,0,0,2171.2942,2171.2942,3578.27,286.2616,89.4568,\N,\N,"2011-08-13 00:00:00.000000","2011-08-25 00:00:00.000000","2011-08-20 00:00:00.000000"
349,20110813,20110825,20110820,29481,1,100,8,"SO45427",1,1,1,3374.99,3374.99,0,0,1898.0944,1898.0944,3374.99,269.9992,84.3748,\N,\N,"2011-08-13 00:00:00.000000","2011-08-25 00:00:00.000000","2011-08-20 00:00:00.000000"
346,20110813,20110825,20110820,11414,1,98,10,"SO45428",1,1,1,3399.99,3399.99,0,0,1912.1544,1912.1544,3399.99,271.9992,84.9998,\N,\N,"2011-08-13 00:00:00.000000","2011-08-25 00:00:00.000000","2011-08-20 00:00:00.000000"
310,20110813,20110825,20110820,28129,1,100,6,"SO45429",1,1,1,3578.27,3578.27,0,0,2171.2942,2171.2942,3578.27,286.2616,89.4568,\N,\N,"2011-08-13 00:00:00.000000","2011-08-25 00:00:00.000000","2011-08-20 00:00:00.000000"
312,20110813,20110825,20110820,28176,1,100,6,"SO45430",1,1,1,3578.27,3578.27,0,0,2171.2942,2171.2942,3578.27,286.2616,89.4568,\N,\N,"2011-08-13 00:00:00.000000","2011-08-25 00:00:00.000000","2011-08-20 00:00:00.000000"
311,20110813,20110825,20110820,28013,1,100,6,"SO45431",1,1,1,3578.27,3578.27,0,0,2171.2942,2171.2942,3578.27,286.2616,89.4568,\N,\N,"2011-08-13 00:00:00.000000","2011-08-25 00:00:00.000000","2011-08-20 00:00:00.000000"
312,20110814,20110826,20110821,14167,1,100,8,"SO45432",1,1,1,3578.27,3578.27,0,0,2171.2942,2171.2942,3578.27,286.2616,89.4568,\N,\N,"2011-08-14 00:00:00.000000","2011-08-26 00:00:00.000000","2011-08-21 00:00:00.000000"
310,20110814,20110826,20110821,12547,1,100,7,"SO45433",1,1,1,3578.27,3578.27,0,0,2171.2942,2171.2942,3578.27,286.2616,89.4568,\N,\N,"2011-08-14 00:00:00.000000","2011-08-26 00:00:00.000000","2011-08-21 00:00:00.000000"
311,20110814,20110826,20110821,11252,1,100,4,"SO45434",1,1,1,3578.27,3578.27,0,0,2171.2942,2171.2942,3578.27,286.2616,89.4568,\N,\N,"2011-08-14 00:00:00.000000","2011-08-26 00:00:00.000000","2011-08-21 00:00:00.000000"
336,20110814,20110826,20110821,20562,1,98,10,"SO45435",1,1,1,699.0982,699.0982,0,0,413.1463,413.1463,699.0982,55.9279,17.4775,\N,\N,"2011-08-14 00:00:00.000000","2011-08-26 00:00:00.000000","2011-08-21 00:00:00.000000"
312,20110814,20110826,20110821,28130,1,100,6,"SO45436",1,1,1,3578.27,3578.27,0,0,2171.2942,2171.2942,3578.27,286.2616,89.4568,\N,\N,"2011-08-14 00:00:00.000000","2011-08-26 00:00:00.000000","2011-08-21 00:00:00.000000"
312,20110814,20110826,20110821,28169,1,100,6,"SO45437",1,1,1,3578.27,3578.27,0,0,2171.2942,2171.2942,3578.27,286.2616,89.4568,\N,\N,"2011-08-14 00:00:00.000000","2011-08-26 00:00:00.000000","2011-08-21 00:00:00.000000"
310,20110814,20110826,20110821,29334,1,100,1,"SO45438",1,1,1,3578.27,3578.27,0,0,2171.2942,2171.2942,3578.27,286.2616,89.4568,\N,\N,"2011-08-14 00:00:00.000000","2011-08-26 00:00:00.000000","2011-08-21 00:00:00.000000"
326,20110814,20110826,20110821,25823,1,6,9,"SO45439",1,1,1,699.0982,699.0982,0,0,413.1463,413.1463,699.0982,55.9279,17.4775,\N,\N,"2011-08-14 00:00:00.000000","2011-08-26 00:00:00.000000","2011-08-21 00:00:00.000000"
312,20110815,20110827,20110822,14198,1,100,8,"SO45440",1,1,1,3578.27,3578.27,0,0,2171.2942,2171.2942,3578.27,286.2616,89.4568,\N,\N,"2011-08-15 00:00:00.000000","2011-08-27 00:00:00.000000","2011-08-22 00:00:00.000000"
312,20110815,20110827,20110822,11216,1,100,1,"SO45441",1,1,1,3578.27,3578.27,0,0,2171.2942,2171.2942,3578.27,286.2616,89.4568,\N,\N,"2011-08-15 00:00:00.000000","2011-08-27 00:00:00.000000","2011-08-22 00:00:00.000000"
314,20110815,20110827,20110822,29335,1,100,1,"SO45442",1,1,1,3578.27,3578.27,0,0,2171.2942,2171.2942,3578.27,286.2616,89.4568,\N,\N,"2011-08-15 00:00:00.000000","2011-08-27 00:00:00.000000","2011-08-22 00:00:00.000000"
313,20110815,20110827,20110822,29350,1,100,4,"SO45443",1,1,1,3578.27,3578.27,0,0,2171.2942,2171.2942,3578.27,286.2616,89.4568,\N,\N,"2011-08-15 00:00:00.000000","2011-08-27 00:00:00.000000","2011-08-22 00:00:00.000000"
310,20110815,20110827,20110822,19102,1,6,9,"SO45444",1,1,1,3578.27,3578.27,0,0,2171.2942,2171.2942,3578.27,286.2616,89.4568,\N,\N,"2011-08-15 00:00:00.000000","2011-08-27 00:00:00.000000","2011-08-22 00:00:00.000000"
310,20110815,20110827,20110822,19105,1,6,9,"SO45445",1,1,1,3578.27,3578.27,0,0,2171.2942,2171.2942,3578.27,286.2616,89.4568,\N,\N,"2011-08-15 00:00:00.000000","2011-08-27 00:00:00.000000","2011-08-22 00:00:00.000000"
345,20110816,20110828,20110823,25990,1,100,1,"SO45446",1,1,1,3399.99,3399.99,0,0,1912.1544,1912.1544,3399.99,271.9992,84.9998,\N,\N,"2011-08-16 00:00:00.000000","2011-08-28 00:00:00.000000","2011-08-23 00:00:00.000000"
313,20110816,20110828,20110823,19558,1,6,9,"SO45447",1,1,1,3578.27,3578.27,0,0,2171.2942,2171.2942,3578.27,286.2616,89.4568,\N,\N,"2011-08-16 00:00:00.000000","2011-08-28 00:00:00.000000","2011-08-23 00:00:00.000000"
324,20110816,20110828,20110823,25718,1,6,9,"SO45448",1,1,1,699.0982,699.0982,0,0,413.1463,413.1463,699.0982,55.9279,17.4775,\N,\N,"2011-08-16 00:00:00.000000","2011-08-28 00:00:00.000000","2011-08-23 00:00:00.000000"
310,20110817,20110829,20110824,14189,1,100,8,"SO45449",1,1,1,3578.27,3578.27,0,0,2171.2942,2171.2942,3578.27,286.2616,89.4568,\N,\N,"2011-08-17 00:00:00.000000","2011-08-29 00:00:00.000000","2011-08-24 00:00:00.000000"
312,20110817,20110829,20110824,28624,1,100,6,"SO45450",1,1,1,3578.27,3578.27,0,0,2171.2942,2171.2942,3578.27,286.2616,89.4568,\N,\N,"2011-08-17 00:00:00.000000","2011-08-29 00:00:00.000000","2011-08-24 00:00:00.000000"
311,20110817,20110829,20110824,29279,1,100,4,"SO45451",1,1,1,3578.27,3578.27,0,0,2171.2942,2171.2942,3578.27,286.2616,89.4568,\N,\N,"2011-08-17 00:00:00.000000","2011-08-29 00:00:00.000000","2011-08-24 00:00:00.000000"
314,20110817,20110829,20110824,19559,1,6,9,"SO45452",1,1,1,3578.27,3578.27,0,0,2171.2942,2171.2942,3578.27,286.2616,89.4568,\N,\N,"2011-08-17 00:00:00.000000","2011-08-29 00:00:00.000000","2011-08-24 00:00:00.000000"
311,20110818,20110830,20110825,12549,1,100,7,"SO45453",1,1,1,3578.27,3578.27,0,0,2171.2942,2171.2942,3578.27,286.2616,89.4568,\N,\N,"2011-08-18 00:00:00.000000","2011-08-30 00:00:00.000000","2011-08-25 00:00:00.000000"
312,20110818,20110830,20110825,23074,1,19,6,"SO45454",1,1,1,3578.27,3578.27,0,0,2171.2942,2171.2942,3578.27,286.2616,89.4568,\N,\N,"2011-08-18 00:00:00.000000","2011-08-30 00:00:00.000000","2011-08-25 00:00:00.000000"
310,20110819,20110831,20110826,14163,1,100,8,"SO45455",1,1,1,3578.27,3578.27,0,0,2171.2942,2171.2942,3578.27,286.2616,89.4568,\N,\N,"2011-08-19 00:00:00.000000","2011-08-31 00:00:00.000000","2011-08-26 00:00:00.000000"
312,20110819,20110831,20110826,23113,1,19,6,"SO45456",1,1,1,3578.27,3578.27,0,0,2171.2942,2171.2942,3578.27,286.2616,89.4568,\N,\N,"2011-08-19 00:00:00.000000","2011-08-31 00:00:00.000000","2011-08-26 00:00:00.000000"
313,20110819,20110831,20110826,27752,1,100,6,"SO45457",1,1,1,3578.27,3578.27,0,0,2171.2942,2171.2942,3578.27,286.2616,89.4568,\N,\N,"2011-08-19 00:00:00.000000","2011-08-31 00:00:00.000000","2011-08-26 00:00:00.000000"
311,20110819,20110831,20110826,19599,1,6,9,"SO45458",1,1,1,3578.27,3578.27,0,0,2171.2942,2171.2942,3578.27,286.2616,89.4568,\N,\N,"2011-08-19 00:00:00.000000","2011-08-31 00:00:00.000000","2011-08-26 00:00:00.000000"
310,20110819,20110831,20110826,19605,1,6,9,"SO45459",1,1,1,3578.27,3578.27,0,0,2171.2942,2171.2942,3578.27,286.2616,89.4568,\N,\N,"2011-08-19 00:00:00.000000","2011-08-31 00:00:00.000000","2011-08-26 00:00:00.000000"
334,20110819,20110831,20110826,25822,1,6,9,"SO45460",1,1,1,699.0982,699.0982,0,0,413.1463,413.1463,699.0982,55.9279,17.4775,\N,\N,"2011-08-19 00:00:00.000000","2011-08-31 00:00:00.000000","2011-08-26 00:00:00.000000"
311,20110820,20110901,20110827,28646,1,100,6,"SO45461",1,1,1,3578.27,3578.27,0,0,2171.2942,2171.2942,3578.27,286.2616,89.4568,\N,\N,"2011-08-20 00:00:00.000000","2011-09-01 00:00:00.000000","2011-08-27 00:00:00.000000"
310,20110820,20110901,20110827,28647,1,100,6,"SO45462",1,1,1,3578.27,3578.27,0,0,2171.2942,2171.2942,3578.27,286.2616,89.4568,\N,\N,"2011-08-20 00:00:00.000000","2011-09-01 00:00:00.000000","2011-08-27 00:00:00.000000"
312,20110820,20110901,20110827,11171,1,100,4,"SO45463",1,1,1,3578.27,3578.27,0,0,2171.2942,2171.2942,3578.27,286.2616,89.4568,\N,\N,"2011-08-20 00:00:00.000000","2011-09-01 00:00:00.000000","2011-08-27 00:00:00.000000"
314,20110820,20110901,20110827,19586,1,6,9,"SO45464",1,1,1,3578.27,3578.27,0,0,2171.2942,2171.2942,3578.27,286.2616,89.4568,\N,\N,"2011-08-20 00:00:00.000000","2011-09-01 00:00:00.000000","2011-08-27 00:00:00.000000"
342,20110820,20110901,20110827,25819,1,6,9,"SO45465",1,1,1,699.0982,699.0982,0,0,413.1463,413.1463,699.0982,55.9279,17.4775,\N,\N,"2011-08-20 00:00:00.000000","2011-09-01 00:00:00.000000","2011-08-27 00:00:00.000000"
311,20110821,20110902,20110828,19611,1,6,9,"SO45466",1,1,1,3578.27,3578.27,0,0,2171.2942,2171.2942,3578.27,286.2616,89.4568,\N,\N,"2011-08-21 00:00:00.000000","2011-09-02 00:00:00.000000","2011-08-28 00:00:00.000000"
345,20110822,20110903,20110829,11422,1,98,10,"SO45467",1,1,1,3399.99,3399.99,0,0,1912.1544,1912.1544,3399.99,271.9992,84.9998,\N,\N,"2011-08-22 00:00:00.000000","2011-09-03 00:00:00.000000","2011-08-29 00:00:00.000000"
311,20110822,20110903,20110829,23164,1,19,6,"SO45468",1,1,1,3578.27,3578.27,0,0,2171.2942,2171.2942,3578.27,286.2616,89.4568,\N,\N,"2011-08-22 00:00:00.000000","2011-09-03 00:00:00.000000","2011-08-29 00:00:00.000000"
350,20110822,20110903,20110829,19989,1,19,6,"SO45469",1,1,1,3374.99,3374.99,0,0,1898.0944,1898.0944,3374.99,269.9992,84.3748,\N,\N,"2011-08-22 00:00:00.000000","2011-09-03 00:00:00.000000","2011-08-29 00:00:00.000000"
312,20110822,20110903,20110829,28177,1,100,6,"SO45470",1,1,1,3578.27,3578.27,0,0,2171.2942,2171.2942,3578.27,286.2616,89.4568,\N,\N,"2011-08-22 00:00:00.000000","2011-09-03 00:00:00.000000","2011-08-29 00:00:00.000000"
313,20110822,20110903,20110829,29280,1,100,1,"SO45471",1,1,1,3578.27,3578.27,0,0,2171.2942,2171.2942,3578.27,286.2616,89.4568,\N,\N,"2011-08-22 00:00:00.000000","2011-09-03 00:00:00.000000","2011-08-29 00:00:00.000000"
313,20110822,20110903,20110829,19095,1,6,9,"SO45472",1,1,1,3578.27,3578.27,0,0,2171.2942,2171.2942,3578.27,286.2616,89.4568,\N,\N,"2011-08-22 00:00:00.000000","2011-09-03 00:00:00.000000","2011-08-29 00:00:00.000000"
310,20110822,20110903,20110829,19592,1,6,9,"SO45473",1,1,1,3578.27,3578.27,0,0,2171.2942,2171.2942,3578.27,286.2616,89.4568,\N,\N,"2011-08-22 00:00:00.000000","2011-09-03 00:00:00.000000","2011-08-29 00:00:00.000000"
310,20110822,20110903,20110829,19595,1,6,9,"SO45474",1,1,1,3578.27,3578.27,0,0,2171.2942,2171.2942,3578.27,286.2616,89.4568,\N,\N,"2011-08-22 00:00:00.000000","2011-09-03 00:00:00.000000","2011-08-29 00:00:00.000000"
313,20110822,20110903,20110829,19601,1,6,9,"SO45475",1,1,1,3578.27,3578.27,0,0,2171.2942,2171.2942,3578.27,286.2616,89.4568,\N,\N,"2011-08-22 00:00:00.000000","2011-09-03 00:00:00.000000","2011-08-29 00:00:00.000000"
314,20110822,20110903,20110829,19614,1,6,9,"SO45476",1,1,1,3578.27,3578.27,0,0,2171.2942,2171.2942,3578.27,286.2616,89.4568,\N,\N,"2011-08-22 00:00:00.000000","2011-09-03 00:00:00.000000","2011-08-29 00:00:00.000000"
313,20110823,20110904,20110830,14160,1,100,8,"SO45477",1,1,1,3578.27,3578.27,0,0,2171.2942,2171.2942,3578.27,286.2616,89.4568,\N,\N,"2011-08-23 00:00:00.000000","2011-09-04 00:00:00.000000","2011-08-30 00:00:00.000000"
313,20110823,20110904,20110830,29354,1,100,1,"SO45478",1,1,1,3578.27,3578.27,0,0,2171.2942,2171.2942,3578.27,286.2616,89.4568,\N,\N,"2011-08-23 00:00:00.000000","2011-09-04 00:00:00.000000","2011-08-30 00:00:00.000000"
313,20110823,20110904,20110830,19099,1,6,9,"SO45479",1,1,1,3578.27,3578.27,0,0,2171.2942,2171.2942,3578.27,286.2616,89.4568,\N,\N,"2011-08-23 00:00:00.000000","2011-09-04 00:00:00.000000","2011-08-30 00:00:00.000000"
313,20110823,20110904,20110830,19564,1,6,9,"SO45480",1,1,1,3578.27,3578.27,0,0,2171.2942,2171.2942,3578.27,286.2616,89.4568,\N,\N,"2011-08-23 00:00:00.000000","2011-09-04 00:00:00.000000","2011-08-30 00:00:00.000000"
313,20110823,20110904,20110830,19563,1,6,9,"SO45481",1,1,1,3578.27,3578.27,0,0,2171.2942,2171.2942,3578.27,286.2616,89.4568,\N,\N,"2011-08-23 00:00:00.000000","2011-09-04 00:00:00.000000","2011-08-30 00:00:00.000000"
310,20110824,20110905,20110831,12522,1,100,7,"SO45482",1,1,1,3578.27,3578.27,0,0,2171.2942,2171.2942,3578.27,286.2616,89.4568,\N,\N,"2011-08-24 00:00:00.000000","2011-09-05 00:00:00.000000","2011-08-31 00:00:00.000000"
314,20110824,20110905,20110831,14181,1,100,8,"SO45483",1,1,1,3578.27,3578.27,0,0,2171.2942,2171.2942,3578.27,286.2616,89.4568,\N,\N,"2011-08-24 00:00:00.000000","2011-09-05 00:00:00.000000","2011-08-31 00:00:00.000000"
313,20110824,20110905,20110831,23267,1,19,6,"SO45484",1,1,1,3578.27,3578.27,0,0,2171.2942,2171.2942,3578.27,286.2616,89.4568,\N,\N,"2011-08-24 00:00:00.000000","2011-09-05 00:00:00.000000","2011-08-31 00:00:00.000000"
312,20110824,20110905,20110831,11257,1,100,4,"SO45485",1,1,1,3578.27,3578.27,0,0,2171.2942,2171.2942,3578.27,286.2616,89.4568,\N,\N,"2011-08-24 00:00:00.000000","2011-09-05 00:00:00.000000","2011-08-31 00:00:00.000000"
324,20110824,20110905,20110831,14737,1,100,1,"SO45486",1,1,1,699.0982,699.0982,0,0,413.1463,413.1463,699.0982,55.9279,17.4775,\N,\N,"2011-08-24 00:00:00.000000","2011-09-05 00:00:00.000000","2011-08-31 00:00:00.000000"
313,20110824,20110905,20110831,19556,1,6,9,"SO45487",1,1,1,3578.27,3578.27,0,0,2171.2942,2171.2942,3578.27,286.2616,89.4568,\N,\N,"2011-08-24 00:00:00.000000","2011-09-05 00:00:00.000000","2011-08-31 00:00:00.000000"
311,20110824,20110905,20110831,19577,1,6,9,"SO45488",1,1,1,3578.27,3578.27,0,0,2171.2942,2171.2942,3578.27,286.2616,89.4568,\N,\N,"2011-08-24 00:00:00.000000","2011-09-05 00:00:00.000000","2011-08-31 00:00:00.000000"
310,20110824,20110905,20110831,19602,1,6,9,"SO45489",1,1,1,3578.27,3578.27,0,0,2171.2942,2171.2942,3578.27,286.2616,89.4568,\N,\N,"2011-08-24 00:00:00.000000","2011-09-05 00:00:00.000000","2011-08-31 00:00:00.000000"
313,20110824,20110905,20110831,22976,1,19,6,"SO45490",1,1,1,3578.27,3578.27,0,0,2171.2942,2171.2942,3578.27,286.2616,89.4568,\N,\N,"2011-08-24 00:00:00.000000","2011-09-05 00:00:00.000000","2011-08-31 00:00:00.000000"
311,20110825,20110906,20110901,27672,1,100,6,"SO45491",1,1,1,3578.27,3578.27,0,0,2171.2942,2171.2942,3578.27,286.2616,89.4568,\N,\N,"2011-08-25 00:00:00.000000","2011-09-06 00:00:00.000000","2011-09-01 00:00:00.000000"
330,20110825,20110906,20110901,19429,1,100,8,"SO45492",1,1,1,699.0982,699.0982,0,0,413.1463,413.1463,699.0982,55.9279,17.4775,\N,\N,"2011-08-25 00:00:00.000000","2011-09-06 00:00:00.000000","2011-09-01 00:00:00.000000"
320,20110825,20110906,20110901,14731,1,100,4,"SO45493",1,1,1,699.0982,699.0982,0,0,413.1463,413.1463,699.0982,55.9279,17.4775,\N,\N,"2011-08-25 00:00:00.000000","2011-09-06 00:00:00.000000","2011-09-01 00:00:00.000000"
310,20110825,20110906,20110901,19609,1,6,9,"SO45494",1,1,1,3578.27,3578.27,0,0,2171.2942,2171.2942,3578.27,286.2616,89.4568,\N,\N,"2011-08-25 00:00:00.000000","2011-09-06 00:00:00.000000","2011-09-01 00:00:00.000000"
342,20110825,20110906,20110901,25821,1,6,9,"SO45495",1,1,1,699.0982,699.0982,0,0,413.1463,413.1463,699.0982,55.9279,17.4775,\N,\N,"2011-08-25 00:00:00.000000","2011-09-06 00:00:00.000000","2011-09-01 00:00:00.000000"
314,20110826,20110907,20110902,29340,1,100,6,"SO45496",1,1,1,3578.27,3578.27,0,0,2171.2942,2171.2942,3578.27,286.2616,89.4568,\N,\N,"2011-08-26 00:00:00.000000","2011-09-07 00:00:00.000000","2011-09-02 00:00:00.000000"
311,20110826,20110907,20110902,28354,1,100,6,"SO45497",1,1,1,3578.27,3578.27,0,0,2171.2942,2171.2942,3578.27,286.2616,89.4568,\N,\N,"2011-08-26 00:00:00.000000","2011-09-07 00:00:00.000000","2011-09-02 00:00:00.000000"
312,20110826,20110907,20110902,28574,1,100,6,"SO45498",1,1,1,3578.27,3578.27,0,0,2171.2942,2171.2942,3578.27,286.2616,89.4568,\N,\N,"2011-08-26 00:00:00.000000","2011-09-07 00:00:00.000000","2011-09-02 00:00:00.000000"
314,20110826,20110907,20110902,28626,1,100,6,"SO45499",1,1,1,3578.27,3578.27,0,0,2171.2942,2171.2942,3578.27,286.2616,89.4568,\N,\N,"2011-08-26 00:00:00.000000","2011-09-07 00:00:00.000000","2011-09-02 00:00:00.000000"
312,20110826,20110907,20110902,11189,1,100,1,"SO45500",1,1,1,3578.27,3578.27,0,0,2171.2942,2171.2942,3578.27,286.2616,89.4568,\N,\N,"2011-08-26 00:00:00.000000","2011-09-07 00:00:00.000000","2011-09-02 00:00:00.000000"
350,20110826,20110907,20110902,25993,1,100,1,"SO45501",1,1,1,3374.99,3374.99,0,0,1898.0944,1898.0944,3374.99,269.9992,84.3748,\N,\N,"2011-08-26 00:00:00.000000","2011-09-07 00:00:00.000000","2011-09-02 00:00:00.000000"
314,20110826,20110907,20110902,28173,1,100,6,"SO45502",1,1,1,3578.27,3578.27,0,0,2171.2942,2171.2942,3578.27,286.2616,89.4568,\N,\N,"2011-08-26 00:00:00.000000","2011-09-07 00:00:00.000000","2011-09-02 00:00:00.000000"
314,20110826,20110907,20110902,22995,1,19,6,"SO45503",1,1,1,3578.27,3578.27,0,0,2171.2942,2171.2942,3578.27,286.2616,89.4568,\N,\N,"2011-08-26 00:00:00.000000","2011-09-07 00:00:00.000000","2011-09-02 00:00:00.000000"
340,20110826,20110907,20110902,14730,1,100,4,"SO45504",1,1,1,699.0982,699.0982,0,0,413.1463,413.1463,699.0982,55.9279,17.4775,\N,\N,"2011-08-26 00:00:00.000000","2011-09-07 00:00:00.000000","2011-09-02 00:00:00.000000"
313,20110826,20110907,20110902,19593,1,6,9,"SO45505",1,1,1,3578.27,3578.27,0,0,2171.2942,2171.2942,3578.27,286.2616,89.4568,\N,\N,"2011-08-26 00:00:00.000000","2011-09-07 00:00:00.000000","2011-09-02 00:00:00.000000"
311,20110826,20110907,20110902,19615,1,6,9,"SO45506",1,1,1,3578.27,3578.27,0,0,2171.2942,2171.2942,3578.27,286.2616,89.4568,\N,\N,"2011-08-26 00:00:00.000000","2011-09-07 00:00:00.000000","2011-09-02 00:00:00.000000"
314,20110826,20110907,20110902,19616,1,6,9,"SO45507",1,1,1,3578.27,3578.27,0,0,2171.2942,2171.2942,3578.27,286.2616,89.4568,\N,\N,"2011-08-26 00:00:00.000000","2011-09-07 00:00:00.000000","2011-09-02 00:00:00.000000"
310,20110827,20110908,20110903,12510,1,100,7,"SO45508",1,1,1,3578.27,3578.27,0,0,2171.2942,2171.2942,3578.27,286.2616,89.4568,\N,\N,"2011-08-27 00:00:00.000000","2011-09-08 00:00:00.000000","2011-09-03 00:00:00.000000"
310,20110827,20110908,20110903,14148,1,100,8,"SO45509",1,1,1,3578.27,3578.27,0,0,2171.2942,2171.2942,3578.27,286.2616,89.4568,\N,\N,"2011-08-27 00:00:00.000000","2011-09-08 00:00:00.000000","2011-09-03 00:00:00.000000"
310,20110827,20110908,20110903,22998,1,19,6,"SO45510",1,1,1,3578.27,3578.27,0,0,2171.2942,2171.2942,3578.27,286.2616,89.4568,\N,\N,"2011-08-27 00:00:00.000000","2011-09-08 00:00:00.000000","2011-09-03 00:00:00.000000"
311,20110828,20110909,20110904,12523,1,100,7,"SO45511",1,1,1,3578.27,3578.27,0,0,2171.2942,2171.2942,3578.27,286.2616,89.4568,\N,\N,"2011-08-28 00:00:00.000000","2011-09-09 00:00:00.000000","2011-09-04 00:00:00.000000"
312,20110828,20110909,20110904,11175,1,100,4,"SO45512",1,1,1,3578.27,3578.27,0,0,2171.2942,2171.2942,3578.27,286.2616,89.4568,\N,\N,"2011-08-28 00:00:00.000000","2011-09-09 00:00:00.000000","2011-09-04 00:00:00.000000"
348,20110828,20110909,20110904,25996,1,100,4,"SO45513",1,1,1,3374.99,3374.99,0,0,1898.0944,1898.0944,3374.99,269.9992,84.3748,\N,\N,"2011-08-28 00:00:00.000000","2011-09-09 00:00:00.000000","2011-09-04 00:00:00.000000"
314,20110828,20110909,20110904,28051,1,100,6,"SO45514",1,1,1,3578.27,3578.27,0,0,2171.2942,2171.2942,3578.27,286.2616,89.4568,\N,\N,"2011-08-28 00:00:00.000000","2011-09-09 00:00:00.000000","2011-09-04 00:00:00.000000"
310,20110828,20110909,20110904,19557,1,6,9,"SO45515",1,1,1,3578.27,3578.27,0,0,2171.2942,2171.2942,3578.27,286.2616,89.4568,\N,\N,"2011-08-28 00:00:00.000000","2011-09-09 00:00:00.000000","2011-09-04 00:00:00.000000"
310,20110829,20110910,20110905,14428,1,100,8,"SO45580",1,1,1,3578.27,3578.27,0,0,2171.2942,2171.2942,3578.27,286.2616,89.4568,\N,\N,"2011-08-29 00:00:00.000000","2011-09-10 00:00:00.000000","2011-09-05 00:00:00.000000"
313,20110829,20110910,20110905,11263,1,100,1,"SO45581",1,1,1,3578.27,3578.27,0,0,2171.2942,2171.2942,3578.27,286.2616,89.4568,\N,\N,"2011-08-29 00:00:00.000000","2011-09-10 00:00:00.000000","2011-09-05 00:00:00.000000"
312,20110829,20110910,20110905,28656,1,100,6,"SO45582",1,1,1,3578.27,3578.27,0,0,2171.2942,2171.2942,3578.27,286.2616,89.4568,\N,\N,"2011-08-29 00:00:00.000000","2011-09-10 00:00:00.000000","2011-09-05 00:00:00.000000"
311,20110829,20110910,20110905,11274,1,100,1,"SO45583",1,1,1,3578.27,3578.27,0,0,2171.2942,2171.2942,3578.27,286.2616,89.4568,\N,\N,"2011-08-29 00:00:00.000000","2011-09-10 00:00:00.000000","2011-09-05 00:00:00.000000"
336,20110829,20110910,20110905,25828,1,6,9,"SO45584",1,1,1,699.0982,699.0982,0,0,413.1463,413.1463,699.0982,55.9279,17.4775,\N,\N,"2011-08-29 00:00:00.000000","2011-09-10 00:00:00.000000","2011-09-05 00:00:00.000000"
351,20110829,20110910,20110905,11905,1,6,9,"SO45585",1,1,1,3374.99,3374.99,0,0,1898.0944,1898.0944,3374.99,269.9992,84.3748,\N,\N,"2011-08-29 00:00:00.000000","2011-09-10 00:00:00.000000","2011-09-05 00:00:00.000000"
311,20110830,20110911,20110906,12613,1,100,7,"SO45586",1,1,1,3578.27,3578.27,0,0,2171.2942,2171.2942,3578.27,286.2616,89.4568,\N,\N,"2011-08-30 00:00:00.000000","2011-09-11 00:00:00.000000","2011-09-06 00:00:00.000000"
310,20110830,20110911,20110906,11531,1,100,4,"SO45587",1,1,1,3578.27,3578.27,0,0,2171.2942,2171.2942,3578.27,286.2616,89.4568,\N,\N,"2011-08-30 00:00:00.000000","2011-09-11 00:00:00.000000","2011-09-06 00:00:00.000000"
313,20110830,20110911,20110906,11275,1,100,4,"SO45588",1,1,1,3578.27,3578.27,0,0,2171.2942,2171.2942,3578.27,286.2616,89.4568,\N,\N,"2011-08-30 00:00:00.000000","2011-09-11 00:00:00.000000","2011-09-06 00:00:00.000000"
314,20110830,20110911,20110906,19784,1,6,9,"SO45589",1,1,1,3578.27,3578.27,0,0,2171.2942,2171.2942,3578.27,286.2616,89.4568,\N,\N,"2011-08-30 00:00:00.000000","2011-09-11 00:00:00.000000","2011-09-06 00:00:00.000000"
311,20110830,20110911,20110906,19763,1,6,9,"SO45590",1,1,1,3578.27,3578.27,0,0,2171.2942,2171.2942,3578.27,286.2616,89.4568,\N,\N,"2011-08-30 00:00:00.000000","2011-09-11 00:00:00.000000","2011-09-06 00:00:00.000000"
326,20110830,20110911,20110906,25831,1,6,9,"SO45591",1,1,1,699.0982,699.0982,0,0,413.1463,413.1463,699.0982,55.9279,17.4775,\N,\N,"2011-08-30 00:00:00.000000","2011-09-11 00:00:00.000000","2011-09-06 00:00:00.000000"
345,20110830,20110911,20110906,11897,1,6,9,"SO45592",1,1,1,3399.99,3399.99,0,0,1912.1544,1912.1544,3399.99,271.9992,84.9998,\N,\N,"2011-08-30 00:00:00.000000","2011-09-11 00:00:00.000000","2011-09-06 00:00:00.000000"
310,20110831,20110912,20110907,15118,1,98,10,"SO45593",1,1,1,3578.27,3578.27,0,0,2171.2942,2171.2942,3578.27,286.2616,89.4568,\N,\N,"2011-08-31 00:00:00.000000","2011-09-12 00:00:00.000000","2011-09-07 00:00:00.000000"
312,20110831,20110912,20110907,11282,1,100,1,"SO45594",1,1,1,3578.27,3578.27,0,0,2171.2942,2171.2942,3578.27,286.2616,89.4568,\N,\N,"2011-08-31 00:00:00.000000","2011-09-12 00:00:00.000000","2011-09-07 00:00:00.000000"
314,20110831,20110912,20110907,11515,1,100,4,"SO45595",1,1,1,3578.27,3578.27,0,0,2171.2942,2171.2942,3578.27,286.2616,89.4568,\N,\N,"2011-08-31 00:00:00.000000","2011-09-12 00:00:00.000000","2011-09-07 00:00:00.000000"
332,20110831,20110912,20110907,20564,1,98,10,"SO45596",1,1,1,699.0982,699.0982,0,0,413.1463,413.1463,699.0982,55.9279,17.4775,\N,\N,"2011-08-31 00:00:00.000000","2011-09-12 00:00:00.000000","2011-09-07 00:00:00.000000"
328,20110831,20110912,20110907,14740,1,100,4,"SO45597",1,1,1,699.0982,699.0982,0,0,413.1463,413.1463,699.0982,55.9279,17.4775,\N,\N,"2011-08-31 00:00:00.000000","2011-09-12 00:00:00.000000","2011-09-07 00:00:00.000000"
340,20110831,20110912,20110907,14744,1,100,1,"SO45598",1,1,1,699.0982,699.0982,0,0,413.1463,413.1463,699.0982,55.9279,17.4775,\N,\N,"2011-08-31 00:00:00.000000","2011-09-12 00:00:00.000000","2011-09-07 00:00:00.000000"
312,20110831,20110912,20110907,19794,1,6,9,"SO45599",1,1,1,3578.27,3578.27,0,0,2171.2942,2171.2942,3578.27,286.2616,89.4568,\N,\N,"2011-08-31 00:00:00.000000","2011-09-12 00:00:00.000000","2011-09-07 00:00:00.000000"
313,20110831,20110912,20110907,19628,1,6,9,"SO45600",1,1,1,3578.27,3578.27,0,0,2171.2942,2171.2942,3578.27,286.2616,89.4568,\N,\N,"2011-08-31 00:00:00.000000","2011-09-12 00:00:00.000000","2011-09-07 00:00:00.000000"
348,20110831,20110912,20110907,11893,1,6,9,"SO45601",1,1,1,3374.99,3374.99,0,0,1898.0944,1898.0944,3374.99,269.9992,84.3748,\N,\N,"2011-08-31 00:00:00.000000","2011-09-12 00:00:00.000000","2011-09-07 00:00:00.000000"
312,20110901,20110913,20110908,12607,1,100,7,"SO45602",1,1,1,3578.27,3578.27,0,0,2171.2942,2171.2942,3578.27,286.2616,89.4568,\N,\N,"2011-09-01 00:00:00.000000","2011-09-13 00:00:00.000000","2011-09-08 00:00:00.000000"
312,20110901,20110913,20110908,11296,1,100,1,"SO45603",1,1,1,3578.27,3578.27,0,0,2171.2942,2171.2942,3578.27,286.2616,89.4568,\N,\N,"2011-09-01 00:00:00.000000","2011-09-13 00:00:00.000000","2011-09-08 00:00:00.000000"
314,20110901,20110913,20110908,11317,1,100,1,"SO45604",1,1,1,3578.27,3578.27,0,0,2171.2942,2171.2942,3578.27,286.2616,89.4568,\N,\N,"2011-09-01 00:00:00.000000","2011-09-13 00:00:00.000000","2011-09-08 00:00:00.000000"
311,20110901,20110913,20110908,11626,1,100,4,"SO45605",1,1,1,3578.27,3578.27,0,0,2171.2942,2171.2942,3578.27,286.2616,89.4568,\N,\N,"2011-09-01 00:00:00.000000","2011-09-13 00:00:00.000000","2011-09-08 00:00:00.000000"
312,20110901,20110913,20110908,19967,1,6,9,"SO45606",1,1,1,3578.27,3578.27,0,0,2171.2942,2171.2942,3578.27,286.2616,89.4568,\N,\N,"2011-09-01 00:00:00.000000","2011-09-13 00:00:00.000000","2011-09-08 00:00:00.000000"
330,20110901,20110913,20110908,25830,1,6,9,"SO45607",1,1,1,699.0982,699.0982,0,0,413.1463,413.1463,699.0982,55.9279,17.4775,\N,\N,"2011-09-01 00:00:00.000000","2011-09-13 00:00:00.000000","2011-09-08 00:00:00.000000"
349,20110901,20110913,20110908,11896,1,6,9,"SO45608",1,1,1,3374.99,3374.99,0,0,1898.0944,1898.0944,3374.99,269.9992,84.3748,\N,\N,"2011-09-01 00:00:00.000000","2011-09-13 00:00:00.000000","2011-09-08 00:00:00.000000"
311,20110901,20110913,20110908,14774,1,100,8,"SO45609",1,1,1,3578.27,3578.27,0,0,2171.2942,2171.2942,3578.27,286.2616,89.4568,\N,\N,"2011-09-01 00:00:00.000000","2011-09-13 00:00:00.000000","2011-09-08 00:00:00.000000"
310,20110902,20110914,20110909,11303,1,100,1,"SO45610",1,1,1,3578.27,3578.27,0,0,2171.2942,2171.2942,3578.27,286.2616,89.4568,\N,\N,"2011-09-02 00:00:00.000000","2011-09-14 00:00:00.000000","2011-09-09 00:00:00.000000"
310,20110902,20110914,20110909,11535,1,100,1,"SO45611",1,1,1,3578.27,3578.27,0,0,2171.2942,2171.2942,3578.27,286.2616,89.4568,\N,\N,"2011-09-02 00:00:00.000000","2011-09-14 00:00:00.000000","2011-09-09 00:00:00.000000"
312,20110902,20110914,20110909,14795,1,100,8,"SO45612",1,1,1,3578.27,3578.27,0,0,2171.2942,2171.2942,3578.27,286.2616,89.4568,\N,\N,"2011-09-02 00:00:00.000000","2011-09-14 00:00:00.000000","2011-09-09 00:00:00.000000"
314,20110903,20110915,20110910,11522,1,100,1,"SO45613",1,1,1,3578.27,3578.27,0,0,2171.2942,2171.2942,3578.27,286.2616,89.4568,\N,\N,"2011-09-03 00:00:00.000000","2011-09-15 00:00:00.000000","2011-09-10 00:00:00.000000"
312,20110903,20110915,20110910,23385,1,19,6,"SO45614",1,1,1,3578.27,3578.27,0,0,2171.2942,2171.2942,3578.27,286.2616,89.4568,\N,\N,"2011-09-03 00:00:00.000000","2011-09-15 00:00:00.000000","2011-09-10 00:00:00.000000"
342,20110903,20110915,20110910,18137,1,100,7,"SO45615",1,1,1,699.0982,699.0982,0,0,413.1463,413.1463,699.0982,55.9279,17.4775,\N,\N,"2011-09-03 00:00:00.000000","2011-09-15 00:00:00.000000","2011-09-10 00:00:00.000000"
314,20110903,20110915,20110910,14800,1,100,8,"SO45616",1,1,1,3578.27,3578.27,0,0,2171.2942,2171.2942,3578.27,286.2616,89.4568,\N,\N,"2011-09-03 00:00:00.000000","2011-09-15 00:00:00.000000","2011-09-10 00:00:00.000000"
311,20110903,20110915,20110910,15354,1,98,10,"SO45617",1,1,1,3578.27,3578.27,0,0,2171.2942,2171.2942,3578.27,286.2616,89.4568,\N,\N,"2011-09-03 00:00:00.000000","2011-09-15 00:00:00.000000","2011-09-10 00:00:00.000000"
311,20110903,20110915,20110910,12618,1,100,7,"SO45618",1,1,1,3578.27,3578.27,0,0,2171.2942,2171.2942,3578.27,286.2616,89.4568,\N,\N,"2011-09-03 00:00:00.000000","2011-09-15 00:00:00.000000","2011-09-10 00:00:00.000000"
311,20110903,20110915,20110910,19787,1,6,9,"SO45619",1,1,1,3578.27,3578.27,0,0,2171.2942,2171.2942,3578.27,286.2616,89.4568,\N,\N,"2011-09-03 00:00:00.000000","2011-09-15 00:00:00.000000","2011-09-10 00:00:00.000000"
314,20110903,20110915,20110910,19951,1,6,9,"SO45620",1,1,1,3578.27,3578.27,0,0,2171.2942,2171.2942,3578.27,286.2616,89.4568,\N,\N,"2011-09-03 00:00:00.000000","2011-09-15 00:00:00.000000","2011-09-10 00:00:00.000000"
346,20110903,20110915,20110910,11768,1,6,9,"SO45621",1,1,1,3399.99,3399.99,0,0,1912.1544,1912.1544,3399.99,271.9992,84.9998,\N,\N,"2011-09-03 00:00:00.000000","2011-09-15 00:00:00.000000","2011-09-10 00:00:00.000000"
344,20110904,20110916,20110911,28470,1,100,7,"SO45622",1,1,1,3399.99,3399.99,0,0,1912.1544,1912.1544,3399.99,271.9992,84.9998,\N,\N,"2011-09-04 00:00:00.000000","2011-09-16 00:00:00.000000","2011-09-11 00:00:00.000000"
311,20110904,20110916,20110911,14769,1,100,8,"SO45623",1,1,1,3578.27,3578.27,0,0,2171.2942,2171.2942,3578.27,286.2616,89.4568,\N,\N,"2011-09-04 00:00:00.000000","2011-09-16 00:00:00.000000","2011-09-11 00:00:00.000000"
313,20110904,20110916,20110911,11291,1,100,4,"SO45624",1,1,1,3578.27,3578.27,0,0,2171.2942,2171.2942,3578.27,286.2616,89.4568,\N,\N,"2011-09-04 00:00:00.000000","2011-09-16 00:00:00.000000","2011-09-11 00:00:00.000000"
314,20110904,20110916,20110911,11307,1,100,4,"SO45625",1,1,1,3578.27,3578.27,0,0,2171.2942,2171.2942,3578.27,286.2616,89.4568,\N,\N,"2011-09-04 00:00:00.000000","2011-09-16 00:00:00.000000","2011-09-11 00:00:00.000000"
310,20110904,20110916,20110911,11259,1,100,1,"SO45626",1,1,1,3578.27,3578.27,0,0,2171.2942,2171.2942,3578.27,286.2616,89.4568,\N,\N,"2011-09-04 00:00:00.000000","2011-09-16 00:00:00.000000","2011-09-11 00:00:00.000000"
324,20110904,20110916,20110911,18039,1,100,7,"SO45627",1,1,1,699.0982,699.0982,0,0,413.1463,413.1463,699.0982,55.9279,17.4775,\N,\N,"2011-09-04 00:00:00.000000","2011-09-16 00:00:00.000000","2011-09-11 00:00:00.000000"
314,20110904,20110916,20110911,19795,1,6,9,"SO45628",1,1,1,3578.27,3578.27,0,0,2171.2942,2171.2942,3578.27,286.2616,89.4568,\N,\N,"2011-09-04 00:00:00.000000","2011-09-16 00:00:00.000000","2011-09-11 00:00:00.000000"
347,20110904,20110916,20110911,11892,1,6,9,"SO45629",1,1,1,3399.99,3399.99,0,0,1912.1544,1912.1544,3399.99,271.9992,84.9998,\N,\N,"2011-09-04 00:00:00.000000","2011-09-16 00:00:00.000000","2011-09-11 00:00:00.000000"
351,20110904,20110916,20110911,11899,1,6,9,"SO45630",1,1,1,3374.99,3374.99,0,0,1898.0944,1898.0944,3374.99,269.9992,84.3748,\N,\N,"2011-09-04 00:00:00.000000","2011-09-16 00:00:00.000000","2011-09-11 00:00:00.000000"
350,20110905,20110917,20110912,11237,1,100,8,"SO45631",1,1,1,3374.99,3374.99,0,0,1898.0944,1898.0944,3374.99,269.9992,84.3748,\N,\N,"2011-09-05 00:00:00.000000","2011-09-17 00:00:00.000000","2011-09-12 00:00:00.000000"
314,20110905,20110917,20110912,14775,1,100,8,"SO45632",1,1,1,3578.27,3578.27,0,0,2171.2942,2171.2942,3578.27,286.2616,89.4568,\N,\N,"2011-09-05 00:00:00.000000","2011-09-17 00:00:00.000000","2011-09-12 00:00:00.000000"
351,20110905,20110917,20110912,26011,1,100,4,"SO45633",1,1,1,3374.99,3374.99,0,0,1898.0944,1898.0944,3374.99,269.9992,84.3748,\N,\N,"2011-09-05 00:00:00.000000","2011-09-17 00:00:00.000000","2011-09-12 00:00:00.000000"
314,20110905,20110917,20110912,19766,1,6,9,"SO45634",1,1,1,3578.27,3578.27,0,0,2171.2942,2171.2942,3578.27,286.2616,89.4568,\N,\N,"2011-09-05 00:00:00.000000","2011-09-17 00:00:00.000000","2011-09-12 00:00:00.000000"
313,20110906,20110918,20110913,23351,1,19,6,"SO45635",1,1,1,3578.27,3578.27,0,0,2171.2942,2171.2942,3578.27,286.2616,89.4568,\N,\N,"2011-09-06 00:00:00.000000","2011-09-18 00:00:00.000000","2011-09-13 00:00:00.000000"
311,20110906,20110918,20110913,11302,1,100,1,"SO45636",1,1,1,3578.27,3578.27,0,0,2171.2942,2171.2942,3578.27,286.2616,89.4568,\N,\N,"2011-09-06 00:00:00.000000","2011-09-18 00:00:00.000000","2011-09-13 00:00:00.000000"
314,20110906,20110918,20110913,11525,1,100,1,"SO45637",1,1,1,3578.27,3578.27,0,0,2171.2942,2171.2942,3578.27,286.2616,89.4568,\N,\N,"2011-09-06 00:00:00.000000","2011-09-18 00:00:00.000000","2011-09-13 00:00:00.000000"
324,20110906,20110918,20110913,14746,1,100,4,"SO45638",1,1,1,699.0982,699.0982,0,0,413.1463,413.1463,699.0982,55.9279,17.4775,\N,\N,"2011-09-06 00:00:00.000000","2011-09-18 00:00:00.000000","2011-09-13 00:00:00.000000"
311,20110906,20110918,20110913,19782,1,6,9,"SO45639",1,1,1,3578.27,3578.27,0,0,2171.2942,2171.2942,3578.27,286.2616,89.4568,\N,\N,"2011-09-06 00:00:00.000000","2011-09-18 00:00:00.000000","2011-09-13 00:00:00.000000"
311,20110906,20110918,20110913,19964,1,6,9,"SO45640",1,1,1,3578.27,3578.27,0,0,2171.2942,2171.2942,3578.27,286.2616,89.4568,\N,\N,"2011-09-06 00:00:00.000000","2011-09-18 00:00:00.000000","2011-09-13 00:00:00.000000"
311,20110907,20110919,20110914,23306,1,19,6,"SO45641",1,1,1,3578.27,3578.27,0,0,2171.2942,2171.2942,3578.27,286.2616,89.4568,\N,\N,"2011-09-07 00:00:00.000000","2011-09-19 00:00:00.000000","2011-09-14 00:00:00.000000"
313,20110907,20110919,20110914,11623,1,100,4,"SO45642",1,1,1,3578.27,3578.27,0,0,2171.2942,2171.2942,3578.27,286.2616,89.4568,\N,\N,"2011-09-07 00:00:00.000000","2011-09-19 00:00:00.000000","2011-09-14 00:00:00.000000"
310,20110908,20110920,20110915,14541,1,100,8,"SO45643",1,1,1,3578.27,3578.27,0,0,2171.2942,2171.2942,3578.27,286.2616,89.4568,\N,\N,"2011-09-08 00:00:00.000000","2011-09-20 00:00:00.000000","2011-09-15 00:00:00.000000"
350,20110908,20110920,20110915,28458,1,100,7,"SO45644",1,1,1,3374.99,3374.99,0,0,1898.0944,1898.0944,3374.99,269.9992,84.3748,\N,\N,"2011-09-08 00:00:00.000000","2011-09-20 00:00:00.000000","2011-09-15 00:00:00.000000"
351,20110908,20110920,20110915,11482,1,98,10,"SO45645",1,1,1,3374.99,3374.99,0,0,1898.0944,1898.0944,3374.99,269.9992,84.3748,\N,\N,"2011-09-08 00:00:00.000000","2011-09-20 00:00:00.000000","2011-09-15 00:00:00.000000"
312,20110908,20110920,20110915,11289,1,100,4,"SO45646",1,1,1,3578.27,3578.27,0,0,2171.2942,2171.2942,3578.27,286.2616,89.4568,\N,\N,"2011-09-08 00:00:00.000000","2011-09-20 00:00:00.000000","2011-09-15 00:00:00.000000"
347,20110908,20110920,20110915,25997,1,100,4,"SO45647",1,1,1,3399.99,3399.99,0,0,1912.1544,1912.1544,3399.99,271.9992,84.9998,\N,\N,"2011-09-08 00:00:00.000000","2011-09-20 00:00:00.000000","2011-09-15 00:00:00.000000"
312,20110908,20110920,20110915,19791,1,6,9,"SO45648",1,1,1,3578.27,3578.27,0,0,2171.2942,2171.2942,3578.27,286.2616,89.4568,\N,\N,"2011-09-08 00:00:00.000000","2011-09-20 00:00:00.000000","2011-09-15 00:00:00.000000"
310,20110909,20110921,20110916,11319,1,100,4,"SO45649",1,1,1,3578.27,3578.27,0,0,2171.2942,2171.2942,3578.27,286.2616,89.4568,\N,\N,"2011-09-09 00:00:00.000000","2011-09-21 00:00:00.000000","2011-09-16 00:00:00.000000"
312,20110909,20110921,20110916,28652,1,100,6,"SO45650",1,1,1,3578.27,3578.27,0,0,2171.2942,2171.2942,3578.27,286.2616,89.4568,\N,\N,"2011-09-09 00:00:00.000000","2011-09-21 00:00:00.000000","2011-09-16 00:00:00.000000"
311,20110909,20110921,20110916,19771,1,6,9,"SO45651",1,1,1,3578.27,3578.27,0,0,2171.2942,2171.2942,3578.27,286.2616,89.4568,\N,\N,"2011-09-09 00:00:00.000000","2011-09-21 00:00:00.000000","2011-09-16 00:00:00.000000"
334,20110909,20110921,20110916,25826,1,6,9,"SO45652",1,1,1,699.0982,699.0982,0,0,413.1463,413.1463,699.0982,55.9279,17.4775,\N,\N,"2011-09-09 00:00:00.000000","2011-09-21 00:00:00.000000","2011-09-16 00:00:00.000000"
347,20110909,20110921,20110916,11764,1,6,9,"SO45653",1,1,1,3399.99,3399.99,0,0,1912.1544,1912.1544,3399.99,271.9992,84.9998,\N,\N,"2011-09-09 00:00:00.000000","2011-09-21 00:00:00.000000","2011-09-16 00:00:00.000000"
348,20110910,20110922,20110917,28478,1,100,7,"SO45654",1,1,1,3374.99,3374.99,0,0,1898.0944,1898.0944,3374.99,269.9992,84.3748,\N,\N,"2011-09-10 00:00:00.000000","2011-09-22 00:00:00.000000","2011-09-17 00:00:00.000000"
312,20110910,20110922,20110917,11323,1,100,4,"SO45655",1,1,1,3578.27,3578.27,0,0,2171.2942,2171.2942,3578.27,286.2616,89.4568,\N,\N,"2011-09-10 00:00:00.000000","2011-09-22 00:00:00.000000","2011-09-17 00:00:00.000000"
313,20110910,20110922,20110917,11617,1,100,4,"SO45656",1,1,1,3578.27,3578.27,0,0,2171.2942,2171.2942,3578.27,286.2616,89.4568,\N,\N,"2011-09-10 00:00:00.000000","2011-09-22 00:00:00.000000","2011-09-17 00:00:00.000000"
311,20110910,20110922,20110917,11266,1,100,1,"SO45657",1,1,1,3578.27,3578.27,0,0,2171.2942,2171.2942,3578.27,286.2616,89.4568,\N,\N,"2011-09-10 00:00:00.000000","2011-09-22 00:00:00.000000","2011-09-17 00:00:00.000000"
312,20110910,20110922,20110917,11270,1,100,4,"SO45658",1,1,1,3578.27,3578.27,0,0,2171.2942,2171.2942,3578.27,286.2616,89.4568,\N,\N,"2011-09-10 00:00:00.000000","2011-09-22 00:00:00.000000","2011-09-17 00:00:00.000000"
349,20110910,20110922,20110917,26003,1,100,4,"SO45659",1,1,1,3374.99,3374.99,0,0,1898.0944,1898.0944,3374.99,269.9992,84.3748,\N,\N,"2011-09-10 00:00:00.000000","2011-09-22 00:00:00.000000","2011-09-17 00:00:00.000000"
312,20110910,20110922,20110917,19797,1,6,9,"SO45660",1,1,1,3578.27,3578.27,0,0,2171.2942,2171.2942,3578.27,286.2616,89.4568,\N,\N,"2011-09-10 00:00:00.000000","2011-09-22 00:00:00.000000","2011-09-17 00:00:00.000000"
342,20110910,20110922,20110917,25827,1,6,9,"SO45661",1,1,1,699.0982,699.0982,0,0,413.1463,413.1463,699.0982,55.9279,17.4775,\N,\N,"2011-09-10 00:00:00.000000","2011-09-22 00:00:00.000000","2011-09-17 00:00:00.000000"
350,20110910,20110922,20110917,11906,1,6,9,"SO45662",1,1,1,3374.99,3374.99,0,0,1898.0944,1898.0944,3374.99,269.9992,84.3748,\N,\N,"2011-09-10 00:00:00.000000","2011-09-22 00:00:00.000000","2011-09-17 00:00:00.000000"
347,20110910,20110922,20110917,11901,1,6,9,"SO45663",1,1,1,3399.99,3399.99,0,0,1912.1544,1912.1544,3399.99,271.9992,84.9998,\N,\N,"2011-09-10 00:00:00.000000","2011-09-22 00:00:00.000000","2011-09-17 00:00:00.000000"
312,20110911,20110923,20110918,14713,1,100,8,"SO45664",1,1,1,3578.27,3578.27,0,0,2171.2942,2171.2942,3578.27,286.2616,89.4568,\N,\N,"2011-09-11 00:00:00.000000","2011-09-23 00:00:00.000000","2011-09-18 00:00:00.000000"
346,20110911,20110923,20110918,26004,1,100,4,"SO45665",1,1,1,3399.99,3399.99,0,0,1912.1544,1912.1544,3399.99,271.9992,84.9998,\N,\N,"2011-09-11 00:00:00.000000","2011-09-23 00:00:00.000000","2011-09-18 00:00:00.000000"
326,20110911,20110923,20110918,14738,1,100,4,"SO45666",1,1,1,699.0982,699.0982,0,0,413.1463,413.1463,699.0982,55.9279,17.4775,\N,\N,"2011-09-11 00:00:00.000000","2011-09-23 00:00:00.000000","2011-09-18 00:00:00.000000"
314,20110911,20110923,20110918,19957,1,6,9,"SO45667",1,1,1,3578.27,3578.27,0,0,2171.2942,2171.2942,3578.27,286.2616,89.4568,\N,\N,"2011-09-11 00:00:00.000000","2011-09-23 00:00:00.000000","2011-09-18 00:00:00.000000"
312,20110912,20110924,20110919,11298,1,100,4,"SO45668",1,1,1,3578.27,3578.27,0,0,2171.2942,2171.2942,3578.27,286.2616,89.4568,\N,\N,"2011-09-12 00:00:00.000000","2011-09-24 00:00:00.000000","2011-09-19 00:00:00.000000"
314,20110912,20110924,20110919,11528,1,100,4,"SO45669",1,1,1,3578.27,3578.27,0,0,2171.2942,2171.2942,3578.27,286.2616,89.4568,\N,\N,"2011-09-12 00:00:00.000000","2011-09-24 00:00:00.000000","2011-09-19 00:00:00.000000"
310,20110912,20110924,20110919,11541,1,100,1,"SO45670",1,1,1,3578.27,3578.27,0,0,2171.2942,2171.2942,3578.27,286.2616,89.4568,\N,\N,"2011-09-12 00:00:00.000000","2011-09-24 00:00:00.000000","2011-09-19 00:00:00.000000"
312,20110912,20110924,20110919,11628,1,100,4,"SO45671",1,1,1,3578.27,3578.27,0,0,2171.2942,2171.2942,3578.27,286.2616,89.4568,\N,\N,"2011-09-12 00:00:00.000000","2011-09-24 00:00:00.000000","2011-09-19 00:00:00.000000"
340,20110912,20110924,20110919,19438,1,100,8,"SO45672",1,1,1,699.0982,699.0982,0,0,413.1463,413.1463,699.0982,55.9279,17.4775,\N,\N,"2011-09-12 00:00:00.000000","2011-09-24 00:00:00.000000","2011-09-19 00:00:00.000000"
312,20110912,20110924,20110919,19790,1,6,9,"SO45673",1,1,1,3578.27,3578.27,0,0,2171.2942,2171.2942,3578.27,286.2616,89.4568,\N,\N,"2011-09-12 00:00:00.000000","2011-09-24 00:00:00.000000","2011-09-19 00:00:00.000000"
314,20110912,20110924,20110919,19948,1,6,9,"SO45674",1,1,1,3578.27,3578.27,0,0,2171.2942,2171.2942,3578.27,286.2616,89.4568,\N,\N,"2011-09-12 00:00:00.000000","2011-09-24 00:00:00.000000","2011-09-19 00:00:00.000000"
340,20110912,20110924,20110919,25829,1,6,9,"SO45675",1,1,1,699.0982,699.0982,0,0,413.1463,413.1463,699.0982,55.9279,17.4775,\N,\N,"2011-09-12 00:00:00.000000","2011-09-24 00:00:00.000000","2011-09-19 00:00:00.000000"
349,20110912,20110924,20110919,11765,1,6,9,"SO45676",1,1,1,3374.99,3374.99,0,0,1898.0944,1898.0944,3374.99,269.9992,84.3748,\N,\N,"2011-09-12 00:00:00.000000","2011-09-24 00:00:00.000000","2011-09-19 00:00:00.000000"
348,20110912,20110924,20110919,11895,1,6,9,"SO45677",1,1,1,3374.99,3374.99,0,0,1898.0944,1898.0944,3374.99,269.9992,84.3748,\N,\N,"2011-09-12 00:00:00.000000","2011-09-24 00:00:00.000000","2011-09-19 00:00:00.000000"
313,20110913,20110925,20110920,11281,1,100,4,"SO45678",1,1,1,3578.27,3578.27,0,0,2171.2942,2171.2942,3578.27,286.2616,89.4568,\N,\N,"2011-09-13 00:00:00.000000","2011-09-25 00:00:00.000000","2011-09-20 00:00:00.000000"
314,20110913,20110925,20110920,11540,1,100,4,"SO45679",1,1,1,3578.27,3578.27,0,0,2171.2942,2171.2942,3578.27,286.2616,89.4568,\N,\N,"2011-09-13 00:00:00.000000","2011-09-25 00:00:00.000000","2011-09-20 00:00:00.000000"
310,20110913,20110925,20110920,23283,1,19,6,"SO45680",1,1,1,3578.27,3578.27,0,0,2171.2942,2171.2942,3578.27,286.2616,89.4568,\N,\N,"2011-09-13 00:00:00.000000","2011-09-25 00:00:00.000000","2011-09-20 00:00:00.000000"
314,20110913,20110925,20110920,19789,1,6,9,"SO45681",1,1,1,3578.27,3578.27,0,0,2171.2942,2171.2942,3578.27,286.2616,89.4568,\N,\N,"2011-09-13 00:00:00.000000","2011-09-25 00:00:00.000000","2011-09-20 00:00:00.000000"
312,20110913,20110925,20110920,19950,1,6,9,"SO45682",1,1,1,3578.27,3578.27,0,0,2171.2942,2171.2942,3578.27,286.2616,89.4568,\N,\N,"2011-09-13 00:00:00.000000","2011-09-25 00:00:00.000000","2011-09-20 00:00:00.000000"
311,20110914,20110926,20110921,14709,1,100,8,"SO45683",1,1,1,3578.27,3578.27,0,0,2171.2942,2171.2942,3578.27,286.2616,89.4568,\N,\N,"2011-09-14 00:00:00.000000","2011-09-26 00:00:00.000000","2011-09-21 00:00:00.000000"
345,20110914,20110926,20110921,11485,1,98,10,"SO45684",1,1,1,3399.99,3399.99,0,0,1912.1544,1912.1544,3399.99,271.9992,84.9998,\N,\N,"2011-09-14 00:00:00.000000","2011-09-26 00:00:00.000000","2011-09-21 00:00:00.000000"
322,20110914,20110926,20110921,18132,1,100,7,"SO45685",1,1,1,699.0982,699.0982,0,0,413.1463,413.1463,699.0982,55.9279,17.4775,\N,\N,"2011-09-14 00:00:00.000000","2011-09-26 00:00:00.000000","2011-09-21 00:00:00.000000"
346,20110914,20110926,20110921,25998,1,100,1,"SO45686",1,1,1,3399.99,3399.99,0,0,1912.1544,1912.1544,3399.99,271.9992,84.9998,\N,\N,"2011-09-14 00:00:00.000000","2011-09-26 00:00:00.000000","2011-09-21 00:00:00.000000"
344,20110914,20110926,20110921,26005,1,100,1,"SO45687",1,1,1,3399.99,3399.99,0,0,1912.1544,1912.1544,3399.99,271.9992,84.9998,\N,\N,"2011-09-14 00:00:00.000000","2011-09-26 00:00:00.000000","2011-09-21 00:00:00.000000"
320,20110914,20110926,20110921,14741,1,100,4,"SO45688",1,1,1,699.0982,699.0982,0,0,413.1463,413.1463,699.0982,55.9279,17.4775,\N,\N,"2011-09-14 00:00:00.000000","2011-09-26 00:00:00.000000","2011-09-21 00:00:00.000000"
312,20110914,20110926,20110921,19773,1,6,9,"SO45689",1,1,1,3578.27,3578.27,0,0,2171.2942,2171.2942,3578.27,286.2616,89.4568,\N,\N,"2011-09-14 00:00:00.000000","2011-09-26 00:00:00.000000","2011-09-21 00:00:00.000000"
310,20110914,20110926,20110921,19958,1,6,9,"SO45690",1,1,1,3578.27,3578.27,0,0,2171.2942,2171.2942,3578.27,286.2616,89.4568,\N,\N,"2011-09-14 00:00:00.000000","2011-09-26 00:00:00.000000","2011-09-21 00:00:00.000000"
344,20110914,20110926,20110921,11898,1,6,9,"SO45691",1,1,1,3399.99,3399.99,0,0,1912.1544,1912.1544,3399.99,271.9992,84.9998,\N,\N,"2011-09-14 00:00:00.000000","2011-09-26 00:00:00.000000","2011-09-21 00:00:00.000000"
313,20110915,20110927,20110922,14425,1,100,8,"SO45692",1,1,1,3578.27,3578.27,0,0,2171.2942,2171.2942,3578.27,286.2616,89.4568,\N,\N,"2011-09-15 00:00:00.000000","2011-09-27 00:00:00.000000","2011-09-22 00:00:00.000000"
313,20110915,20110927,20110922,15083,1,98,10,"SO45693",1,1,1,3578.27,3578.27,0,0,2171.2942,2171.2942,3578.27,286.2616,89.4568,\N,\N,"2011-09-15 00:00:00.000000","2011-09-27 00:00:00.000000","2011-09-22 00:00:00.000000"
312,20110915,20110927,20110922,15097,1,98,10,"SO45694",1,1,1,3578.27,3578.27,0,0,2171.2942,2171.2942,3578.27,286.2616,89.4568,\N,\N,"2011-09-15 00:00:00.000000","2011-09-27 00:00:00.000000","2011-09-22 00:00:00.000000"
311,20110915,20110927,20110922,11292,1,100,4,"SO45695",1,1,1,3578.27,3578.27,0,0,2171.2942,2171.2942,3578.27,286.2616,89.4568,\N,\N,"2011-09-15 00:00:00.000000","2011-09-27 00:00:00.000000","2011-09-22 00:00:00.000000"
314,20110915,20110927,20110922,11326,1,100,4,"SO45696",1,1,1,3578.27,3578.27,0,0,2171.2942,2171.2942,3578.27,286.2616,89.4568,\N,\N,"2011-09-15 00:00:00.000000","2011-09-27 00:00:00.000000","2011-09-22 00:00:00.000000"
314,20110915,20110927,20110922,11516,1,100,4,"SO45697",1,1,1,3578.27,3578.27,0,0,2171.2942,2171.2942,3578.27,286.2616,89.4568,\N,\N,"2011-09-15 00:00:00.000000","2011-09-27 00:00:00.000000","2011-09-22 00:00:00.000000"
326,20110915,20110927,20110922,14747,1,100,4,"SO45698",1,1,1,699.0982,699.0982,0,0,413.1463,413.1463,699.0982,55.9279,17.4775,\N,\N,"2011-09-15 00:00:00.000000","2011-09-27 00:00:00.000000","2011-09-22 00:00:00.000000"
336,20110915,20110927,20110922,14750,1,100,4,"SO45699",1,1,1,699.0982,699.0982,0,0,413.1463,413.1463,699.0982,55.9279,17.4775,\N,\N,"2011-09-15 00:00:00.000000","2011-09-27 00:00:00.000000","2011-09-22 00:00:00.000000"
310,20110916,20110928,20110923,11278,1,100,1,"SO45700",1,1,1,3578.27,3578.27,0,0,2171.2942,2171.2942,3578.27,286.2616,89.4568,\N,\N,"2011-09-16 00:00:00.000000","2011-09-28 00:00:00.000000","2011-09-23 00:00:00.000000"
311,20110916,20110928,20110923,11538,1,100,4,"SO45701",1,1,1,3578.27,3578.27,0,0,2171.2942,2171.2942,3578.27,286.2616,89.4568,\N,\N,"2011-09-16 00:00:00.000000","2011-09-28 00:00:00.000000","2011-09-23 00:00:00.000000"
320,20110916,20110928,20110923,18131,1,100,7,"SO45702",1,1,1,699.0982,699.0982,0,0,413.1463,413.1463,699.0982,55.9279,17.4775,\N,\N,"2011-09-16 00:00:00.000000","2011-09-28 00:00:00.000000","2011-09-23 00:00:00.000000"
310,20110916,20110928,20110923,19947,1,6,9,"SO45703",1,1,1,3578.27,3578.27,0,0,2171.2942,2171.2942,3578.27,286.2616,89.4568,\N,\N,"2011-09-16 00:00:00.000000","2011-09-28 00:00:00.000000","2011-09-23 00:00:00.000000"
312,20110917,20110929,20110924,14772,1,100,8,"SO45704",1,1,1,3578.27,3578.27,0,0,2171.2942,2171.2942,3578.27,286.2616,89.4568,\N,\N,"2011-09-17 00:00:00.000000","2011-09-29 00:00:00.000000","2011-09-24 00:00:00.000000"
311,20110917,20110929,20110924,23378,1,19,6,"SO45705",1,1,1,3578.27,3578.27,0,0,2171.2942,2171.2942,3578.27,286.2616,89.4568,\N,\N,"2011-09-17 00:00:00.000000","2011-09-29 00:00:00.000000","2011-09-24 00:00:00.000000"
313,20110917,20110929,20110924,11267,1,100,4,"SO45706",1,1,1,3578.27,3578.27,0,0,2171.2942,2171.2942,3578.27,286.2616,89.4568,\N,\N,"2011-09-17 00:00:00.000000","2011-09-29 00:00:00.000000","2011-09-24 00:00:00.000000"
345,20110917,20110929,20110924,11904,1,6,9,"SO45707",1,1,1,3399.99,3399.99,0,0,1912.1544,1912.1544,3399.99,271.9992,84.9998,\N,\N,"2011-09-17 00:00:00.000000","2011-09-29 00:00:00.000000","2011-09-24 00:00:00.000000"
313,20110917,20110929,20110924,19765,1,6,9,"SO45708",1,1,1,3578.27,3578.27,0,0,2171.2942,2171.2942,3578.27,286.2616,89.4568,\N,\N,"2011-09-17 00:00:00.000000","2011-09-29 00:00:00.000000","2011-09-24 00:00:00.000000"
313,20110917,20110929,20110924,19793,1,6,9,"SO45709",1,1,1,3578.27,3578.27,0,0,2171.2942,2171.2942,3578.27,286.2616,89.4568,\N,\N,"2011-09-17 00:00:00.000000","2011-09-29 00:00:00.000000","2011-09-24 00:00:00.000000"
310,20110917,20110929,20110924,19963,1,6,9,"SO45710",1,1,1,3578.27,3578.27,0,0,2171.2942,2171.2942,3578.27,286.2616,89.4568,\N,\N,"2011-09-17 00:00:00.000000","2011-09-29 00:00:00.000000","2011-09-24 00:00:00.000000"
313,20110917,20110929,20110924,19621,1,6,9,"SO45711",1,1,1,3578.27,3578.27,0,0,2171.2942,2171.2942,3578.27,286.2616,89.4568,\N,\N,"2011-09-17 00:00:00.000000","2011-09-29 00:00:00.000000","2011-09-24 00:00:00.000000"
346,20110917,20110929,20110924,11767,1,6,9,"SO45712",1,1,1,3399.99,3399.99,0,0,1912.1544,1912.1544,3399.99,271.9992,84.9998,\N,\N,"2011-09-17 00:00:00.000000","2011-09-29 00:00:00.000000","2011-09-24 00:00:00.000000"
314,20110918,20110930,20110925,15088,1,98,10,"SO45713",1,1,1,3578.27,3578.27,0,0,2171.2942,2171.2942,3578.27,286.2616,89.4568,\N,\N,"2011-09-18 00:00:00.000000","2011-09-30 00:00:00.000000","2011-09-25 00:00:00.000000"
312,20110918,20110930,20110925,11534,1,100,4,"SO45714",1,1,1,3578.27,3578.27,0,0,2171.2942,2171.2942,3578.27,286.2616,89.4568,\N,\N,"2011-09-18 00:00:00.000000","2011-09-30 00:00:00.000000","2011-09-25 00:00:00.000000"
310,20110918,20110930,20110925,19770,1,6,9,"SO45715",1,1,1,3578.27,3578.27,0,0,2171.2942,2171.2942,3578.27,286.2616,89.4568,\N,\N,"2011-09-18 00:00:00.000000","2011-09-30 00:00:00.000000","2011-09-25 00:00:00.000000"
310,20110918,20110930,20110925,19783,1,6,9,"SO45716",1,1,1,3578.27,3578.27,0,0,2171.2942,2171.2942,3578.27,286.2616,89.4568,\N,\N,"2011-09-18 00:00:00.000000","2011-09-30 00:00:00.000000","2011-09-25 00:00:00.000000"
310,20110919,20111001,20110926,11325,1,100,1,"SO45717",1,1,1,3578.27,3578.27,0,0,2171.2942,2171.2942,3578.27,286.2616,89.4568,\N,\N,"2011-09-19 00:00:00.000000","2011-10-01 00:00:00.000000","2011-09-26 00:00:00.000000"
311,20110919,20111001,20110926,11272,1,100,4,"SO45718",1,1,1,3578.27,3578.27,0,0,2171.2942,2171.2942,3578.27,286.2616,89.4568,\N,\N,"2011-09-19 00:00:00.000000","2011-10-01 00:00:00.000000","2011-09-26 00:00:00.000000"
350,20110919,20111001,20110926,20000,1,19,6,"SO45719",1,1,1,3374.99,3374.99,0,0,1898.0944,1898.0944,3374.99,269.9992,84.3748,\N,\N,"2011-09-19 00:00:00.000000","2011-10-01 00:00:00.000000","2011-09-26 00:00:00.000000"
313,20110919,20111001,20110926,19653,1,6,9,"SO45720",1,1,1,3578.27,3578.27,0,0,2171.2942,2171.2942,3578.27,286.2616,89.4568,\N,\N,"2011-09-19 00:00:00.000000","2011-10-01 00:00:00.000000","2011-09-26 00:00:00.000000"
345,20110919,20111001,20110926,11766,1,6,9,"SO45721",1,1,1,3399.99,3399.99,0,0,1912.1544,1912.1544,3399.99,271.9992,84.9998,\N,\N,"2011-09-19 00:00:00.000000","2011-10-01 00:00:00.000000","2011-09-26 00:00:00.000000"
351,20110919,20111001,20110926,11908,1,6,9,"SO45722",1,1,1,3374.99,3374.99,0,0,1898.0944,1898.0944,3374.99,269.9992,84.3748,\N,\N,"2011-09-19 00:00:00.000000","2011-10-01 00:00:00.000000","2011-09-26 00:00:00.000000"
311,20110920,20111002,20110927,11290,1,100,4,"SO45723",1,1,1,3578.27,3578.27,0,0,2171.2942,2171.2942,3578.27,286.2616,89.4568,\N,\N,"2011-09-20 00:00:00.000000","2011-10-02 00:00:00.000000","2011-09-27 00:00:00.000000"
312,20110920,20111002,20110927,12620,1,100,7,"SO45724",1,1,1,3578.27,3578.27,0,0,2171.2942,2171.2942,3578.27,286.2616,89.4568,\N,\N,"2011-09-20 00:00:00.000000","2011-10-02 00:00:00.000000","2011-09-27 00:00:00.000000"
312,20110920,20111002,20110927,14789,1,100,8,"SO45725",1,1,1,3578.27,3578.27,0,0,2171.2942,2171.2942,3578.27,286.2616,89.4568,\N,\N,"2011-09-20 00:00:00.000000","2011-10-02 00:00:00.000000","2011-09-27 00:00:00.000000"
313,20110920,20111002,20110927,12614,1,100,7,"SO45726",1,1,1,3578.27,3578.27,0,0,2171.2942,2171.2942,3578.27,286.2616,89.4568,\N,\N,"2011-09-20 00:00:00.000000","2011-10-02 00:00:00.000000","2011-09-27 00:00:00.000000"
350,20110920,20111002,20110927,11909,1,6,9,"SO45727",1,1,1,3374.99,3374.99,0,0,1898.0944,1898.0944,3374.99,269.9992,84.3748,\N,\N,"2011-09-20 00:00:00.000000","2011-10-02 00:00:00.000000","2011-09-27 00:00:00.000000"
313,20110921,20111003,20110928,14426,1,100,8,"SO45728",1,1,1,3578.27,3578.27,0,0,2171.2942,2171.2942,3578.27,286.2616,89.4568,\N,\N,"2011-09-21 00:00:00.000000","2011-10-03 00:00:00.000000","2011-09-28 00:00:00.000000"
313,20110921,20111003,20110928,15087,1,98,10,"SO45729",1,1,1,3578.27,3578.27,0,0,2171.2942,2171.2942,3578.27,286.2616,89.4568,\N,\N,"2011-09-21 00:00:00.000000","2011-10-03 00:00:00.000000","2011-09-28 00:00:00.000000"
350,20110921,20111003,20110928,28471,1,100,7,"SO45730",1,1,1,3374.99,3374.99,0,0,1898.0944,1898.0944,3374.99,269.9992,84.3748,\N,\N,"2011-09-21 00:00:00.000000","2011-10-03 00:00:00.000000","2011-09-28 00:00:00.000000"
310,20110921,20111003,20110928,11286,1,100,4,"SO45731",1,1,1,3578.27,3578.27,0,0,2171.2942,2171.2942,3578.27,286.2616,89.4568,\N,\N,"2011-09-21 00:00:00.000000","2011-10-03 00:00:00.000000","2011-09-28 00:00:00.000000"
311,20110921,20111003,20110928,11537,1,100,4,"SO45732",1,1,1,3578.27,3578.27,0,0,2171.2942,2171.2942,3578.27,286.2616,89.4568,\N,\N,"2011-09-21 00:00:00.000000","2011-10-03 00:00:00.000000","2011-09-28 00:00:00.000000"
311,20110921,20111003,20110928,11624,1,100,4,"SO45733",1,1,1,3578.27,3578.27,0,0,2171.2942,2171.2942,3578.27,286.2616,89.4568,\N,\N,"2011-09-21 00:00:00.000000","2011-10-03 00:00:00.000000","2011-09-28 00:00:00.000000"
314,20110921,20111003,20110928,11630,1,100,1,"SO45734",1,1,1,3578.27,3578.27,0,0,2171.2942,2171.2942,3578.27,286.2616,89.4568,\N,\N,"2011-09-21 00:00:00.000000","2011-10-03 00:00:00.000000","2011-09-28 00:00:00.000000"
314,20110921,20111003,20110928,19792,1,6,9,"SO45735",1,1,1,3578.27,3578.27,0,0,2171.2942,2171.2942,3578.27,286.2616,89.4568,\N,\N,"2011-09-21 00:00:00.000000","2011-10-03 00:00:00.000000","2011-09-28 00:00:00.000000"
310,20110921,20111003,20110928,19960,1,6,9,"SO45736",1,1,1,3578.27,3578.27,0,0,2171.2942,2171.2942,3578.27,286.2616,89.4568,\N,\N,"2011-09-21 00:00:00.000000","2011-10-03 00:00:00.000000","2011-09-28 00:00:00.000000"
311,20110921,20111003,20110928,19965,1,6,9,"SO45737",1,1,1,3578.27,3578.27,0,0,2171.2942,2171.2942,3578.27,286.2616,89.4568,\N,\N,"2011-09-21 00:00:00.000000","2011-10-03 00:00:00.000000","2011-09-28 00:00:00.000000"
346,20110921,20111003,20110928,11900,1,6,9,"SO45738",1,1,1,3399.99,3399.99,0,0,1912.1544,1912.1544,3399.99,271.9992,84.9998,\N,\N,"2011-09-21 00:00:00.000000","2011-10-03 00:00:00.000000","2011-09-28 00:00:00.000000"
348,20110921,20111003,20110928,11903,1,6,9,"SO45739",1,1,1,3374.99,3374.99,0,0,1898.0944,1898.0944,3374.99,269.9992,84.3748,\N,\N,"2011-09-21 00:00:00.000000","2011-10-03 00:00:00.000000","2011-09-28 00:00:00.000000"
314,20110922,20111004,20110929,19786,1,6,9,"SO45740",1,1,1,3578.27,3578.27,0,0,2171.2942,2171.2942,3578.27,286.2616,89.4568,\N,\N,"2011-09-22 00:00:00.000000","2011-10-04 00:00:00.000000","2011-09-29 00:00:00.000000"
314,20110922,20111004,20110929,19788,1,6,9,"SO45741",1,1,1,3578.27,3578.27,0,0,2171.2942,2171.2942,3578.27,286.2616,89.4568,\N,\N,"2011-09-22 00:00:00.000000","2011-10-04 00:00:00.000000","2011-09-29 00:00:00.000000"
312,20110922,20111004,20110929,19620,1,6,9,"SO45742",1,1,1,3578.27,3578.27,0,0,2171.2942,2171.2942,3578.27,286.2616,89.4568,\N,\N,"2011-09-22 00:00:00.000000","2011-10-04 00:00:00.000000","2011-09-29 00:00:00.000000"
313,20110922,20111004,20110929,19631,1,6,9,"SO45743",1,1,1,3578.27,3578.27,0,0,2171.2942,2171.2942,3578.27,286.2616,89.4568,\N,\N,"2011-09-22 00:00:00.000000","2011-10-04 00:00:00.000000","2011-09-29 00:00:00.000000"
351,20110922,20111004,20110929,11894,1,6,9,"SO45744",1,1,1,3374.99,3374.99,0,0,1898.0944,1898.0944,3374.99,269.9992,84.3748,\N,\N,"2011-09-22 00:00:00.000000","2011-10-04 00:00:00.000000","2011-09-29 00:00:00.000000"
312,20110923,20111005,20110930,15089,1,98,10,"SO45745",1,1,1,3578.27,3578.27,0,0,2171.2942,2171.2942,3578.27,286.2616,89.4568,\N,\N,"2011-09-23 00:00:00.000000","2011-10-05 00:00:00.000000","2011-09-30 00:00:00.000000"
312,20110923,20111005,20110930,23376,1,19,6,"SO45746",1,1,1,3578.27,3578.27,0,0,2171.2942,2171.2942,3578.27,286.2616,89.4568,\N,\N,"2011-09-23 00:00:00.000000","2011-10-05 00:00:00.000000","2011-09-30 00:00:00.000000"
314,20110923,20111005,20110930,11539,1,100,4,"SO45747",1,1,1,3578.27,3578.27,0,0,2171.2942,2171.2942,3578.27,286.2616,89.4568,\N,\N,"2011-09-23 00:00:00.000000","2011-10-05 00:00:00.000000","2011-09-30 00:00:00.000000"
332,20110923,20111005,20110930,18046,1,100,7,"SO45748",1,1,1,699.0982,699.0982,0,0,413.1463,413.1463,699.0982,55.9279,17.4775,\N,\N,"2011-09-23 00:00:00.000000","2011-10-05 00:00:00.000000","2011-09-30 00:00:00.000000"
311,20110923,20111005,20110930,14797,1,100,8,"SO45749",1,1,1,3578.27,3578.27,0,0,2171.2942,2171.2942,3578.27,286.2616,89.4568,\N,\N,"2011-09-23 00:00:00.000000","2011-10-05 00:00:00.000000","2011-09-30 00:00:00.000000"
345,20110923,20111005,20110930,26001,1,100,1,"SO45750",1,1,1,3399.99,3399.99,0,0,1912.1544,1912.1544,3399.99,271.9992,84.9998,\N,\N,"2011-09-23 00:00:00.000000","2011-10-05 00:00:00.000000","2011-09-30 00:00:00.000000"
340,20110923,20111005,20110930,14739,1,100,4,"SO45751",1,1,1,699.0982,699.0982,0,0,413.1463,413.1463,699.0982,55.9279,17.4775,\N,\N,"2011-09-23 00:00:00.000000","2011-10-05 00:00:00.000000","2011-09-30 00:00:00.000000"
314,20110923,20111005,20110930,19772,1,6,9,"SO45752",1,1,1,3578.27,3578.27,0,0,2171.2942,2171.2942,3578.27,286.2616,89.4568,\N,\N,"2011-09-23 00:00:00.000000","2011-10-05 00:00:00.000000","2011-09-30 00:00:00.000000"
311,20110923,20111005,20110930,19966,1,6,9,"SO45753",1,1,1,3578.27,3578.27,0,0,2171.2942,2171.2942,3578.27,286.2616,89.4568,\N,\N,"2011-09-23 00:00:00.000000","2011-10-05 00:00:00.000000","2011-09-30 00:00:00.000000"
311,20110924,20111006,20111001,11529,1,100,1,"SO45754",1,1,1,3578.27,3578.27,0,0,2171.2942,2171.2942,3578.27,286.2616,89.4568,\N,\N,"2011-09-24 00:00:00.000000","2011-10-06 00:00:00.000000","2011-10-01 00:00:00.000000"
314,20110924,20111006,20111001,11536,1,100,4,"SO45755",1,1,1,3578.27,3578.27,0,0,2171.2942,2171.2942,3578.27,286.2616,89.4568,\N,\N,"2011-09-24 00:00:00.000000","2011-10-06 00:00:00.000000","2011-10-01 00:00:00.000000"
313,20110924,20111006,20111001,11625,1,100,4,"SO45756",1,1,1,3578.27,3578.27,0,0,2171.2942,2171.2942,3578.27,286.2616,89.4568,\N,\N,"2011-09-24 00:00:00.000000","2011-10-06 00:00:00.000000","2011-10-01 00:00:00.000000"
312,20110925,20111007,20111002,12561,1,100,7,"SO45757",1,1,1,3578.27,3578.27,0,0,2171.2942,2171.2942,3578.27,286.2616,89.4568,\N,\N,"2011-09-25 00:00:00.000000","2011-10-07 00:00:00.000000","2011-10-02 00:00:00.000000"
312,20110925,20111007,20111002,15106,1,98,10,"SO45758",1,1,1,3578.27,3578.27,0,0,2171.2942,2171.2942,3578.27,286.2616,89.4568,\N,\N,"2011-09-25 00:00:00.000000","2011-10-07 00:00:00.000000","2011-10-02 00:00:00.000000"
313,20110925,20111007,20111002,11295,1,100,4,"SO45759",1,1,1,3578.27,3578.27,0,0,2171.2942,2171.2942,3578.27,286.2616,89.4568,\N,\N,"2011-09-25 00:00:00.000000","2011-10-07 00:00:00.000000","2011-10-02 00:00:00.000000"
311,20110925,20111007,20111002,11329,1,100,4,"SO45760",1,1,1,3578.27,3578.27,0,0,2171.2942,2171.2942,3578.27,286.2616,89.4568,\N,\N,"2011-09-25 00:00:00.000000","2011-10-07 00:00:00.000000","2011-10-02 00:00:00.000000"
314,20110925,20111007,20111002,11629,1,100,4,"SO45761",1,1,1,3578.27,3578.27,0,0,2171.2942,2171.2942,3578.27,286.2616,89.4568,\N,\N,"2011-09-25 00:00:00.000000","2011-10-07 00:00:00.000000","2011-10-02 00:00:00.000000"
312,20110925,20111007,20111002,12621,1,100,7,"SO45762",1,1,1,3578.27,3578.27,0,0,2171.2942,2171.2942,3578.27,286.2616,89.4568,\N,\N,"2011-09-25 00:00:00.000000","2011-10-07 00:00:00.000000","2011-10-02 00:00:00.000000"
314,20110925,20111007,20111002,19959,1,6,9,"SO45763",1,1,1,3578.27,3578.27,0,0,2171.2942,2171.2942,3578.27,286.2616,89.4568,\N,\N,"2011-09-25 00:00:00.000000","2011-10-07 00:00:00.000000","2011-10-02 00:00:00.000000"
310,20110925,20111007,20111002,19652,1,6,9,"SO45764",1,1,1,3578.27,3578.27,0,0,2171.2942,2171.2942,3578.27,286.2616,89.4568,\N,\N,"2011-09-25 00:00:00.000000","2011-10-07 00:00:00.000000","2011-10-02 00:00:00.000000"
350,20110926,20111008,20111003,11245,1,100,8,"SO45765",1,1,1,3374.99,3374.99,0,0,1898.0944,1898.0944,3374.99,269.9992,84.3748,\N,\N,"2011-09-26 00:00:00.000000","2011-10-08 00:00:00.000000","2011-10-03 00:00:00.000000"
312,20110926,20111008,20111003,11297,1,100,4,"SO45766",1,1,1,3578.27,3578.27,0,0,2171.2942,2171.2942,3578.27,286.2616,89.4568,\N,\N,"2011-09-26 00:00:00.000000","2011-10-08 00:00:00.000000","2011-10-03 00:00:00.000000"
310,20110926,20111008,20111003,11299,1,100,4,"SO45767",1,1,1,3578.27,3578.27,0,0,2171.2942,2171.2942,3578.27,286.2616,89.4568,\N,\N,"2011-09-26 00:00:00.000000","2011-10-08 00:00:00.000000","2011-10-03 00:00:00.000000"
310,20110926,20111008,20111003,11324,1,100,4,"SO45768",1,1,1,3578.27,3578.27,0,0,2171.2942,2171.2942,3578.27,286.2616,89.4568,\N,\N,"2011-09-26 00:00:00.000000","2011-10-08 00:00:00.000000","2011-10-03 00:00:00.000000"
314,20110926,20111008,20111003,11327,1,100,4,"SO45769",1,1,1,3578.27,3578.27,0,0,2171.2942,2171.2942,3578.27,286.2616,89.4568,\N,\N,"2011-09-26 00:00:00.000000","2011-10-08 00:00:00.000000","2011-10-03 00:00:00.000000"
311,20110926,20111008,20111003,19956,1,6,9,"SO45770",1,1,1,3578.27,3578.27,0,0,2171.2942,2171.2942,3578.27,286.2616,89.4568,\N,\N,"2011-09-26 00:00:00.000000","2011-10-08 00:00:00.000000","2011-10-03 00:00:00.000000"
314,20110927,20111009,20111004,11271,1,100,4,"SO45771",1,1,1,3578.27,3578.27,0,0,2171.2942,2171.2942,3578.27,286.2616,89.4568,\N,\N,"2011-09-27 00:00:00.000000","2011-10-09 00:00:00.000000","2011-10-04 00:00:00.000000"
313,20110927,20111009,20111004,19785,1,6,9,"SO45772",1,1,1,3578.27,3578.27,0,0,2171.2942,2171.2942,3578.27,286.2616,89.4568,\N,\N,"2011-09-27 00:00:00.000000","2011-10-09 00:00:00.000000","2011-10-04 00:00:00.000000"
311,20110927,20111009,20111004,19949,1,6,9,"SO45773",1,1,1,3578.27,3578.27,0,0,2171.2942,2171.2942,3578.27,286.2616,89.4568,\N,\N,"2011-09-27 00:00:00.000000","2011-10-09 00:00:00.000000","2011-10-04 00:00:00.000000"
312,20110927,20111009,20111004,11261,1,100,4,"SO45774",1,1,1,3578.27,3578.27,0,0,2171.2942,2171.2942,3578.27,286.2616,89.4568,\N,\N,"2011-09-27 00:00:00.000000","2011-10-09 00:00:00.000000","2011-10-04 00:00:00.000000"
314,20110928,20111010,20111005,14207,1,100,8,"SO45775",1,1,1,3578.27,3578.27,0,0,2171.2942,2171.2942,3578.27,286.2616,89.4568,\N,\N,"2011-09-28 00:00:00.000000","2011-10-10 00:00:00.000000","2011-10-05 00:00:00.000000"
313,20110928,20111010,20111005,23281,1,19,6,"SO45776",1,1,1,3578.27,3578.27,0,0,2171.2942,2171.2942,3578.27,286.2616,89.4568,\N,\N,"2011-09-28 00:00:00.000000","2011-10-10 00:00:00.000000","2011-10-05 00:00:00.000000"
346,20110928,20111010,20111005,11907,1,6,9,"SO45777",1,1,1,3399.99,3399.99,0,0,1912.1544,1912.1544,3399.99,271.9992,84.9998,\N,\N,"2011-09-28 00:00:00.000000","2011-10-10 00:00:00.000000","2011-10-05 00:00:00.000000"
351,20110928,20111010,20111005,26002,1,100,1,"SO45778",1,1,1,3374.99,3374.99,0,0,1898.0944,1898.0944,3374.99,269.9992,84.3748,\N,\N,"2011-09-28 00:00:00.000000","2011-10-10 00:00:00.000000","2011-10-05 00:00:00.000000"
313,20110929,20111011,20111006,11830,1,100,4,"SO45816",1,1,1,3578.27,3578.27,0,0,2171.2942,2171.2942,3578.27,286.2616,89.4568,\N,\N,"2011-09-29 00:00:00.000000","2011-10-11 00:00:00.000000","2011-10-06 00:00:00.000000"
311,20110929,20111011,20111006,14801,1,100,8,"SO45817",1,1,1,3578.27,3578.27,0,0,2171.2942,2171.2942,3578.27,286.2616,89.4568,\N,\N,"2011-09-29 00:00:00.000000","2011-10-11 00:00:00.000000","2011-10-06 00:00:00.000000"
328,20110929,20111011,20111006,14868,1,100,4,"SO45818",1,1,1,699.0982,699.0982,0,0,413.1463,413.1463,699.0982,55.9279,17.4775,\N,\N,"2011-09-29 00:00:00.000000","2011-10-11 00:00:00.000000","2011-10-06 00:00:00.000000"
312,20110929,20111011,20111006,20160,1,6,9,"SO45819",1,1,1,3578.27,3578.27,0,0,2171.2942,2171.2942,3578.27,286.2616,89.4568,\N,\N,"2011-09-29 00:00:00.000000","2011-10-11 00:00:00.000000","2011-10-06 00:00:00.000000"
340,20110929,20111011,20111006,25832,1,6,9,"SO45820",1,1,1,699.0982,699.0982,0,0,413.1463,413.1463,699.0982,55.9279,17.4775,\N,\N,"2011-09-29 00:00:00.000000","2011-10-11 00:00:00.000000","2011-10-06 00:00:00.000000"
346,20110930,20111012,20111007,26041,1,100,1,"SO45821",1,1,1,3399.99,3399.99,0,0,1912.1544,1912.1544,3399.99,271.9992,84.9998,\N,\N,"2011-09-30 00:00:00.000000","2011-10-12 00:00:00.000000","2011-10-07 00:00:00.000000"
312,20110930,20111012,20111007,20246,1,6,9,"SO45822",1,1,1,3578.27,3578.27,0,0,2171.2942,2171.2942,3578.27,286.2616,89.4568,\N,\N,"2011-09-30 00:00:00.000000","2011-10-12 00:00:00.000000","2011-10-07 00:00:00.000000"
311,20110930,20111012,20111007,20253,1,6,9,"SO45823",1,1,1,3578.27,3578.27,0,0,2171.2942,2171.2942,3578.27,286.2616,89.4568,\N,\N,"2011-09-30 00:00:00.000000","2011-10-12 00:00:00.000000","2011-10-07 00:00:00.000000"
312,20111001,20111013,20111008,11696,1,100,1,"SO45824",1,1,1,3578.27,3578.27,0,0,2171.2942,2171.2942,3578.27,286.2616,89.4568,\N,\N,"2011-10-01 00:00:00.000000","2011-10-13 00:00:00.000000","2011-10-08 00:00:00.000000"
314,20111001,20111013,20111008,23725,1,19,6,"SO45825",1,1,1,3578.27,3578.27,0,0,2171.2942,2171.2942,3578.27,286.2616,89.4568,\N,\N,"2011-10-01 00:00:00.000000","2011-10-13 00:00:00.000000","2011-10-08 00:00:00.000000"
310,20111001,20111013,20111008,23858,1,19,6,"SO45826",1,1,1,3578.27,3578.27,0,0,2171.2942,2171.2942,3578.27,286.2616,89.4568,\N,\N,"2011-10-01 00:00:00.000000","2011-10-13 00:00:00.000000","2011-10-08 00:00:00.000000"
312,20111001,20111013,20111008,15440,1,98,10,"SO45827",1,1,1,3578.27,3578.27,0,0,2171.2942,2171.2942,3578.27,286.2616,89.4568,\N,\N,"2011-10-01 00:00:00.000000","2011-10-13 00:00:00.000000","2011-10-08 00:00:00.000000"
330,20111001,20111013,20111008,14753,1,100,1,"SO45828",1,1,1,699.0982,699.0982,0,0,413.1463,413.1463,699.0982,55.9279,17.4775,\N,\N,"2011-10-01 00:00:00.000000","2011-10-13 00:00:00.000000","2011-10-08 00:00:00.000000"
310,20111001,20111013,20111008,20245,1,6,9,"SO45829",1,1,1,3578.27,3578.27,0,0,2171.2942,2171.2942,3578.27,286.2616,89.4568,\N,\N,"2011-10-01 00:00:00.000000","2011-10-13 00:00:00.000000","2011-10-08 00:00:00.000000"
314,20111001,20111013,20111008,20151,1,6,9,"SO45830",1,1,1,3578.27,3578.27,0,0,2171.2942,2171.2942,3578.27,286.2616,89.4568,\N,\N,"2011-10-01 00:00:00.000000","2011-10-13 00:00:00.000000","2011-10-08 00:00:00.000000"
313,20111001,20111013,20111008,20158,1,6,9,"SO45831",1,1,1,3578.27,3578.27,0,0,2171.2942,2171.2942,3578.27,286.2616,89.4568,\N,\N,"2011-10-01 00:00:00.000000","2011-10-13 00:00:00.000000","2011-10-08 00:00:00.000000"
351,20111001,20111013,20111008,11916,1,6,9,"SO45832",1,1,1,3374.99,3374.99,0,0,1898.0944,1898.0944,3374.99,269.9992,84.3748,\N,\N,"2011-10-01 00:00:00.000000","2011-10-13 00:00:00.000000","2011-10-08 00:00:00.000000"
313,20111002,20111014,20111009,11815,1,100,1,"SO45833",1,1,1,3578.27,3578.27,0,0,2171.2942,2171.2942,3578.27,286.2616,89.4568,\N,\N,"2011-10-02 00:00:00.000000","2011-10-14 00:00:00.000000","2011-10-09 00:00:00.000000"
312,20111002,20111014,20111009,11816,1,100,4,"SO45834",1,1,1,3578.27,3578.27,0,0,2171.2942,2171.2942,3578.27,286.2616,89.4568,\N,\N,"2011-10-02 00:00:00.000000","2011-10-14 00:00:00.000000","2011-10-09 00:00:00.000000"
313,20111002,20111014,20111009,11688,1,100,1,"SO45835",1,1,1,3578.27,3578.27,0,0,2171.2942,2171.2942,3578.27,286.2616,89.4568,\N,\N,"2011-10-02 00:00:00.000000","2011-10-14 00:00:00.000000","2011-10-09 00:00:00.000000"
311,20111002,20111014,20111009,14823,1,100,8,"SO45836",1,1,1,3578.27,3578.27,0,0,2171.2942,2171.2942,3578.27,286.2616,89.4568,\N,\N,"2011-10-02 00:00:00.000000","2011-10-14 00:00:00.000000","2011-10-09 00:00:00.000000"
348,20111002,20111014,20111009,26050,1,100,1,"SO45837",1,1,1,3374.99,3374.99,0,0,1898.0944,1898.0944,3374.99,269.9992,84.3748,\N,\N,"2011-10-02 00:00:00.000000","2011-10-14 00:00:00.000000","2011-10-09 00:00:00.000000"
311,20111002,20111014,20111009,20213,1,6,9,"SO45838",1,1,1,3578.27,3578.27,0,0,2171.2942,2171.2942,3578.27,286.2616,89.4568,\N,\N,"2011-10-02 00:00:00.000000","2011-10-14 00:00:00.000000","2011-10-09 00:00:00.000000"
349,20111002,20111014,20111009,11915,1,6,9,"SO45839",1,1,1,3374.99,3374.99,0,0,1898.0944,1898.0944,3374.99,269.9992,84.3748,\N,\N,"2011-10-02 00:00:00.000000","2011-10-14 00:00:00.000000","2011-10-09 00:00:00.000000"
349,20111003,20111015,20111010,11246,1,100,8,"SO45840",1,1,1,3374.99,3374.99,0,0,1898.0944,1898.0944,3374.99,269.9992,84.3748,\N,\N,"2011-10-03 00:00:00.000000","2011-10-15 00:00:00.000000","2011-10-10 00:00:00.000000"
311,20111003,20111015,20111010,12804,1,100,7,"SO45841",1,1,1,3578.27,3578.27,0,0,2171.2942,2171.2942,3578.27,286.2616,89.4568,\N,\N,"2011-10-03 00:00:00.000000","2011-10-15 00:00:00.000000","2011-10-10 00:00:00.000000"
314,20111003,20111015,20111010,11742,1,100,4,"SO45842",1,1,1,3578.27,3578.27,0,0,2171.2942,2171.2942,3578.27,286.2616,89.4568,\N,\N,"2011-10-03 00:00:00.000000","2011-10-15 00:00:00.000000","2011-10-10 00:00:00.000000"
312,20111003,20111015,20111010,11775,1,100,4,"SO45843",1,1,1,3578.27,3578.27,0,0,2171.2942,2171.2942,3578.27,286.2616,89.4568,\N,\N,"2011-10-03 00:00:00.000000","2011-10-15 00:00:00.000000","2011-10-10 00:00:00.000000"
312,20111003,20111015,20111010,11812,1,100,1,"SO45844",1,1,1,3578.27,3578.27,0,0,2171.2942,2171.2942,3578.27,286.2616,89.4568,\N,\N,"2011-10-03 00:00:00.000000","2011-10-15 00:00:00.000000","2011-10-10 00:00:00.000000"
311,20111004,20111016,20111011,23566,1,19,6,"SO45845",1,1,1,3578.27,3578.27,0,0,2171.2942,2171.2942,3578.27,286.2616,89.4568,\N,\N,"2011-10-04 00:00:00.000000","2011-10-16 00:00:00.000000","2011-10-11 00:00:00.000000"
314,20111004,20111016,20111011,23592,1,19,6,"SO45846",1,1,1,3578.27,3578.27,0,0,2171.2942,2171.2942,3578.27,286.2616,89.4568,\N,\N,"2011-10-04 00:00:00.000000","2011-10-16 00:00:00.000000","2011-10-11 00:00:00.000000"
345,20111004,20111016,20111011,26015,1,100,4,"SO45847",1,1,1,3399.99,3399.99,0,0,1912.1544,1912.1544,3399.99,271.9992,84.9998,\N,\N,"2011-10-04 00:00:00.000000","2011-10-16 00:00:00.000000","2011-10-11 00:00:00.000000"
340,20111004,20111016,20111011,14852,1,100,4,"SO45848",1,1,1,699.0982,699.0982,0,0,413.1463,413.1463,699.0982,55.9279,17.4775,\N,\N,"2011-10-04 00:00:00.000000","2011-10-16 00:00:00.000000","2011-10-11 00:00:00.000000"
312,20111004,20111016,20111011,20154,1,6,9,"SO45849",1,1,1,3578.27,3578.27,0,0,2171.2942,2171.2942,3578.27,286.2616,89.4568,\N,\N,"2011-10-04 00:00:00.000000","2011-10-16 00:00:00.000000","2011-10-11 00:00:00.000000"
310,20111005,20111017,20111012,11776,1,100,4,"SO45850",1,1,1,3578.27,3578.27,0,0,2171.2942,2171.2942,3578.27,286.2616,89.4568,\N,\N,"2011-10-05 00:00:00.000000","2011-10-17 00:00:00.000000","2011-10-12 00:00:00.000000"
312,20111005,20111017,20111012,11683,1,100,4,"SO45851",1,1,1,3578.27,3578.27,0,0,2171.2942,2171.2942,3578.27,286.2616,89.4568,\N,\N,"2011-10-05 00:00:00.000000","2011-10-17 00:00:00.000000","2011-10-12 00:00:00.000000"
340,20111005,20111017,20111012,18143,1,100,7,"SO45852",1,1,1,699.0982,699.0982,0,0,413.1463,413.1463,699.0982,55.9279,17.4775,\N,\N,"2011-10-05 00:00:00.000000","2011-10-17 00:00:00.000000","2011-10-12 00:00:00.000000"
313,20111005,20111017,20111012,15453,1,98,10,"SO45853",1,1,1,3578.27,3578.27,0,0,2171.2942,2171.2942,3578.27,286.2616,89.4568,\N,\N,"2011-10-05 00:00:00.000000","2011-10-17 00:00:00.000000","2011-10-12 00:00:00.000000"
312,20111005,20111017,20111012,15620,1,98,10,"SO45854",1,1,1,3578.27,3578.27,0,0,2171.2942,2171.2942,3578.27,286.2616,89.4568,\N,\N,"2011-10-05 00:00:00.000000","2011-10-17 00:00:00.000000","2011-10-12 00:00:00.000000"
338,20111005,20111017,20111012,14754,1,100,1,"SO45855",1,1,1,699.0982,699.0982,0,0,413.1463,413.1463,699.0982,55.9279,17.4775,\N,\N,"2011-10-05 00:00:00.000000","2011-10-17 00:00:00.000000","2011-10-12 00:00:00.000000"
311,20111005,20111017,20111012,20247,1,6,9,"SO45856",1,1,1,3578.27,3578.27,0,0,2171.2942,2171.2942,3578.27,286.2616,89.4568,\N,\N,"2011-10-05 00:00:00.000000","2011-10-17 00:00:00.000000","2011-10-12 00:00:00.000000"
351,20111005,20111017,20111012,11919,1,6,9,"SO45857",1,1,1,3374.99,3374.99,0,0,1898.0944,1898.0944,3374.99,269.9992,84.3748,\N,\N,"2011-10-05 00:00:00.000000","2011-10-17 00:00:00.000000","2011-10-12 00:00:00.000000"
350,20111005,20111017,20111012,11952,1,6,9,"SO45858",1,1,1,3374.99,3374.99,0,0,1898.0944,1898.0944,3374.99,269.9992,84.3748,\N,\N,"2011-10-05 00:00:00.000000","2011-10-17 00:00:00.000000","2011-10-12 00:00:00.000000"
314,20111006,20111018,20111013,12754,1,100,7,"SO45859",1,1,1,3578.27,3578.27,0,0,2171.2942,2171.2942,3578.27,286.2616,89.4568,\N,\N,"2011-10-06 00:00:00.000000","2011-10-18 00:00:00.000000","2011-10-13 00:00:00.000000"
312,20111006,20111018,20111013,23829,1,19,6,"SO45860",1,1,1,3578.27,3578.27,0,0,2171.2942,2171.2942,3578.27,286.2616,89.4568,\N,\N,"2011-10-06 00:00:00.000000","2011-10-18 00:00:00.000000","2011-10-13 00:00:00.000000"
311,20111006,20111018,20111013,12650,1,100,7,"SO45861",1,1,1,3578.27,3578.27,0,0,2171.2942,2171.2942,3578.27,286.2616,89.4568,\N,\N,"2011-10-06 00:00:00.000000","2011-10-18 00:00:00.000000","2011-10-13 00:00:00.000000"
312,20111007,20111019,20111014,14827,1,100,8,"SO45862",1,1,1,3578.27,3578.27,0,0,2171.2942,2171.2942,3578.27,286.2616,89.4568,\N,\N,"2011-10-07 00:00:00.000000","2011-10-19 00:00:00.000000","2011-10-14 00:00:00.000000"
314,20111007,20111019,20111014,11873,1,100,4,"SO45863",1,1,1,3578.27,3578.27,0,0,2171.2942,2171.2942,3578.27,286.2616,89.4568,\N,\N,"2011-10-07 00:00:00.000000","2011-10-19 00:00:00.000000","2011-10-14 00:00:00.000000"
311,20111007,20111019,20111014,19968,1,6,9,"SO45864",1,1,1,3578.27,3578.27,0,0,2171.2942,2171.2942,3578.27,286.2616,89.4568,\N,\N,"2011-10-07 00:00:00.000000","2011-10-19 00:00:00.000000","2011-10-14 00:00:00.000000"
312,20111007,20111019,20111014,20157,1,6,9,"SO45865",1,1,1,3578.27,3578.27,0,0,2171.2942,2171.2942,3578.27,286.2616,89.4568,\N,\N,"2011-10-07 00:00:00.000000","2011-10-19 00:00:00.000000","2011-10-14 00:00:00.000000"
310,20111007,20111019,20111014,15621,1,98,10,"SO45866",1,1,1,3578.27,3578.27,0,0,2171.2942,2171.2942,3578.27,286.2616,89.4568,\N,\N,"2011-10-07 00:00:00.000000","2011-10-19 00:00:00.000000","2011-10-14 00:00:00.000000"
312,20111008,20111020,20111015,11772,1,100,1,"SO45867",1,1,1,3578.27,3578.27,0,0,2171.2942,2171.2942,3578.27,286.2616,89.4568,\N,\N,"2011-10-08 00:00:00.000000","2011-10-20 00:00:00.000000","2011-10-15 00:00:00.000000"
310,20111008,20111020,20111015,14819,1,100,8,"SO45868",1,1,1,3578.27,3578.27,0,0,2171.2942,2171.2942,3578.27,286.2616,89.4568,\N,\N,"2011-10-08 00:00:00.000000","2011-10-20 00:00:00.000000","2011-10-15 00:00:00.000000"
310,20111008,20111020,20111015,14822,1,100,8,"SO45869",1,1,1,3578.27,3578.27,0,0,2171.2942,2171.2942,3578.27,286.2616,89.4568,\N,\N,"2011-10-08 00:00:00.000000","2011-10-20 00:00:00.000000","2011-10-15 00:00:00.000000"
349,20111008,20111020,20111015,26012,1,100,4,"SO45870",1,1,1,3374.99,3374.99,0,0,1898.0944,1898.0944,3374.99,269.9992,84.3748,\N,\N,"2011-10-08 00:00:00.000000","2011-10-20 00:00:00.000000","2011-10-15 00:00:00.000000"
326,20111008,20111020,20111015,25919,1,6,9,"SO45871",1,1,1,699.0982,699.0982,0,0,413.1463,413.1463,699.0982,55.9279,17.4775,\N,\N,"2011-10-08 00:00:00.000000","2011-10-20 00:00:00.000000","2011-10-15 00:00:00.000000"
347,20111009,20111021,20111016,11249,1,100,8,"SO45872",1,1,1,3399.99,3399.99,0,0,1912.1544,1912.1544,3399.99,271.9992,84.9998,\N,\N,"2011-10-09 00:00:00.000000","2011-10-21 00:00:00.000000","2011-10-16 00:00:00.000000"
314,20111009,20111021,20111016,11925,1,100,1,"SO45873",1,1,1,3578.27,3578.27,0,0,2171.2942,2171.2942,3578.27,286.2616,89.4568,\N,\N,"2011-10-09 00:00:00.000000","2011-10-21 00:00:00.000000","2011-10-16 00:00:00.000000"
351,20111009,20111021,20111016,20007,1,19,6,"SO45874",1,1,1,3374.99,3374.99,0,0,1898.0944,1898.0944,3374.99,269.9992,84.3748,\N,\N,"2011-10-09 00:00:00.000000","2011-10-21 00:00:00.000000","2011-10-16 00:00:00.000000"
310,20111009,20111021,20111016,20242,1,6,9,"SO45875",1,1,1,3578.27,3578.27,0,0,2171.2942,2171.2942,3578.27,286.2616,89.4568,\N,\N,"2011-10-09 00:00:00.000000","2011-10-21 00:00:00.000000","2011-10-16 00:00:00.000000"
314,20111009,20111021,20111016,19975,1,6,9,"SO45876",1,1,1,3578.27,3578.27,0,0,2171.2942,2171.2942,3578.27,286.2616,89.4568,\N,\N,"2011-10-09 00:00:00.000000","2011-10-21 00:00:00.000000","2011-10-16 00:00:00.000000"
351,20111009,20111021,20111016,11910,1,6,9,"SO45877",1,1,1,3374.99,3374.99,0,0,1898.0944,1898.0944,3374.99,269.9992,84.3748,\N,\N,"2011-10-09 00:00:00.000000","2011-10-21 00:00:00.000000","2011-10-16 00:00:00.000000"
310,20111010,20111022,20111017,12750,1,100,7,"SO45878",1,1,1,3578.27,3578.27,0,0,2171.2942,2171.2942,3578.27,286.2616,89.4568,\N,\N,"2011-10-10 00:00:00.000000","2011-10-22 00:00:00.000000","2011-10-17 00:00:00.000000"
338,20111010,20111022,20111017,19443,1,100,8,"SO45879",1,1,1,699.0982,699.0982,0,0,413.1463,413.1463,699.0982,55.9279,17.4775,\N,\N,"2011-10-10 00:00:00.000000","2011-10-22 00:00:00.000000","2011-10-17 00:00:00.000000"
313,20111010,20111022,20111017,11707,1,100,4,"SO45880",1,1,1,3578.27,3578.27,0,0,2171.2942,2171.2942,3578.27,286.2616,89.4568,\N,\N,"2011-10-10 00:00:00.000000","2011-10-22 00:00:00.000000","2011-10-17 00:00:00.000000"
310,20111010,20111022,20111017,23397,1,19,6,"SO45881",1,1,1,3578.27,3578.27,0,0,2171.2942,2171.2942,3578.27,286.2616,89.4568,\N,\N,"2011-10-10 00:00:00.000000","2011-10-22 00:00:00.000000","2011-10-17 00:00:00.000000"
312,20111010,20111022,20111017,11745,1,100,1,"SO45882",1,1,1,3578.27,3578.27,0,0,2171.2942,2171.2942,3578.27,286.2616,89.4568,\N,\N,"2011-10-10 00:00:00.000000","2011-10-22 00:00:00.000000","2011-10-17 00:00:00.000000"
313,20111010,20111022,20111017,11799,1,100,1,"SO45883",1,1,1,3578.27,3578.27,0,0,2171.2942,2171.2942,3578.27,286.2616,89.4568,\N,\N,"2011-10-10 00:00:00.000000","2011-10-22 00:00:00.000000","2011-10-17 00:00:00.000000"
313,20111010,20111022,20111017,11678,1,100,1,"SO45884",1,1,1,3578.27,3578.27,0,0,2171.2942,2171.2942,3578.27,286.2616,89.4568,\N,\N,"2011-10-10 00:00:00.000000","2011-10-22 00:00:00.000000","2011-10-17 00:00:00.000000"
313,20111010,20111022,20111017,12655,1,100,7,"SO45885",1,1,1,3578.27,3578.27,0,0,2171.2942,2171.2942,3578.27,286.2616,89.4568,\N,\N,"2011-10-10 00:00:00.000000","2011-10-22 00:00:00.000000","2011-10-17 00:00:00.000000"
348,20111010,20111022,20111017,26042,1,100,4,"SO45886",1,1,1,3374.99,3374.99,0,0,1898.0944,1898.0944,3374.99,269.9992,84.3748,\N,\N,"2011-10-10 00:00:00.000000","2011-10-22 00:00:00.000000","2011-10-17 00:00:00.000000"
330,20111010,20111022,20111017,14880,1,100,4,"SO45887",1,1,1,699.0982,699.0982,0,0,413.1463,413.1463,699.0982,55.9279,17.4775,\N,\N,"2011-10-10 00:00:00.000000","2011-10-22 00:00:00.000000","2011-10-17 00:00:00.000000"
310,20111010,20111022,20111017,20217,1,6,9,"SO45888",1,1,1,3578.27,3578.27,0,0,2171.2942,2171.2942,3578.27,286.2616,89.4568,\N,\N,"2011-10-10 00:00:00.000000","2011-10-22 00:00:00.000000","2011-10-17 00:00:00.000000"
350,20111010,20111022,20111017,11920,1,6,9,"SO45889",1,1,1,3374.99,3374.99,0,0,1898.0944,1898.0944,3374.99,269.9992,84.3748,\N,\N,"2011-10-10 00:00:00.000000","2011-10-22 00:00:00.000000","2011-10-17 00:00:00.000000"
349,20111011,20111023,20111018,11338,1,100,8,"SO45890",1,1,1,3374.99,3374.99,0,0,1898.0944,1898.0944,3374.99,269.9992,84.3748,\N,\N,"2011-10-11 00:00:00.000000","2011-10-23 00:00:00.000000","2011-10-18 00:00:00.000000"
346,20111011,20111023,20111018,11380,1,100,8,"SO45891",1,1,1,3399.99,3399.99,0,0,1912.1544,1912.1544,3399.99,271.9992,84.9998,\N,\N,"2011-10-11 00:00:00.000000","2011-10-23 00:00:00.000000","2011-10-18 00:00:00.000000"
312,20111011,20111023,20111018,20226,1,6,9,"SO45892",1,1,1,3578.27,3578.27,0,0,2171.2942,2171.2942,3578.27,286.2616,89.4568,\N,\N,"2011-10-11 00:00:00.000000","2011-10-23 00:00:00.000000","2011-10-18 00:00:00.000000"
313,20111011,20111023,20111018,23842,1,19,6,"SO45893",1,1,1,3578.27,3578.27,0,0,2171.2942,2171.2942,3578.27,286.2616,89.4568,\N,\N,"2011-10-11 00:00:00.000000","2011-10-23 00:00:00.000000","2011-10-18 00:00:00.000000"
332,20111012,20111024,20111019,19450,1,100,8,"SO45894",1,1,1,699.0982,699.0982,0,0,413.1463,413.1463,699.0982,55.9279,17.4775,\N,\N,"2011-10-12 00:00:00.000000","2011-10-24 00:00:00.000000","2011-10-19 00:00:00.000000"
311,20111012,20111024,20111019,11727,1,100,4,"SO45895",1,1,1,3578.27,3578.27,0,0,2171.2942,2171.2942,3578.27,286.2616,89.4568,\N,\N,"2011-10-12 00:00:00.000000","2011-10-24 00:00:00.000000","2011-10-19 00:00:00.000000"
311,20111012,20111024,20111019,12632,1,100,7,"SO45896",1,1,1,3578.27,3578.27,0,0,2171.2942,2171.2942,3578.27,286.2616,89.4568,\N,\N,"2011-10-12 00:00:00.000000","2011-10-24 00:00:00.000000","2011-10-19 00:00:00.000000"
313,20111013,20111025,20111020,11933,1,100,1,"SO45897",1,1,1,3578.27,3578.27,0,0,2171.2942,2171.2942,3578.27,286.2616,89.4568,\N,\N,"2011-10-13 00:00:00.000000","2011-10-25 00:00:00.000000","2011-10-20 00:00:00.000000"
310,20111013,20111025,20111020,23830,1,19,6,"SO45898",1,1,1,3578.27,3578.27,0,0,2171.2942,2171.2942,3578.27,286.2616,89.4568,\N,\N,"2011-10-13 00:00:00.000000","2011-10-25 00:00:00.000000","2011-10-20 00:00:00.000000"
310,20111013,20111025,20111020,11817,1,100,4,"SO45899",1,1,1,3578.27,3578.27,0,0,2171.2942,2171.2942,3578.27,286.2616,89.4568,\N,\N,"2011-10-13 00:00:00.000000","2011-10-25 00:00:00.000000","2011-10-20 00:00:00.000000"
312,20111013,20111025,20111020,11837,1,100,4,"SO45900",1,1,1,3578.27,3578.27,0,0,2171.2942,2171.2942,3578.27,286.2616,89.4568,\N,\N,"2011-10-13 00:00:00.000000","2011-10-25 00:00:00.000000","2011-10-20 00:00:00.000000"
312,20111013,20111025,20111020,11665,1,100,4,"SO45901",1,1,1,3578.27,3578.27,0,0,2171.2942,2171.2942,3578.27,286.2616,89.4568,\N,\N,"2011-10-13 00:00:00.000000","2011-10-25 00:00:00.000000","2011-10-20 00:00:00.000000"
314,20111013,20111025,20111020,15614,1,98,10,"SO45902",1,1,1,3578.27,3578.27,0,0,2171.2942,2171.2942,3578.27,286.2616,89.4568,\N,\N,"2011-10-13 00:00:00.000000","2011-10-25 00:00:00.000000","2011-10-20 00:00:00.000000"
310,20111013,20111025,20111020,15619,1,98,10,"SO45903",1,1,1,3578.27,3578.27,0,0,2171.2942,2171.2942,3578.27,286.2616,89.4568,\N,\N,"2011-10-13 00:00:00.000000","2011-10-25 00:00:00.000000","2011-10-20 00:00:00.000000"
311,20111013,20111025,20111020,20241,1,6,9,"SO45904",1,1,1,3578.27,3578.27,0,0,2171.2942,2171.2942,3578.27,286.2616,89.4568,\N,\N,"2011-10-13 00:00:00.000000","2011-10-25 00:00:00.000000","2011-10-20 00:00:00.000000"
311,20111013,20111025,20111020,20152,1,6,9,"SO45905",1,1,1,3578.27,3578.27,0,0,2171.2942,2171.2942,3578.27,286.2616,89.4568,\N,\N,"2011-10-13 00:00:00.000000","2011-10-25 00:00:00.000000","2011-10-20 00:00:00.000000"
312,20111013,20111025,20111020,20159,1,6,9,"SO45906",1,1,1,3578.27,3578.27,0,0,2171.2942,2171.2942,3578.27,286.2616,89.4568,\N,\N,"2011-10-13 00:00:00.000000","2011-10-25 00:00:00.000000","2011-10-20 00:00:00.000000"
310,20111013,20111025,20111020,20214,1,6,9,"SO45907",1,1,1,3578.27,3578.27,0,0,2171.2942,2171.2942,3578.27,286.2616,89.4568,\N,\N,"2011-10-13 00:00:00.000000","2011-10-25 00:00:00.000000","2011-10-20 00:00:00.000000"
347,20111013,20111025,20111020,11918,1,6,9,"SO45908",1,1,1,3399.99,3399.99,0,0,1912.1544,1912.1544,3399.99,271.9992,84.9998,\N,\N,"2011-10-13 00:00:00.000000","2011-10-25 00:00:00.000000","2011-10-20 00:00:00.000000"
349,20111013,20111025,20111020,11947,1,6,9,"SO45909",1,1,1,3374.99,3374.99,0,0,1898.0944,1898.0944,3374.99,269.9992,84.3748,\N,\N,"2011-10-13 00:00:00.000000","2011-10-25 00:00:00.000000","2011-10-20 00:00:00.000000"
311,20111014,20111026,20111021,11777,1,100,4,"SO45910",1,1,1,3578.27,3578.27,0,0,2171.2942,2171.2942,3578.27,286.2616,89.4568,\N,\N,"2011-10-14 00:00:00.000000","2011-10-26 00:00:00.000000","2011-10-21 00:00:00.000000"
314,20111014,20111026,20111021,11797,1,100,4,"SO45911",1,1,1,3578.27,3578.27,0,0,2171.2942,2171.2942,3578.27,286.2616,89.4568,\N,\N,"2011-10-14 00:00:00.000000","2011-10-26 00:00:00.000000","2011-10-21 00:00:00.000000"
312,20111014,20111026,20111021,23819,1,19,6,"SO45912",1,1,1,3578.27,3578.27,0,0,2171.2942,2171.2942,3578.27,286.2616,89.4568,\N,\N,"2011-10-14 00:00:00.000000","2011-10-26 00:00:00.000000","2011-10-21 00:00:00.000000"
344,20111014,20111026,20111021,26014,1,100,4,"SO45913",1,1,1,3399.99,3399.99,0,0,1912.1544,1912.1544,3399.99,271.9992,84.9998,\N,\N,"2011-10-14 00:00:00.000000","2011-10-26 00:00:00.000000","2011-10-21 00:00:00.000000"
349,20111014,20111026,20111021,11929,1,6,9,"SO45914",1,1,1,3374.99,3374.99,0,0,1898.0944,1898.0944,3374.99,269.9992,84.3748,\N,\N,"2011-10-14 00:00:00.000000","2011-10-26 00:00:00.000000","2011-10-21 00:00:00.000000"
347,20111014,20111026,20111021,11930,1,6,9,"SO45915",1,1,1,3399.99,3399.99,0,0,1912.1544,1912.1544,3399.99,271.9992,84.9998,\N,\N,"2011-10-14 00:00:00.000000","2011-10-26 00:00:00.000000","2011-10-21 00:00:00.000000"
346,20111014,20111026,20111021,11964,1,6,9,"SO45916",1,1,1,3399.99,3399.99,0,0,1912.1544,1912.1544,3399.99,271.9992,84.9998,\N,\N,"2011-10-14 00:00:00.000000","2011-10-26 00:00:00.000000","2011-10-21 00:00:00.000000"
346,20111015,20111027,20111022,11332,1,100,8,"SO45917",1,1,1,3399.99,3399.99,0,0,1912.1544,1912.1544,3399.99,271.9992,84.9998,\N,\N,"2011-10-15 00:00:00.000000","2011-10-27 00:00:00.000000","2011-10-22 00:00:00.000000"
313,20111015,20111027,20111022,11741,1,100,4,"SO45918",1,1,1,3578.27,3578.27,0,0,2171.2942,2171.2942,3578.27,286.2616,89.4568,\N,\N,"2011-10-15 00:00:00.000000","2011-10-27 00:00:00.000000","2011-10-22 00:00:00.000000"
312,20111015,20111027,20111022,11780,1,100,1,"SO45919",1,1,1,3578.27,3578.27,0,0,2171.2942,2171.2942,3578.27,286.2616,89.4568,\N,\N,"2011-10-15 00:00:00.000000","2011-10-27 00:00:00.000000","2011-10-22 00:00:00.000000"
311,20111015,20111027,20111022,23730,1,19,6,"SO45920",1,1,1,3578.27,3578.27,0,0,2171.2942,2171.2942,3578.27,286.2616,89.4568,\N,\N,"2011-10-15 00:00:00.000000","2011-10-27 00:00:00.000000","2011-10-22 00:00:00.000000"
312,20111015,20111027,20111022,11798,1,100,1,"SO45921",1,1,1,3578.27,3578.27,0,0,2171.2942,2171.2942,3578.27,286.2616,89.4568,\N,\N,"2011-10-15 00:00:00.000000","2011-10-27 00:00:00.000000","2011-10-22 00:00:00.000000"
314,20111015,20111027,20111022,23731,1,19,6,"SO45922",1,1,1,3578.27,3578.27,0,0,2171.2942,2171.2942,3578.27,286.2616,89.4568,\N,\N,"2011-10-15 00:00:00.000000","2011-10-27 00:00:00.000000","2011-10-22 00:00:00.000000"
313,20111015,20111027,20111022,11811,1,100,4,"SO45923",1,1,1,3578.27,3578.27,0,0,2171.2942,2171.2942,3578.27,286.2616,89.4568,\N,\N,"2011-10-15 00:00:00.000000","2011-10-27 00:00:00.000000","2011-10-22 00:00:00.000000"
310,20111015,20111027,20111022,14803,1,100,8,"SO45924",1,1,1,3578.27,3578.27,0,0,2171.2942,2171.2942,3578.27,286.2616,89.4568,\N,\N,"2011-10-15 00:00:00.000000","2011-10-27 00:00:00.000000","2011-10-22 00:00:00.000000"
347,20111015,20111027,20111022,11942,1,6,9,"SO45925",1,1,1,3399.99,3399.99,0,0,1912.1544,1912.1544,3399.99,271.9992,84.9998,\N,\N,"2011-10-15 00:00:00.000000","2011-10-27 00:00:00.000000","2011-10-22 00:00:00.000000"
311,20111016,20111028,20111023,23486,1,19,6,"SO45926",1,1,1,3578.27,3578.27,0,0,2171.2942,2171.2942,3578.27,286.2616,89.4568,\N,\N,"2011-10-16 00:00:00.000000","2011-10-28 00:00:00.000000","2011-10-23 00:00:00.000000"
312,20111016,20111028,20111023,11796,1,100,4,"SO45927",1,1,1,3578.27,3578.27,0,0,2171.2942,2171.2942,3578.27,286.2616,89.4568,\N,\N,"2011-10-16 00:00:00.000000","2011-10-28 00:00:00.000000","2011-10-23 00:00:00.000000"
313,20111016,20111028,20111023,11813,1,100,1,"SO45928",1,1,1,3578.27,3578.27,0,0,2171.2942,2171.2942,3578.27,286.2616,89.4568,\N,\N,"2011-10-16 00:00:00.000000","2011-10-28 00:00:00.000000","2011-10-23 00:00:00.000000"
310,20111016,20111028,20111023,11825,1,100,4,"SO45929",1,1,1,3578.27,3578.27,0,0,2171.2942,2171.2942,3578.27,286.2616,89.4568,\N,\N,"2011-10-16 00:00:00.000000","2011-10-28 00:00:00.000000","2011-10-23 00:00:00.000000"
328,20111016,20111028,20111023,18148,1,100,7,"SO45930",1,1,1,699.0982,699.0982,0,0,413.1463,413.1463,699.0982,55.9279,17.4775,\N,\N,"2011-10-16 00:00:00.000000","2011-10-28 00:00:00.000000","2011-10-23 00:00:00.000000"
310,20111016,20111028,20111023,20249,1,6,9,"SO45931",1,1,1,3578.27,3578.27,0,0,2171.2942,2171.2942,3578.27,286.2616,89.4568,\N,\N,"2011-10-16 00:00:00.000000","2011-10-28 00:00:00.000000","2011-10-23 00:00:00.000000"
310,20111016,20111028,20111023,20211,1,6,9,"SO45932",1,1,1,3578.27,3578.27,0,0,2171.2942,2171.2942,3578.27,286.2616,89.4568,\N,\N,"2011-10-16 00:00:00.000000","2011-10-28 00:00:00.000000","2011-10-23 00:00:00.000000"
313,20111017,20111029,20111024,11779,1,100,1,"SO45933",1,1,1,3578.27,3578.27,0,0,2171.2942,2171.2942,3578.27,286.2616,89.4568,\N,\N,"2011-10-17 00:00:00.000000","2011-10-29 00:00:00.000000","2011-10-24 00:00:00.000000"
313,20111017,20111029,20111024,11666,1,100,4,"SO45934",1,1,1,3578.27,3578.27,0,0,2171.2942,2171.2942,3578.27,286.2616,89.4568,\N,\N,"2011-10-17 00:00:00.000000","2011-10-29 00:00:00.000000","2011-10-24 00:00:00.000000"
326,20111017,20111029,20111024,19439,1,100,8,"SO45935",1,1,1,699.0982,699.0982,0,0,413.1463,413.1463,699.0982,55.9279,17.4775,\N,\N,"2011-10-17 00:00:00.000000","2011-10-29 00:00:00.000000","2011-10-24 00:00:00.000000"
349,20111017,20111029,20111024,26016,1,100,4,"SO45936",1,1,1,3374.99,3374.99,0,0,1898.0944,1898.0944,3374.99,269.9992,84.3748,\N,\N,"2011-10-17 00:00:00.000000","2011-10-29 00:00:00.000000","2011-10-24 00:00:00.000000"
312,20111018,20111030,20111025,14824,1,100,8,"SO45937",1,1,1,3578.27,3578.27,0,0,2171.2942,2171.2942,3578.27,286.2616,89.4568,\N,\N,"2011-10-18 00:00:00.000000","2011-10-30 00:00:00.000000","2011-10-25 00:00:00.000000"
311,20111018,20111030,20111025,11654,1,100,4,"SO45938",1,1,1,3578.27,3578.27,0,0,2171.2942,2171.2942,3578.27,286.2616,89.4568,\N,\N,"2011-10-18 00:00:00.000000","2011-10-30 00:00:00.000000","2011-10-25 00:00:00.000000"
334,20111018,20111030,20111025,14757,1,100,4,"SO45939",1,1,1,699.0982,699.0982,0,0,413.1463,413.1463,699.0982,55.9279,17.4775,\N,\N,"2011-10-18 00:00:00.000000","2011-10-30 00:00:00.000000","2011-10-25 00:00:00.000000"
313,20111018,20111030,20111025,20244,1,6,9,"SO45940",1,1,1,3578.27,3578.27,0,0,2171.2942,2171.2942,3578.27,286.2616,89.4568,\N,\N,"2011-10-18 00:00:00.000000","2011-10-30 00:00:00.000000","2011-10-25 00:00:00.000000"
310,20111018,20111030,20111025,19978,1,6,9,"SO45941",1,1,1,3578.27,3578.27,0,0,2171.2942,2171.2942,3578.27,286.2616,89.4568,\N,\N,"2011-10-18 00:00:00.000000","2011-10-30 00:00:00.000000","2011-10-25 00:00:00.000000"
312,20111018,20111030,20111025,20219,1,6,9,"SO45942",1,1,1,3578.27,3578.27,0,0,2171.2942,2171.2942,3578.27,286.2616,89.4568,\N,\N,"2011-10-18 00:00:00.000000","2011-10-30 00:00:00.000000","2011-10-25 00:00:00.000000"
310,20111018,20111030,20111025,20221,1,6,9,"SO45943",1,1,1,3578.27,3578.27,0,0,2171.2942,2171.2942,3578.27,286.2616,89.4568,\N,\N,"2011-10-18 00:00:00.000000","2011-10-30 00:00:00.000000","2011-10-25 00:00:00.000000"
312,20111018,20111030,20111025,20225,1,6,9,"SO45944",1,1,1,3578.27,3578.27,0,0,2171.2942,2171.2942,3578.27,286.2616,89.4568,\N,\N,"2011-10-18 00:00:00.000000","2011-10-30 00:00:00.000000","2011-10-25 00:00:00.000000"
324,20111018,20111030,20111025,25920,1,6,9,"SO45945",1,1,1,699.0982,699.0982,0,0,413.1463,413.1463,699.0982,55.9279,17.4775,\N,\N,"2011-10-18 00:00:00.000000","2011-10-30 00:00:00.000000","2011-10-25 00:00:00.000000"
350,20111018,20111030,20111025,11914,1,6,9,"SO45946",1,1,1,3374.99,3374.99,0,0,1898.0944,1898.0944,3374.99,269.9992,84.3748,\N,\N,"2011-10-18 00:00:00.000000","2011-10-30 00:00:00.000000","2011-10-25 00:00:00.000000"
351,20111018,20111030,20111025,11943,1,6,9,"SO45947",1,1,1,3374.99,3374.99,0,0,1898.0944,1898.0944,3374.99,269.9992,84.3748,\N,\N,"2011-10-18 00:00:00.000000","2011-10-30 00:00:00.000000","2011-10-25 00:00:00.000000"
342,20111019,20111031,20111026,14879,1,100,4,"SO45948",1,1,1,699.0982,699.0982,0,0,413.1463,413.1463,699.0982,55.9279,17.4775,\N,\N,"2011-10-19 00:00:00.000000","2011-10-31 00:00:00.000000","2011-10-26 00:00:00.000000"
310,20111019,20111031,20111026,19970,1,6,9,"SO45949",1,1,1,3578.27,3578.27,0,0,2171.2942,2171.2942,3578.27,286.2616,89.4568,\N,\N,"2011-10-19 00:00:00.000000","2011-10-31 00:00:00.000000","2011-10-26 00:00:00.000000"
312,20111019,20111031,20111026,19974,1,6,9,"SO45950",1,1,1,3578.27,3578.27,0,0,2171.2942,2171.2942,3578.27,286.2616,89.4568,\N,\N,"2011-10-19 00:00:00.000000","2011-10-31 00:00:00.000000","2011-10-26 00:00:00.000000"
348,20111019,20111031,20111026,11944,1,6,9,"SO45951",1,1,1,3374.99,3374.99,0,0,1898.0944,1898.0944,3374.99,269.9992,84.3748,\N,\N,"2011-10-19 00:00:00.000000","2011-10-31 00:00:00.000000","2011-10-26 00:00:00.000000"
347,20111019,20111031,20111026,11969,1,6,9,"SO45952",1,1,1,3399.99,3399.99,0,0,1912.1544,1912.1544,3399.99,271.9992,84.9998,\N,\N,"2011-10-19 00:00:00.000000","2011-10-31 00:00:00.000000","2011-10-26 00:00:00.000000"
314,20111020,20111101,20111027,23859,1,19,6,"SO45953",1,1,1,3578.27,3578.27,0,0,2171.2942,2171.2942,3578.27,286.2616,89.4568,\N,\N,"2011-10-20 00:00:00.000000","2011-11-01 00:00:00.000000","2011-10-27 00:00:00.000000"
314,20111020,20111101,20111027,11810,1,100,1,"SO45954",1,1,1,3578.27,3578.27,0,0,2171.2942,2171.2942,3578.27,286.2616,89.4568,\N,\N,"2011-10-20 00:00:00.000000","2011-11-01 00:00:00.000000","2011-10-27 00:00:00.000000"
344,20111020,20111101,20111027,26055,1,100,1,"SO45955",1,1,1,3399.99,3399.99,0,0,1912.1544,1912.1544,3399.99,271.9992,84.9998,\N,\N,"2011-10-20 00:00:00.000000","2011-11-01 00:00:00.000000","2011-10-27 00:00:00.000000"
312,20111020,20111101,20111027,19979,1,6,9,"SO45956",1,1,1,3578.27,3578.27,0,0,2171.2942,2171.2942,3578.27,286.2616,89.4568,\N,\N,"2011-10-20 00:00:00.000000","2011-11-01 00:00:00.000000","2011-10-27 00:00:00.000000"
312,20111021,20111102,20111028,11809,1,100,4,"SO45957",1,1,1,3578.27,3578.27,0,0,2171.2942,2171.2942,3578.27,286.2616,89.4568,\N,\N,"2011-10-21 00:00:00.000000","2011-11-02 00:00:00.000000","2011-10-28 00:00:00.000000"
311,20111021,20111102,20111028,11818,1,100,4,"SO45958",1,1,1,3578.27,3578.27,0,0,2171.2942,2171.2942,3578.27,286.2616,89.4568,\N,\N,"2011-10-21 00:00:00.000000","2011-11-02 00:00:00.000000","2011-10-28 00:00:00.000000"
311,20111021,20111102,20111028,11872,1,100,4,"SO45959",1,1,1,3578.27,3578.27,0,0,2171.2942,2171.2942,3578.27,286.2616,89.4568,\N,\N,"2011-10-21 00:00:00.000000","2011-11-02 00:00:00.000000","2011-10-28 00:00:00.000000"
314,20111021,20111102,20111028,11671,1,100,4,"SO45960",1,1,1,3578.27,3578.27,0,0,2171.2942,2171.2942,3578.27,286.2616,89.4568,\N,\N,"2011-10-21 00:00:00.000000","2011-11-02 00:00:00.000000","2011-10-28 00:00:00.000000"
312,20111021,20111102,20111028,12717,1,100,7,"SO45961",1,1,1,3578.27,3578.27,0,0,2171.2942,2171.2942,3578.27,286.2616,89.4568,\N,\N,"2011-10-21 00:00:00.000000","2011-11-02 00:00:00.000000","2011-10-28 00:00:00.000000"
310,20111021,20111102,20111028,20227,1,6,9,"SO45962",1,1,1,3578.27,3578.27,0,0,2171.2942,2171.2942,3578.27,286.2616,89.4568,\N,\N,"2011-10-21 00:00:00.000000","2011-11-02 00:00:00.000000","2011-10-28 00:00:00.000000"
310,20111021,20111102,20111028,20238,1,6,9,"SO45963",1,1,1,3578.27,3578.27,0,0,2171.2942,2171.2942,3578.27,286.2616,89.4568,\N,\N,"2011-10-21 00:00:00.000000","2011-11-02 00:00:00.000000","2011-10-28 00:00:00.000000"
310,20111021,20111102,20111028,20215,1,6,9,"SO45964",1,1,1,3578.27,3578.27,0,0,2171.2942,2171.2942,3578.27,286.2616,89.4568,\N,\N,"2011-10-21 00:00:00.000000","2011-11-02 00:00:00.000000","2011-10-28 00:00:00.000000"
320,20111021,20111102,20111028,25921,1,6,9,"SO45965",1,1,1,699.0982,699.0982,0,0,413.1463,413.1463,699.0982,55.9279,17.4775,\N,\N,"2011-10-21 00:00:00.000000","2011-11-02 00:00:00.000000","2011-10-28 00:00:00.000000"
345,20111021,20111102,20111028,11946,1,6,9,"SO45966",1,1,1,3399.99,3399.99,0,0,1912.1544,1912.1544,3399.99,271.9992,84.9998,\N,\N,"2011-10-21 00:00:00.000000","2011-11-02 00:00:00.000000","2011-10-28 00:00:00.000000"
326,20111022,20111103,20111029,19454,1,100,8,"SO45967",1,1,1,699.0982,699.0982,0,0,413.1463,413.1463,699.0982,55.9279,17.4775,\N,\N,"2011-10-22 00:00:00.000000","2011-11-03 00:00:00.000000","2011-10-29 00:00:00.000000"
311,20111022,20111103,20111029,11834,1,100,4,"SO45968",1,1,1,3578.27,3578.27,0,0,2171.2942,2171.2942,3578.27,286.2616,89.4568,\N,\N,"2011-10-22 00:00:00.000000","2011-11-03 00:00:00.000000","2011-10-29 00:00:00.000000"
310,20111022,20111103,20111029,20156,1,6,9,"SO45969",1,1,1,3578.27,3578.27,0,0,2171.2942,2171.2942,3578.27,286.2616,89.4568,\N,\N,"2011-10-22 00:00:00.000000","2011-11-03 00:00:00.000000","2011-10-29 00:00:00.000000"
348,20111022,20111103,20111029,11963,1,6,9,"SO45970",1,1,1,3374.99,3374.99,0,0,1898.0944,1898.0944,3374.99,269.9992,84.3748,\N,\N,"2011-10-22 00:00:00.000000","2011-11-03 00:00:00.000000","2011-10-29 00:00:00.000000"
345,20111023,20111104,20111030,11335,1,100,8,"SO45971",1,1,1,3399.99,3399.99,0,0,1912.1544,1912.1544,3399.99,271.9992,84.9998,\N,\N,"2011-10-23 00:00:00.000000","2011-11-04 00:00:00.000000","2011-10-30 00:00:00.000000"
324,20111023,20111104,20111030,19472,1,100,8,"SO45972",1,1,1,699.0982,699.0982,0,0,413.1463,413.1463,699.0982,55.9279,17.4775,\N,\N,"2011-10-23 00:00:00.000000","2011-11-04 00:00:00.000000","2011-10-30 00:00:00.000000"
313,20111023,20111104,20111030,11773,1,100,4,"SO45973",1,1,1,3578.27,3578.27,0,0,2171.2942,2171.2942,3578.27,286.2616,89.4568,\N,\N,"2011-10-23 00:00:00.000000","2011-11-04 00:00:00.000000","2011-10-30 00:00:00.000000"
347,20111023,20111104,20111030,26018,1,100,1,"SO45974",1,1,1,3399.99,3399.99,0,0,1912.1544,1912.1544,3399.99,271.9992,84.9998,\N,\N,"2011-10-23 00:00:00.000000","2011-11-04 00:00:00.000000","2011-10-30 00:00:00.000000"
324,20111023,20111104,20111030,14755,1,100,4,"SO45975",1,1,1,699.0982,699.0982,0,0,413.1463,413.1463,699.0982,55.9279,17.4775,\N,\N,"2011-10-23 00:00:00.000000","2011-11-04 00:00:00.000000","2011-10-30 00:00:00.000000"
314,20111023,20111104,20111030,20239,1,6,9,"SO45976",1,1,1,3578.27,3578.27,0,0,2171.2942,2171.2942,3578.27,286.2616,89.4568,\N,\N,"2011-10-23 00:00:00.000000","2011-11-04 00:00:00.000000","2011-10-30 00:00:00.000000"
313,20111023,20111104,20111030,20216,1,6,9,"SO45977",1,1,1,3578.27,3578.27,0,0,2171.2942,2171.2942,3578.27,286.2616,89.4568,\N,\N,"2011-10-23 00:00:00.000000","2011-11-04 00:00:00.000000","2011-10-30 00:00:00.000000"
350,20111023,20111104,20111030,11967,1,6,9,"SO45978",1,1,1,3374.99,3374.99,0,0,1898.0944,1898.0944,3374.99,269.9992,84.3748,\N,\N,"2011-10-23 00:00:00.000000","2011-11-04 00:00:00.000000","2011-10-30 00:00:00.000000"
311,20111024,20111105,20111031,15630,1,98,10,"SO45979",1,1,1,3578.27,3578.27,0,0,2171.2942,2171.2942,3578.27,286.2616,89.4568,\N,\N,"2011-10-24 00:00:00.000000","2011-11-05 00:00:00.000000","2011-10-31 00:00:00.000000"
312,20111024,20111105,20111031,15631,1,98,10,"SO45980",1,1,1,3578.27,3578.27,0,0,2171.2942,2171.2942,3578.27,286.2616,89.4568,\N,\N,"2011-10-24 00:00:00.000000","2011-11-05 00:00:00.000000","2011-10-31 00:00:00.000000"
310,20111024,20111105,20111031,12805,1,100,7,"SO45981",1,1,1,3578.27,3578.27,0,0,2171.2942,2171.2942,3578.27,286.2616,89.4568,\N,\N,"2011-10-24 00:00:00.000000","2011-11-05 00:00:00.000000","2011-10-31 00:00:00.000000"
310,20111024,20111105,20111031,19977,1,6,9,"SO45982",1,1,1,3578.27,3578.27,0,0,2171.2942,2171.2942,3578.27,286.2616,89.4568,\N,\N,"2011-10-24 00:00:00.000000","2011-11-05 00:00:00.000000","2011-10-31 00:00:00.000000"
314,20111025,20111106,20111101,14830,1,100,8,"SO45983",1,1,1,3578.27,3578.27,0,0,2171.2942,2171.2942,3578.27,286.2616,89.4568,\N,\N,"2011-10-25 00:00:00.000000","2011-11-06 00:00:00.000000","2011-11-01 00:00:00.000000"
313,20111025,20111106,20111101,11690,1,100,1,"SO45984",1,1,1,3578.27,3578.27,0,0,2171.2942,2171.2942,3578.27,286.2616,89.4568,\N,\N,"2011-10-25 00:00:00.000000","2011-11-06 00:00:00.000000","2011-11-01 00:00:00.000000"
314,20111025,20111106,20111101,11708,1,100,4,"SO45985",1,1,1,3578.27,3578.27,0,0,2171.2942,2171.2942,3578.27,286.2616,89.4568,\N,\N,"2011-10-25 00:00:00.000000","2011-11-06 00:00:00.000000","2011-11-01 00:00:00.000000"
314,20111025,20111106,20111101,11743,1,100,4,"SO45986",1,1,1,3578.27,3578.27,0,0,2171.2942,2171.2942,3578.27,286.2616,89.4568,\N,\N,"2011-10-25 00:00:00.000000","2011-11-06 00:00:00.000000","2011-11-01 00:00:00.000000"
310,20111025,20111106,20111101,11854,1,100,4,"SO45987",1,1,1,3578.27,3578.27,0,0,2171.2942,2171.2942,3578.27,286.2616,89.4568,\N,\N,"2011-10-25 00:00:00.000000","2011-11-06 00:00:00.000000","2011-11-01 00:00:00.000000"
314,20111025,20111106,20111101,11675,1,100,1,"SO45988",1,1,1,3578.27,3578.27,0,0,2171.2942,2171.2942,3578.27,286.2616,89.4568,\N,\N,"2011-10-25 00:00:00.000000","2011-11-06 00:00:00.000000","2011-11-01 00:00:00.000000"
311,20111025,20111106,20111101,12631,1,100,7,"SO45989",1,1,1,3578.27,3578.27,0,0,2171.2942,2171.2942,3578.27,286.2616,89.4568,\N,\N,"2011-10-25 00:00:00.000000","2011-11-06 00:00:00.000000","2011-11-01 00:00:00.000000"
314,20111025,20111106,20111101,12711,1,100,7,"SO45990",1,1,1,3578.27,3578.27,0,0,2171.2942,2171.2942,3578.27,286.2616,89.4568,\N,\N,"2011-10-25 00:00:00.000000","2011-11-06 00:00:00.000000","2011-11-01 00:00:00.000000"
351,20111025,20111106,20111101,11976,1,6,9,"SO45991",1,1,1,3374.99,3374.99,0,0,1898.0944,1898.0944,3374.99,269.9992,84.3748,\N,\N,"2011-10-25 00:00:00.000000","2011-11-06 00:00:00.000000","2011-11-01 00:00:00.000000"
334,20111026,20111107,20111102,19451,1,100,8,"SO45992",1,1,1,699.0982,699.0982,0,0,413.1463,413.1463,699.0982,55.9279,17.4775,\N,\N,"2011-10-26 00:00:00.000000","2011-11-07 00:00:00.000000","2011-11-02 00:00:00.000000"
313,20111026,20111107,20111102,11924,1,100,4,"SO45993",1,1,1,3578.27,3578.27,0,0,2171.2942,2171.2942,3578.27,286.2616,89.4568,\N,\N,"2011-10-26 00:00:00.000000","2011-11-07 00:00:00.000000","2011-11-02 00:00:00.000000"
311,20111026,20111107,20111102,11774,1,100,4,"SO45994",1,1,1,3578.27,3578.27,0,0,2171.2942,2171.2942,3578.27,286.2616,89.4568,\N,\N,"2011-10-26 00:00:00.000000","2011-11-07 00:00:00.000000","2011-11-02 00:00:00.000000"
310,20111026,20111107,20111102,23846,1,19,6,"SO45995",1,1,1,3578.27,3578.27,0,0,2171.2942,2171.2942,3578.27,286.2616,89.4568,\N,\N,"2011-10-26 00:00:00.000000","2011-11-07 00:00:00.000000","2011-11-02 00:00:00.000000"
312,20111026,20111107,20111102,11839,1,100,4,"SO45996",1,1,1,3578.27,3578.27,0,0,2171.2942,2171.2942,3578.27,286.2616,89.4568,\N,\N,"2011-10-26 00:00:00.000000","2011-11-07 00:00:00.000000","2011-11-02 00:00:00.000000"
324,20111026,20111107,20111102,14756,1,100,4,"SO45997",1,1,1,699.0982,699.0982,0,0,413.1463,413.1463,699.0982,55.9279,17.4775,\N,\N,"2011-10-26 00:00:00.000000","2011-11-07 00:00:00.000000","2011-11-02 00:00:00.000000"
342,20111026,20111107,20111102,25918,1,6,9,"SO45998",1,1,1,699.0982,699.0982,0,0,413.1463,413.1463,699.0982,55.9279,17.4775,\N,\N,"2011-10-26 00:00:00.000000","2011-11-07 00:00:00.000000","2011-11-02 00:00:00.000000"
311,20111027,20111108,20111103,23583,1,19,6,"SO45999",1,1,1,3578.27,3578.27,0,0,2171.2942,2171.2942,3578.27,286.2616,89.4568,\N,\N,"2011-10-27 00:00:00.000000","2011-11-08 00:00:00.000000","2011-11-03 00:00:00.000000"
310,20111027,20111108,20111103,11778,1,100,1,"SO46000",1,1,1,3578.27,3578.27,0,0,2171.2942,2171.2942,3578.27,286.2616,89.4568,\N,\N,"2011-10-27 00:00:00.000000","2011-11-08 00:00:00.000000","2011-11-03 00:00:00.000000"
310,20111027,20111108,20111103,23806,1,19,6,"SO46001",1,1,1,3578.27,3578.27,0,0,2171.2942,2171.2942,3578.27,286.2616,89.4568,\N,\N,"2011-10-27 00:00:00.000000","2011-11-08 00:00:00.000000","2011-11-03 00:00:00.000000"
310,20111027,20111108,20111103,11826,1,100,4,"SO46002",1,1,1,3578.27,3578.27,0,0,2171.2942,2171.2942,3578.27,286.2616,89.4568,\N,\N,"2011-10-27 00:00:00.000000","2011-11-08 00:00:00.000000","2011-11-03 00:00:00.000000"
312,20111027,20111108,20111103,11831,1,100,4,"SO46003",1,1,1,3578.27,3578.27,0,0,2171.2942,2171.2942,3578.27,286.2616,89.4568,\N,\N,"2011-10-27 00:00:00.000000","2011-11-08 00:00:00.000000","2011-11-03 00:00:00.000000"
311,20111027,20111108,20111103,11664,1,100,4,"SO46004",1,1,1,3578.27,3578.27,0,0,2171.2942,2171.2942,3578.27,286.2616,89.4568,\N,\N,"2011-10-27 00:00:00.000000","2011-11-08 00:00:00.000000","2011-11-03 00:00:00.000000"
312,20111027,20111108,20111103,12749,1,100,7,"SO46005",1,1,1,3578.27,3578.27,0,0,2171.2942,2171.2942,3578.27,286.2616,89.4568,\N,\N,"2011-10-27 00:00:00.000000","2011-11-08 00:00:00.000000","2011-11-03 00:00:00.000000"
313,20111027,20111108,20111103,20236,1,6,9,"SO46006",1,1,1,3578.27,3578.27,0,0,2171.2942,2171.2942,3578.27,286.2616,89.4568,\N,\N,"2011-10-27 00:00:00.000000","2011-11-08 00:00:00.000000","2011-11-03 00:00:00.000000"
312,20111027,20111108,20111103,20220,1,6,9,"SO46007",1,1,1,3578.27,3578.27,0,0,2171.2942,2171.2942,3578.27,286.2616,89.4568,\N,\N,"2011-10-27 00:00:00.000000","2011-11-08 00:00:00.000000","2011-11-03 00:00:00.000000"
348,20111027,20111108,20111103,11912,1,6,9,"SO46008",1,1,1,3374.99,3374.99,0,0,1898.0944,1898.0944,3374.99,269.9992,84.3748,\N,\N,"2011-10-27 00:00:00.000000","2011-11-08 00:00:00.000000","2011-11-03 00:00:00.000000"
344,20111027,20111108,20111103,11917,1,6,9,"SO46009",1,1,1,3399.99,3399.99,0,0,1912.1544,1912.1544,3399.99,271.9992,84.9998,\N,\N,"2011-10-27 00:00:00.000000","2011-11-08 00:00:00.000000","2011-11-03 00:00:00.000000"
348,20111028,20111109,20111104,11488,1,98,10,"SO46010",1,1,1,3374.99,3374.99,0,0,1898.0944,1898.0944,3374.99,269.9992,84.3748,\N,\N,"2011-10-28 00:00:00.000000","2011-11-09 00:00:00.000000","2011-11-04 00:00:00.000000"
351,20111028,20111109,20111104,11489,1,98,10,"SO46011",1,1,1,3374.99,3374.99,0,0,1898.0944,1898.0944,3374.99,269.9992,84.3748,\N,\N,"2011-10-28 00:00:00.000000","2011-11-09 00:00:00.000000","2011-11-04 00:00:00.000000"
330,20111028,20111109,20111104,19453,1,100,8,"SO46012",1,1,1,699.0982,699.0982,0,0,413.1463,413.1463,699.0982,55.9279,17.4775,\N,\N,"2011-10-28 00:00:00.000000","2011-11-09 00:00:00.000000","2011-11-04 00:00:00.000000"
311,20111028,20111109,20111104,11705,1,100,4,"SO46013",1,1,1,3578.27,3578.27,0,0,2171.2942,2171.2942,3578.27,286.2616,89.4568,\N,\N,"2011-10-28 00:00:00.000000","2011-11-09 00:00:00.000000","2011-11-04 00:00:00.000000"
313,20111028,20111109,20111104,23396,1,19,6,"SO46014",1,1,1,3578.27,3578.27,0,0,2171.2942,2171.2942,3578.27,286.2616,89.4568,\N,\N,"2011-10-28 00:00:00.000000","2011-11-09 00:00:00.000000","2011-11-04 00:00:00.000000"
313,20111028,20111109,20111104,23511,1,19,6,"SO46015",1,1,1,3578.27,3578.27,0,0,2171.2942,2171.2942,3578.27,286.2616,89.4568,\N,\N,"2011-10-28 00:00:00.000000","2011-11-09 00:00:00.000000","2011-11-04 00:00:00.000000"
312,20111028,20111109,20111104,11885,1,100,4,"SO46016",1,1,1,3578.27,3578.27,0,0,2171.2942,2171.2942,3578.27,286.2616,89.4568,\N,\N,"2011-10-28 00:00:00.000000","2011-11-09 00:00:00.000000","2011-11-04 00:00:00.000000"
314,20111028,20111109,20111104,11886,1,100,4,"SO46017",1,1,1,3578.27,3578.27,0,0,2171.2942,2171.2942,3578.27,286.2616,89.4568,\N,\N,"2011-10-28 00:00:00.000000","2011-11-09 00:00:00.000000","2011-11-04 00:00:00.000000"
312,20111028,20111109,20111104,11663,1,100,1,"SO46018",1,1,1,3578.27,3578.27,0,0,2171.2942,2171.2942,3578.27,286.2616,89.4568,\N,\N,"2011-10-28 00:00:00.000000","2011-11-09 00:00:00.000000","2011-11-04 00:00:00.000000"
340,20111028,20111109,20111104,14752,1,100,4,"SO46019",1,1,1,699.0982,699.0982,0,0,413.1463,413.1463,699.0982,55.9279,17.4775,\N,\N,"2011-10-28 00:00:00.000000","2011-11-09 00:00:00.000000","2011-11-04 00:00:00.000000"
313,20111028,20111109,20111104,20228,1,6,9,"SO46020",1,1,1,3578.27,3578.27,0,0,2171.2942,2171.2942,3578.27,286.2616,89.4568,\N,\N,"2011-10-28 00:00:00.000000","2011-11-09 00:00:00.000000","2011-11-04 00:00:00.000000"
314,20111028,20111109,20111104,19971,1,6,9,"SO46021",1,1,1,3578.27,3578.27,0,0,2171.2942,2171.2942,3578.27,286.2616,89.4568,\N,\N,"2011-10-28 00:00:00.000000","2011-11-09 00:00:00.000000","2011-11-04 00:00:00.000000"
346,20111028,20111109,20111104,11968,1,6,9,"SO46022",1,1,1,3399.99,3399.99,0,0,1912.1544,1912.1544,3399.99,271.9992,84.9998,\N,\N,"2011-10-28 00:00:00.000000","2011-11-09 00:00:00.000000","2011-11-04 00:00:00.000000"
310,20111029,20111110,20111105,12018,1,100,4,"SO46108",1,1,1,3578.27,3578.27,0,0,2171.2942,2171.2942,3578.27,286.2616,89.4568,\N,\N,"2011-10-29 00:00:00.000000","2011-11-10 00:00:00.000000","2011-11-05 00:00:00.000000"
312,20111029,20111110,20111105,12167,1,100,1,"SO46109",1,1,1,3578.27,3578.27,0,0,2171.2942,2171.2942,3578.27,286.2616,89.4568,\N,\N,"2011-10-29 00:00:00.000000","2011-11-10 00:00:00.000000","2011-11-05 00:00:00.000000"
311,20111029,20111110,20111105,12169,1,100,4,"SO46110",1,1,1,3578.27,3578.27,0,0,2171.2942,2171.2942,3578.27,286.2616,89.4568,\N,\N,"2011-10-29 00:00:00.000000","2011-11-10 00:00:00.000000","2011-11-05 00:00:00.000000"
311,20111029,20111110,20111105,11937,1,100,1,"SO46111",1,1,1,3578.27,3578.27,0,0,2171.2942,2171.2942,3578.27,286.2616,89.4568,\N,\N,"2011-10-29 00:00:00.000000","2011-11-10 00:00:00.000000","2011-11-05 00:00:00.000000"
312,20111029,20111110,20111105,11945,1,100,4,"SO46112",1,1,1,3578.27,3578.27,0,0,2171.2942,2171.2942,3578.27,286.2616,89.4568,\N,\N,"2011-10-29 00:00:00.000000","2011-11-10 00:00:00.000000","2011-11-05 00:00:00.000000"
310,20111029,20111110,20111105,11955,1,100,4,"SO46113",1,1,1,3578.27,3578.27,0,0,2171.2942,2171.2942,3578.27,286.2616,89.4568,\N,\N,"2011-10-29 00:00:00.000000","2011-11-10 00:00:00.000000","2011-11-05 00:00:00.000000"
313,20111029,20111110,20111105,12053,1,100,4,"SO46114",1,1,1,3578.27,3578.27,0,0,2171.2942,2171.2942,3578.27,286.2616,89.4568,\N,\N,"2011-10-29 00:00:00.000000","2011-11-10 00:00:00.000000","2011-11-05 00:00:00.000000"
312,20111029,20111110,20111105,12104,1,100,4,"SO46115",1,1,1,3578.27,3578.27,0,0,2171.2942,2171.2942,3578.27,286.2616,89.4568,\N,\N,"2011-10-29 00:00:00.000000","2011-11-10 00:00:00.000000","2011-11-05 00:00:00.000000"
332,20111029,20111110,20111105,14912,1,100,4,"SO46116",1,1,1,699.0982,699.0982,0,0,413.1463,413.1463,699.0982,55.9279,17.4775,\N,\N,"2011-10-29 00:00:00.000000","2011-11-10 00:00:00.000000","2011-11-05 00:00:00.000000"
310,20111029,20111110,20111105,20446,1,6,9,"SO46117",1,1,1,3578.27,3578.27,0,0,2171.2942,2171.2942,3578.27,286.2616,89.4568,\N,\N,"2011-10-29 00:00:00.000000","2011-11-10 00:00:00.000000","2011-11-05 00:00:00.000000"
314,20111029,20111110,20111105,20611,1,6,9,"SO46118",1,1,1,3578.27,3578.27,0,0,2171.2942,2171.2942,3578.27,286.2616,89.4568,\N,\N,"2011-10-29 00:00:00.000000","2011-11-10 00:00:00.000000","2011-11-05 00:00:00.000000"
326,20111029,20111110,20111105,25927,1,6,9,"SO46119",1,1,1,699.0982,699.0982,0,0,413.1463,413.1463,699.0982,55.9279,17.4775,\N,\N,"2011-10-29 00:00:00.000000","2011-11-10 00:00:00.000000","2011-11-05 00:00:00.000000"
313,20111030,20111111,20111106,12023,1,100,4,"SO46120",1,1,1,3578.27,3578.27,0,0,2171.2942,2171.2942,3578.27,286.2616,89.4568,\N,\N,"2011-10-30 00:00:00.000000","2011-11-11 00:00:00.000000","2011-11-06 00:00:00.000000"
312,20111030,20111111,20111106,12069,1,100,4,"SO46121",1,1,1,3578.27,3578.27,0,0,2171.2942,2171.2942,3578.27,286.2616,89.4568,\N,\N,"2011-10-30 00:00:00.000000","2011-11-11 00:00:00.000000","2011-11-06 00:00:00.000000"
313,20111030,20111111,20111106,24284,1,19,6,"SO46122",1,1,1,3578.27,3578.27,0,0,2171.2942,2171.2942,3578.27,286.2616,89.4568,\N,\N,"2011-10-30 00:00:00.000000","2011-11-11 00:00:00.000000","2011-11-06 00:00:00.000000"
312,20111030,20111111,20111106,12152,1,100,4,"SO46123",1,1,1,3578.27,3578.27,0,0,2171.2942,2171.2942,3578.27,286.2616,89.4568,\N,\N,"2011-10-30 00:00:00.000000","2011-11-11 00:00:00.000000","2011-11-06 00:00:00.000000"
311,20111030,20111111,20111106,20447,1,6,9,"SO46124",1,1,1,3578.27,3578.27,0,0,2171.2942,2171.2942,3578.27,286.2616,89.4568,\N,\N,"2011-10-30 00:00:00.000000","2011-11-11 00:00:00.000000","2011-11-06 00:00:00.000000"
310,20111031,20111112,20111107,11956,1,100,4,"SO46125",1,1,1,3578.27,3578.27,0,0,2171.2942,2171.2942,3578.27,286.2616,89.4568,\N,\N,"2011-10-31 00:00:00.000000","2011-11-12 00:00:00.000000","2011-11-07 00:00:00.000000"
334,20111031,20111112,20111107,14883,1,100,4,"SO46126",1,1,1,699.0982,699.0982,0,0,413.1463,413.1463,699.0982,55.9279,17.4775,\N,\N,"2011-10-31 00:00:00.000000","2011-11-12 00:00:00.000000","2011-11-07 00:00:00.000000"
334,20111031,20111112,20111107,14895,1,100,4,"SO46127",1,1,1,699.0982,699.0982,0,0,413.1463,413.1463,699.0982,55.9279,17.4775,\N,\N,"2011-10-31 00:00:00.000000","2011-11-12 00:00:00.000000","2011-11-07 00:00:00.000000"
314,20111031,20111112,20111107,14945,1,100,8,"SO46128",1,1,1,3578.27,3578.27,0,0,2171.2942,2171.2942,3578.27,286.2616,89.4568,\N,\N,"2011-10-31 00:00:00.000000","2011-11-12 00:00:00.000000","2011-11-07 00:00:00.000000"
313,20111031,20111112,20111107,20420,1,6,9,"SO46129",1,1,1,3578.27,3578.27,0,0,2171.2942,2171.2942,3578.27,286.2616,89.4568,\N,\N,"2011-10-31 00:00:00.000000","2011-11-12 00:00:00.000000","2011-11-07 00:00:00.000000"
311,20111101,20111113,20111108,12171,1,100,4,"SO46130",1,1,1,3578.27,3578.27,0,0,2171.2942,2171.2942,3578.27,286.2616,89.4568,\N,\N,"2011-11-01 00:00:00.000000","2011-11-13 00:00:00.000000","2011-11-08 00:00:00.000000"
312,20111101,20111113,20111108,11954,1,100,4,"SO46131",1,1,1,3578.27,3578.27,0,0,2171.2942,2171.2942,3578.27,286.2616,89.4568,\N,\N,"2011-11-01 00:00:00.000000","2011-11-13 00:00:00.000000","2011-11-08 00:00:00.000000"
314,20111101,20111113,20111108,23865,1,19,6,"SO46132",1,1,1,3578.27,3578.27,0,0,2171.2942,2171.2942,3578.27,286.2616,89.4568,\N,\N,"2011-11-01 00:00:00.000000","2011-11-13 00:00:00.000000","2011-11-08 00:00:00.000000"
312,20111101,20111113,20111108,12105,1,100,4,"SO46133",1,1,1,3578.27,3578.27,0,0,2171.2942,2171.2942,3578.27,286.2616,89.4568,\N,\N,"2011-11-01 00:00:00.000000","2011-11-13 00:00:00.000000","2011-11-08 00:00:00.000000"
312,20111101,20111113,20111108,20259,1,6,9,"SO46134",1,1,1,3578.27,3578.27,0,0,2171.2942,2171.2942,3578.27,286.2616,89.4568,\N,\N,"2011-11-01 00:00:00.000000","2011-11-13 00:00:00.000000","2011-11-08 00:00:00.000000"
313,20111101,20111113,20111108,20416,1,6,9,"SO46135",1,1,1,3578.27,3578.27,0,0,2171.2942,2171.2942,3578.27,286.2616,89.4568,\N,\N,"2011-11-01 00:00:00.000000","2011-11-13 00:00:00.000000","2011-11-08 00:00:00.000000"
312,20111101,20111113,20111108,20426,1,6,9,"SO46136",1,1,1,3578.27,3578.27,0,0,2171.2942,2171.2942,3578.27,286.2616,89.4568,\N,\N,"2011-11-01 00:00:00.000000","2011-11-13 00:00:00.000000","2011-11-08 00:00:00.000000"
313,20111101,20111113,20111108,20600,1,6,9,"SO46137",1,1,1,3578.27,3578.27,0,0,2171.2942,2171.2942,3578.27,286.2616,89.4568,\N,\N,"2011-11-01 00:00:00.000000","2011-11-13 00:00:00.000000","2011-11-08 00:00:00.000000"
311,20111101,20111113,20111108,13405,1,100,7,"SO46138",1,1,1,3578.27,3578.27,0,0,2171.2942,2171.2942,3578.27,286.2616,89.4568,\N,\N,"2011-11-01 00:00:00.000000","2011-11-13 00:00:00.000000","2011-11-08 00:00:00.000000"
347,20111101,20111113,20111108,11977,1,6,9,"SO46139",1,1,1,3399.99,3399.99,0,0,1912.1544,1912.1544,3399.99,271.9992,84.9998,\N,\N,"2011-11-01 00:00:00.000000","2011-11-13 00:00:00.000000","2011-11-08 00:00:00.000000"
350,20111101,20111113,20111108,11991,1,6,9,"SO46140",1,1,1,3374.99,3374.99,0,0,1898.0944,1898.0944,3374.99,269.9992,84.3748,\N,\N,"2011-11-01 00:00:00.000000","2011-11-13 00:00:00.000000","2011-11-08 00:00:00.000000"
320,20111102,20111114,20111109,19501,1,100,8,"SO46141",1,1,1,699.0982,699.0982,0,0,413.1463,413.1463,699.0982,55.9279,17.4775,\N,\N,"2011-11-02 00:00:00.000000","2011-11-14 00:00:00.000000","2011-11-09 00:00:00.000000"
311,20111102,20111114,20111109,24310,1,19,6,"SO46142",1,1,1,3578.27,3578.27,0,0,2171.2942,2171.2942,3578.27,286.2616,89.4568,\N,\N,"2011-11-02 00:00:00.000000","2011-11-14 00:00:00.000000","2011-11-09 00:00:00.000000"
347,20111102,20111114,20111109,26090,1,100,4,"SO46143",1,1,1,3399.99,3399.99,0,0,1912.1544,1912.1544,3399.99,271.9992,84.9998,\N,\N,"2011-11-02 00:00:00.000000","2011-11-14 00:00:00.000000","2011-11-09 00:00:00.000000"
350,20111102,20111114,20111109,26094,1,100,4,"SO46144",1,1,1,3374.99,3374.99,0,0,1898.0944,1898.0944,3374.99,269.9992,84.3748,\N,\N,"2011-11-02 00:00:00.000000","2011-11-14 00:00:00.000000","2011-11-09 00:00:00.000000"
340,20111102,20111114,20111109,14881,1,100,1,"SO46145",1,1,1,699.0982,699.0982,0,0,413.1463,413.1463,699.0982,55.9279,17.4775,\N,\N,"2011-11-02 00:00:00.000000","2011-11-14 00:00:00.000000","2011-11-09 00:00:00.000000"
345,20111103,20111115,20111110,11421,1,100,8,"SO46146",1,1,1,3399.99,3399.99,0,0,1912.1544,1912.1544,3399.99,271.9992,84.9998,\N,\N,"2011-11-03 00:00:00.000000","2011-11-15 00:00:00.000000","2011-11-10 00:00:00.000000"
320,20111103,20111115,20111110,19476,1,100,8,"SO46147",1,1,1,699.0982,699.0982,0,0,413.1463,413.1463,699.0982,55.9279,17.4775,\N,\N,"2011-11-03 00:00:00.000000","2011-11-15 00:00:00.000000","2011-11-10 00:00:00.000000"
310,20111103,20111115,20111110,12052,1,100,4,"SO46148",1,1,1,3578.27,3578.27,0,0,2171.2942,2171.2942,3578.27,286.2616,89.4568,\N,\N,"2011-11-03 00:00:00.000000","2011-11-15 00:00:00.000000","2011-11-10 00:00:00.000000"
311,20111103,20111115,20111110,12120,1,100,1,"SO46149",1,1,1,3578.27,3578.27,0,0,2171.2942,2171.2942,3578.27,286.2616,89.4568,\N,\N,"2011-11-03 00:00:00.000000","2011-11-15 00:00:00.000000","2011-11-10 00:00:00.000000"
336,20111103,20111115,20111110,20569,1,98,10,"SO46150",1,1,1,699.0982,699.0982,0,0,413.1463,413.1463,699.0982,55.9279,17.4775,\N,\N,"2011-11-03 00:00:00.000000","2011-11-15 00:00:00.000000","2011-11-10 00:00:00.000000"
351,20111103,20111115,20111110,26082,1,100,4,"SO46151",1,1,1,3374.99,3374.99,0,0,1898.0944,1898.0944,3374.99,269.9992,84.3748,\N,\N,"2011-11-03 00:00:00.000000","2011-11-15 00:00:00.000000","2011-11-10 00:00:00.000000"
314,20111103,20111115,20111110,20424,1,6,9,"SO46152",1,1,1,3578.27,3578.27,0,0,2171.2942,2171.2942,3578.27,286.2616,89.4568,\N,\N,"2011-11-03 00:00:00.000000","2011-11-15 00:00:00.000000","2011-11-10 00:00:00.000000"
324,20111103,20111115,20111110,25928,1,6,9,"SO46153",1,1,1,699.0982,699.0982,0,0,413.1463,413.1463,699.0982,55.9279,17.4775,\N,\N,"2011-11-03 00:00:00.000000","2011-11-15 00:00:00.000000","2011-11-10 00:00:00.000000"
349,20111103,20111115,20111110,11989,1,6,9,"SO46154",1,1,1,3374.99,3374.99,0,0,1898.0944,1898.0944,3374.99,269.9992,84.3748,\N,\N,"2011-11-03 00:00:00.000000","2011-11-15 00:00:00.000000","2011-11-10 00:00:00.000000"
310,20111104,20111116,20111111,12076,1,100,4,"SO46155",1,1,1,3578.27,3578.27,0,0,2171.2942,2171.2942,3578.27,286.2616,89.4568,\N,\N,"2011-11-04 00:00:00.000000","2011-11-16 00:00:00.000000","2011-11-11 00:00:00.000000"
314,20111104,20111116,20111111,12118,1,100,4,"SO46156",1,1,1,3578.27,3578.27,0,0,2171.2942,2171.2942,3578.27,286.2616,89.4568,\N,\N,"2011-11-04 00:00:00.000000","2011-11-16 00:00:00.000000","2011-11-11 00:00:00.000000"
345,20111104,20111116,20111111,26056,1,100,4,"SO46157",1,1,1,3399.99,3399.99,0,0,1912.1544,1912.1544,3399.99,271.9992,84.9998,\N,\N,"2011-11-04 00:00:00.000000","2011-11-16 00:00:00.000000","2011-11-11 00:00:00.000000"
320,20111104,20111116,20111111,25926,1,6,9,"SO46158",1,1,1,699.0982,699.0982,0,0,413.1463,413.1463,699.0982,55.9279,17.4775,\N,\N,"2011-11-04 00:00:00.000000","2011-11-16 00:00:00.000000","2011-11-11 00:00:00.000000"
351,20111104,20111116,20111111,11996,1,6,9,"SO46159",1,1,1,3374.99,3374.99,0,0,1898.0944,1898.0944,3374.99,269.9992,84.3748,\N,\N,"2011-11-04 00:00:00.000000","2011-11-16 00:00:00.000000","2011-11-11 00:00:00.000000"
351,20111105,20111117,20111112,11412,1,100,8,"SO46160",1,1,1,3374.99,3374.99,0,0,1898.0944,1898.0944,3374.99,269.9992,84.3748,\N,\N,"2011-11-05 00:00:00.000000","2011-11-17 00:00:00.000000","2011-11-12 00:00:00.000000"
311,20111105,20111117,20111112,12819,1,100,7,"SO46161",1,1,1,3578.27,3578.27,0,0,2171.2942,2171.2942,3578.27,286.2616,89.4568,\N,\N,"2011-11-05 00:00:00.000000","2011-11-17 00:00:00.000000","2011-11-12 00:00:00.000000"
313,20111105,20111117,20111112,12163,1,100,4,"SO46162",1,1,1,3578.27,3578.27,0,0,2171.2942,2171.2942,3578.27,286.2616,89.4568,\N,\N,"2011-11-05 00:00:00.000000","2011-11-17 00:00:00.000000","2011-11-12 00:00:00.000000"
312,20111105,20111117,20111112,12042,1,100,1,"SO46163",1,1,1,3578.27,3578.27,0,0,2171.2942,2171.2942,3578.27,286.2616,89.4568,\N,\N,"2011-11-05 00:00:00.000000","2011-11-17 00:00:00.000000","2011-11-12 00:00:00.000000"
312,20111105,20111117,20111112,12079,1,100,4,"SO46164",1,1,1,3578.27,3578.27,0,0,2171.2942,2171.2942,3578.27,286.2616,89.4568,\N,\N,"2011-11-05 00:00:00.000000","2011-11-17 00:00:00.000000","2011-11-12 00:00:00.000000"
310,20111105,20111117,20111112,12141,1,100,1,"SO46165",1,1,1,3578.27,3578.27,0,0,2171.2942,2171.2942,3578.27,286.2616,89.4568,\N,\N,"2011-11-05 00:00:00.000000","2011-11-17 00:00:00.000000","2011-11-12 00:00:00.000000"
313,20111105,20111117,20111112,15657,1,98,10,"SO46166",1,1,1,3578.27,3578.27,0,0,2171.2942,2171.2942,3578.27,286.2616,89.4568,\N,\N,"2011-11-05 00:00:00.000000","2011-11-17 00:00:00.000000","2011-11-12 00:00:00.000000"
347,20111105,20111117,20111112,11997,1,6,9,"SO46167",1,1,1,3399.99,3399.99,0,0,1912.1544,1912.1544,3399.99,271.9992,84.9998,\N,\N,"2011-11-05 00:00:00.000000","2011-11-17 00:00:00.000000","2011-11-12 00:00:00.000000"
334,20111105,20111117,20111112,25936,1,6,9,"SO46168",1,1,1,699.0982,699.0982,0,0,413.1463,413.1463,699.0982,55.9279,17.4775,\N,\N,"2011-11-05 00:00:00.000000","2011-11-17 00:00:00.000000","2011-11-12 00:00:00.000000"
313,20111105,20111117,20111112,12094,1,100,4,"SO46169",1,1,1,3578.27,3578.27,0,0,2171.2942,2171.2942,3578.27,286.2616,89.4568,\N,\N,"2011-11-05 00:00:00.000000","2011-11-17 00:00:00.000000","2011-11-12 00:00:00.000000"
312,20111106,20111118,20111113,12156,1,100,4,"SO46170",1,1,1,3578.27,3578.27,0,0,2171.2942,2171.2942,3578.27,286.2616,89.4568,\N,\N,"2011-11-06 00:00:00.000000","2011-11-18 00:00:00.000000","2011-11-13 00:00:00.000000"
310,20111106,20111118,20111113,24342,1,19,6,"SO46171",1,1,1,3578.27,3578.27,0,0,2171.2942,2171.2942,3578.27,286.2616,89.4568,\N,\N,"2011-11-06 00:00:00.000000","2011-11-18 00:00:00.000000","2011-11-13 00:00:00.000000"
310,20111106,20111118,20111113,12030,1,100,1,"SO46172",1,1,1,3578.27,3578.27,0,0,2171.2942,2171.2942,3578.27,286.2616,89.4568,\N,\N,"2011-11-06 00:00:00.000000","2011-11-18 00:00:00.000000","2011-11-13 00:00:00.000000"
311,20111106,20111118,20111113,20283,1,6,9,"SO46173",1,1,1,3578.27,3578.27,0,0,2171.2942,2171.2942,3578.27,286.2616,89.4568,\N,\N,"2011-11-06 00:00:00.000000","2011-11-18 00:00:00.000000","2011-11-13 00:00:00.000000"
311,20111106,20111118,20111113,20608,1,6,9,"SO46174",1,1,1,3578.27,3578.27,0,0,2171.2942,2171.2942,3578.27,286.2616,89.4568,\N,\N,"2011-11-06 00:00:00.000000","2011-11-18 00:00:00.000000","2011-11-13 00:00:00.000000"
349,20111106,20111118,20111113,12003,1,6,9,"SO46175",1,1,1,3374.99,3374.99,0,0,1898.0944,1898.0944,3374.99,269.9992,84.3748,\N,\N,"2011-11-06 00:00:00.000000","2011-11-18 00:00:00.000000","2011-11-13 00:00:00.000000"
349,20111107,20111119,20111114,11491,1,98,10,"SO46176",1,1,1,3374.99,3374.99,0,0,1898.0944,1898.0944,3374.99,269.9992,84.3748,\N,\N,"2011-11-07 00:00:00.000000","2011-11-19 00:00:00.000000","2011-11-14 00:00:00.000000"
312,20111107,20111119,20111114,12102,1,100,4,"SO46177",1,1,1,3578.27,3578.27,0,0,2171.2942,2171.2942,3578.27,286.2616,89.4568,\N,\N,"2011-11-07 00:00:00.000000","2011-11-19 00:00:00.000000","2011-11-14 00:00:00.000000"
334,20111107,20111119,20111114,25937,1,6,9,"SO46178",1,1,1,699.0982,699.0982,0,0,413.1463,413.1463,699.0982,55.9279,17.4775,\N,\N,"2011-11-07 00:00:00.000000","2011-11-19 00:00:00.000000","2011-11-14 00:00:00.000000"
313,20111108,20111120,20111115,11983,1,100,4,"SO46179",1,1,1,3578.27,3578.27,0,0,2171.2942,2171.2942,3578.27,286.2616,89.4568,\N,\N,"2011-11-08 00:00:00.000000","2011-11-20 00:00:00.000000","2011-11-15 00:00:00.000000"
310,20111108,20111120,20111115,12084,1,100,1,"SO46180",1,1,1,3578.27,3578.27,0,0,2171.2942,2171.2942,3578.27,286.2616,89.4568,\N,\N,"2011-11-08 00:00:00.000000","2011-11-20 00:00:00.000000","2011-11-15 00:00:00.000000"
348,20111108,20111120,20111115,12004,1,6,9,"SO46181",1,1,1,3374.99,3374.99,0,0,1898.0944,1898.0944,3374.99,269.9992,84.3748,\N,\N,"2011-11-08 00:00:00.000000","2011-11-20 00:00:00.000000","2011-11-15 00:00:00.000000"
346,20111108,20111120,20111115,11995,1,6,9,"SO46182",1,1,1,3399.99,3399.99,0,0,1912.1544,1912.1544,3399.99,271.9992,84.9998,\N,\N,"2011-11-08 00:00:00.000000","2011-11-20 00:00:00.000000","2011-11-15 00:00:00.000000"
351,20111109,20111121,20111116,28492,1,100,7,"SO46183",1,1,1,3374.99,3374.99,0,0,1898.0944,1898.0944,3374.99,269.9992,84.3748,\N,\N,"2011-11-09 00:00:00.000000","2011-11-21 00:00:00.000000","2011-11-16 00:00:00.000000"
311,20111109,20111121,20111116,14834,1,100,8,"SO46184",1,1,1,3578.27,3578.27,0,0,2171.2942,2171.2942,3578.27,286.2616,89.4568,\N,\N,"2011-11-09 00:00:00.000000","2011-11-21 00:00:00.000000","2011-11-16 00:00:00.000000"
314,20111109,20111121,20111116,15632,1,98,10,"SO46185",1,1,1,3578.27,3578.27,0,0,2171.2942,2171.2942,3578.27,286.2616,89.4568,\N,\N,"2011-11-09 00:00:00.000000","2011-11-21 00:00:00.000000","2011-11-16 00:00:00.000000"
310,20111109,20111121,20111116,12041,1,100,1,"SO46186",1,1,1,3578.27,3578.27,0,0,2171.2942,2171.2942,3578.27,286.2616,89.4568,\N,\N,"2011-11-09 00:00:00.000000","2011-11-21 00:00:00.000000","2011-11-16 00:00:00.000000"
313,20111109,20111121,20111116,24235,1,19,6,"SO46187",1,1,1,3578.27,3578.27,0,0,2171.2942,2171.2942,3578.27,286.2616,89.4568,\N,\N,"2011-11-09 00:00:00.000000","2011-11-21 00:00:00.000000","2011-11-16 00:00:00.000000"
310,20111109,20111121,20111116,20430,1,6,9,"SO46188",1,1,1,3578.27,3578.27,0,0,2171.2942,2171.2942,3578.27,286.2616,89.4568,\N,\N,"2011-11-09 00:00:00.000000","2011-11-21 00:00:00.000000","2011-11-16 00:00:00.000000"
312,20111109,20111121,20111116,20606,1,6,9,"SO46189",1,1,1,3578.27,3578.27,0,0,2171.2942,2171.2942,3578.27,286.2616,89.4568,\N,\N,"2011-11-09 00:00:00.000000","2011-11-21 00:00:00.000000","2011-11-16 00:00:00.000000"
312,20111109,20111121,20111116,15653,1,98,10,"SO46190",1,1,1,3578.27,3578.27,0,0,2171.2942,2171.2942,3578.27,286.2616,89.4568,\N,\N,"2011-11-09 00:00:00.000000","2011-11-21 00:00:00.000000","2011-11-16 00:00:00.000000"
310,20111109,20111121,20111116,14956,1,100,8,"SO46191",1,1,1,3578.27,3578.27,0,0,2171.2942,2171.2942,3578.27,286.2616,89.4568,\N,\N,"2011-11-09 00:00:00.000000","2011-11-21 00:00:00.000000","2011-11-16 00:00:00.000000"
314,20111110,20111122,20111117,12830,1,100,7,"SO46192",1,1,1,3578.27,3578.27,0,0,2171.2942,2171.2942,3578.27,286.2616,89.4568,\N,\N,"2011-11-10 00:00:00.000000","2011-11-22 00:00:00.000000","2011-11-17 00:00:00.000000"
342,20111110,20111122,20111117,18634,1,100,7,"SO46193",1,1,1,699.0982,699.0982,0,0,413.1463,413.1463,699.0982,55.9279,17.4775,\N,\N,"2011-11-10 00:00:00.000000","2011-11-22 00:00:00.000000","2011-11-17 00:00:00.000000"
313,20111110,20111122,20111117,11939,1,100,4,"SO46194",1,1,1,3578.27,3578.27,0,0,2171.2942,2171.2942,3578.27,286.2616,89.4568,\N,\N,"2011-11-10 00:00:00.000000","2011-11-22 00:00:00.000000","2011-11-17 00:00:00.000000"
314,20111110,20111122,20111117,12027,1,100,1,"SO46195",1,1,1,3578.27,3578.27,0,0,2171.2942,2171.2942,3578.27,286.2616,89.4568,\N,\N,"2011-11-10 00:00:00.000000","2011-11-22 00:00:00.000000","2011-11-17 00:00:00.000000"
310,20111110,20111122,20111117,12109,1,100,1,"SO46196",1,1,1,3578.27,3578.27,0,0,2171.2942,2171.2942,3578.27,286.2616,89.4568,\N,\N,"2011-11-10 00:00:00.000000","2011-11-22 00:00:00.000000","2011-11-17 00:00:00.000000"
347,20111110,20111122,20111117,26061,1,100,4,"SO46197",1,1,1,3399.99,3399.99,0,0,1912.1544,1912.1544,3399.99,271.9992,84.9998,\N,\N,"2011-11-10 00:00:00.000000","2011-11-22 00:00:00.000000","2011-11-17 00:00:00.000000"
344,20111110,20111122,20111117,26089,1,100,4,"SO46198",1,1,1,3399.99,3399.99,0,0,1912.1544,1912.1544,3399.99,271.9992,84.9998,\N,\N,"2011-11-10 00:00:00.000000","2011-11-22 00:00:00.000000","2011-11-17 00:00:00.000000"
314,20111110,20111122,20111117,20256,1,6,9,"SO46199",1,1,1,3578.27,3578.27,0,0,2171.2942,2171.2942,3578.27,286.2616,89.4568,\N,\N,"2011-11-10 00:00:00.000000","2011-11-22 00:00:00.000000","2011-11-17 00:00:00.000000"
310,20111110,20111122,20111117,20260,1,6,9,"SO46200",1,1,1,3578.27,3578.27,0,0,2171.2942,2171.2942,3578.27,286.2616,89.4568,\N,\N,"2011-11-10 00:00:00.000000","2011-11-22 00:00:00.000000","2011-11-17 00:00:00.000000"
314,20111110,20111122,20111117,20610,1,6,9,"SO46201",1,1,1,3578.27,3578.27,0,0,2171.2942,2171.2942,3578.27,286.2616,89.4568,\N,\N,"2011-11-10 00:00:00.000000","2011-11-22 00:00:00.000000","2011-11-17 00:00:00.000000"
320,20111110,20111122,20111117,25935,1,6,9,"SO46202",1,1,1,699.0982,699.0982,0,0,413.1463,413.1463,699.0982,55.9279,17.4775,\N,\N,"2011-11-10 00:00:00.000000","2011-11-22 00:00:00.000000","2011-11-17 00:00:00.000000"
346,20111110,20111122,20111117,11999,1,6,9,"SO46203",1,1,1,3399.99,3399.99,0,0,1912.1544,1912.1544,3399.99,271.9992,84.9998,\N,\N,"2011-11-10 00:00:00.000000","2011-11-22 00:00:00.000000","2011-11-17 00:00:00.000000"
348,20111110,20111122,20111117,11988,1,6,9,"SO46204",1,1,1,3374.99,3374.99,0,0,1898.0944,1898.0944,3374.99,269.9992,84.3748,\N,\N,"2011-11-10 00:00:00.000000","2011-11-22 00:00:00.000000","2011-11-17 00:00:00.000000"
313,20111111,20111123,20111118,12162,1,100,4,"SO46205",1,1,1,3578.27,3578.27,0,0,2171.2942,2171.2942,3578.27,286.2616,89.4568,\N,\N,"2011-11-11 00:00:00.000000","2011-11-23 00:00:00.000000","2011-11-18 00:00:00.000000"
348,20111111,20111123,20111118,20023,1,19,6,"SO46206",1,1,1,3374.99,3374.99,0,0,1898.0944,1898.0944,3374.99,269.9992,84.3748,\N,\N,"2011-11-11 00:00:00.000000","2011-11-23 00:00:00.000000","2011-11-18 00:00:00.000000"
348,20111111,20111123,20111118,26091,1,100,4,"SO46207",1,1,1,3374.99,3374.99,0,0,1898.0944,1898.0944,3374.99,269.9992,84.3748,\N,\N,"2011-11-11 00:00:00.000000","2011-11-23 00:00:00.000000","2011-11-18 00:00:00.000000"
311,20111111,20111123,20111118,20284,1,6,9,"SO46208",1,1,1,3578.27,3578.27,0,0,2171.2942,2171.2942,3578.27,286.2616,89.4568,\N,\N,"2011-11-11 00:00:00.000000","2011-11-23 00:00:00.000000","2011-11-18 00:00:00.000000"
312,20111111,20111123,20111118,12849,1,100,7,"SO46209",1,1,1,3578.27,3578.27,0,0,2171.2942,2171.2942,3578.27,286.2616,89.4568,\N,\N,"2011-11-11 00:00:00.000000","2011-11-23 00:00:00.000000","2011-11-18 00:00:00.000000"
313,20111111,20111123,20111118,12866,1,100,7,"SO46210",1,1,1,3578.27,3578.27,0,0,2171.2942,2171.2942,3578.27,286.2616,89.4568,\N,\N,"2011-11-11 00:00:00.000000","2011-11-23 00:00:00.000000","2011-11-18 00:00:00.000000"
328,20111112,20111124,20111119,18163,1,100,7,"SO46211",1,1,1,699.0982,699.0982,0,0,413.1463,413.1463,699.0982,55.9279,17.4775,\N,\N,"2011-11-12 00:00:00.000000","2011-11-24 00:00:00.000000","2011-11-19 00:00:00.000000"
312,20111112,20111124,20111119,12173,1,100,4,"SO46212",1,1,1,3578.27,3578.27,0,0,2171.2942,2171.2942,3578.27,286.2616,89.4568,\N,\N,"2011-11-12 00:00:00.000000","2011-11-24 00:00:00.000000","2011-11-19 00:00:00.000000"
314,20111112,20111124,20111119,12050,1,100,4,"SO46213",1,1,1,3578.27,3578.27,0,0,2171.2942,2171.2942,3578.27,286.2616,89.4568,\N,\N,"2011-11-12 00:00:00.000000","2011-11-24 00:00:00.000000","2011-11-19 00:00:00.000000"
311,20111112,20111124,20111119,12072,1,100,4,"SO46214",1,1,1,3578.27,3578.27,0,0,2171.2942,2171.2942,3578.27,286.2616,89.4568,\N,\N,"2011-11-12 00:00:00.000000","2011-11-24 00:00:00.000000","2011-11-19 00:00:00.000000"
310,20111112,20111124,20111119,20429,1,6,9,"SO46215",1,1,1,3578.27,3578.27,0,0,2171.2942,2171.2942,3578.27,286.2616,89.4568,\N,\N,"2011-11-12 00:00:00.000000","2011-11-24 00:00:00.000000","2011-11-19 00:00:00.000000"
314,20111112,20111124,20111119,20456,1,6,9,"SO46216",1,1,1,3578.27,3578.27,0,0,2171.2942,2171.2942,3578.27,286.2616,89.4568,\N,\N,"2011-11-12 00:00:00.000000","2011-11-24 00:00:00.000000","2011-11-19 00:00:00.000000"
314,20111112,20111124,20111119,20614,1,6,9,"SO46217",1,1,1,3578.27,3578.27,0,0,2171.2942,2171.2942,3578.27,286.2616,89.4568,\N,\N,"2011-11-12 00:00:00.000000","2011-11-24 00:00:00.000000","2011-11-19 00:00:00.000000"
313,20111113,20111125,20111120,12820,1,100,7,"SO46218",1,1,1,3578.27,3578.27,0,0,2171.2942,2171.2942,3578.27,286.2616,89.4568,\N,\N,"2011-11-13 00:00:00.000000","2011-11-25 00:00:00.000000","2011-11-20 00:00:00.000000"
313,20111113,20111125,20111120,24332,1,19,6,"SO46219",1,1,1,3578.27,3578.27,0,0,2171.2942,2171.2942,3578.27,286.2616,89.4568,\N,\N,"2011-11-13 00:00:00.000000","2011-11-25 00:00:00.000000","2011-11-20 00:00:00.000000"
313,20111113,20111125,20111120,24344,1,19,6,"SO46220",1,1,1,3578.27,3578.27,0,0,2171.2942,2171.2942,3578.27,286.2616,89.4568,\N,\N,"2011-11-13 00:00:00.000000","2011-11-25 00:00:00.000000","2011-11-20 00:00:00.000000"
314,20111113,20111125,20111120,23866,1,19,6,"SO46221",1,1,1,3578.27,3578.27,0,0,2171.2942,2171.2942,3578.27,286.2616,89.4568,\N,\N,"2011-11-13 00:00:00.000000","2011-11-25 00:00:00.000000","2011-11-20 00:00:00.000000"
336,20111113,20111125,20111120,14891,1,100,4,"SO46222",1,1,1,699.0982,699.0982,0,0,413.1463,413.1463,699.0982,55.9279,17.4775,\N,\N,"2011-11-13 00:00:00.000000","2011-11-25 00:00:00.000000","2011-11-20 00:00:00.000000"
326,20111113,20111125,20111120,14892,1,100,4,"SO46223",1,1,1,699.0982,699.0982,0,0,413.1463,413.1463,699.0982,55.9279,17.4775,\N,\N,"2011-11-13 00:00:00.000000","2011-11-25 00:00:00.000000","2011-11-20 00:00:00.000000"
328,20111113,20111125,20111120,14902,1,100,4,"SO46224",1,1,1,699.0982,699.0982,0,0,413.1463,413.1463,699.0982,55.9279,17.4775,\N,\N,"2011-11-13 00:00:00.000000","2011-11-25 00:00:00.000000","2011-11-20 00:00:00.000000"
313,20111113,20111125,20111120,20261,1,6,9,"SO46225",1,1,1,3578.27,3578.27,0,0,2171.2942,2171.2942,3578.27,286.2616,89.4568,\N,\N,"2011-11-13 00:00:00.000000","2011-11-25 00:00:00.000000","2011-11-20 00:00:00.000000"
313,20111113,20111125,20111120,13263,1,100,7,"SO46226",1,1,1,3578.27,3578.27,0,0,2171.2942,2171.2942,3578.27,286.2616,89.4568,\N,\N,"2011-11-13 00:00:00.000000","2011-11-25 00:00:00.000000","2011-11-20 00:00:00.000000"
351,20111113,20111125,20111120,11990,1,6,9,"SO46227",1,1,1,3374.99,3374.99,0,0,1898.0944,1898.0944,3374.99,269.9992,84.3748,\N,\N,"2011-11-13 00:00:00.000000","2011-11-25 00:00:00.000000","2011-11-20 00:00:00.000000"
349,20111113,20111125,20111120,11993,1,6,9,"SO46228",1,1,1,3374.99,3374.99,0,0,1898.0944,1898.0944,3374.99,269.9992,84.3748,\N,\N,"2011-11-13 00:00:00.000000","2011-11-25 00:00:00.000000","2011-11-20 00:00:00.000000"
344,20111114,20111126,20111121,11395,1,100,8,"SO46229",1,1,1,3399.99,3399.99,0,0,1912.1544,1912.1544,3399.99,271.9992,84.9998,\N,\N,"2011-11-14 00:00:00.000000","2011-11-26 00:00:00.000000","2011-11-21 00:00:00.000000"
344,20111114,20111126,20111121,11493,1,98,10,"SO46230",1,1,1,3399.99,3399.99,0,0,1912.1544,1912.1544,3399.99,271.9992,84.9998,\N,\N,"2011-11-14 00:00:00.000000","2011-11-26 00:00:00.000000","2011-11-21 00:00:00.000000"
310,20111114,20111126,20111121,12016,1,100,4,"SO46231",1,1,1,3578.27,3578.27,0,0,2171.2942,2171.2942,3578.27,286.2616,89.4568,\N,\N,"2011-11-14 00:00:00.000000","2011-11-26 00:00:00.000000","2011-11-21 00:00:00.000000"
311,20111114,20111126,20111121,12058,1,100,4,"SO46232",1,1,1,3578.27,3578.27,0,0,2171.2942,2171.2942,3578.27,286.2616,89.4568,\N,\N,"2011-11-14 00:00:00.000000","2011-11-26 00:00:00.000000","2011-11-21 00:00:00.000000"
314,20111114,20111126,20111121,23867,1,19,6,"SO46233",1,1,1,3578.27,3578.27,0,0,2171.2942,2171.2942,3578.27,286.2616,89.4568,\N,\N,"2011-11-14 00:00:00.000000","2011-11-26 00:00:00.000000","2011-11-21 00:00:00.000000"
312,20111114,20111126,20111121,12110,1,100,4,"SO46234",1,1,1,3578.27,3578.27,0,0,2171.2942,2171.2942,3578.27,286.2616,89.4568,\N,\N,"2011-11-14 00:00:00.000000","2011-11-26 00:00:00.000000","2011-11-21 00:00:00.000000"
312,20111114,20111126,20111121,12151,1,100,4,"SO46235",1,1,1,3578.27,3578.27,0,0,2171.2942,2171.2942,3578.27,286.2616,89.4568,\N,\N,"2011-11-14 00:00:00.000000","2011-11-26 00:00:00.000000","2011-11-21 00:00:00.000000"
350,20111114,20111126,20111121,12001,1,6,9,"SO46236",1,1,1,3374.99,3374.99,0,0,1898.0944,1898.0944,3374.99,269.9992,84.3748,\N,\N,"2011-11-14 00:00:00.000000","2011-11-26 00:00:00.000000","2011-11-21 00:00:00.000000"
312,20111114,20111126,20111121,12843,1,100,7,"SO46237",1,1,1,3578.27,3578.27,0,0,2171.2942,2171.2942,3578.27,286.2616,89.4568,\N,\N,"2011-11-14 00:00:00.000000","2011-11-26 00:00:00.000000","2011-11-21 00:00:00.000000"
311,20111115,20111127,20111122,14838,1,100,8,"SO46238",1,1,1,3578.27,3578.27,0,0,2171.2942,2171.2942,3578.27,286.2616,89.4568,\N,\N,"2011-11-15 00:00:00.000000","2011-11-27 00:00:00.000000","2011-11-22 00:00:00.000000"
312,20111115,20111127,20111122,14927,1,100,8,"SO46239",1,1,1,3578.27,3578.27,0,0,2171.2942,2171.2942,3578.27,286.2616,89.4568,\N,\N,"2011-11-15 00:00:00.000000","2011-11-27 00:00:00.000000","2011-11-22 00:00:00.000000"
314,20111115,20111127,20111122,23868,1,19,6,"SO46240",1,1,1,3578.27,3578.27,0,0,2171.2942,2171.2942,3578.27,286.2616,89.4568,\N,\N,"2011-11-15 00:00:00.000000","2011-11-27 00:00:00.000000","2011-11-22 00:00:00.000000"
345,20111115,20111127,20111122,20034,1,19,6,"SO46241",1,1,1,3399.99,3399.99,0,0,1912.1544,1912.1544,3399.99,271.9992,84.9998,\N,\N,"2011-11-15 00:00:00.000000","2011-11-27 00:00:00.000000","2011-11-22 00:00:00.000000"
314,20111115,20111127,20111122,20423,1,6,9,"SO46242",1,1,1,3578.27,3578.27,0,0,2171.2942,2171.2942,3578.27,286.2616,89.4568,\N,\N,"2011-11-15 00:00:00.000000","2011-11-27 00:00:00.000000","2011-11-22 00:00:00.000000"
311,20111115,20111127,20111122,20613,1,6,9,"SO46243",1,1,1,3578.27,3578.27,0,0,2171.2942,2171.2942,3578.27,286.2616,89.4568,\N,\N,"2011-11-15 00:00:00.000000","2011-11-27 00:00:00.000000","2011-11-22 00:00:00.000000"
310,20111115,20111127,20111122,13504,1,100,7,"SO46244",1,1,1,3578.27,3578.27,0,0,2171.2942,2171.2942,3578.27,286.2616,89.4568,\N,\N,"2011-11-15 00:00:00.000000","2011-11-27 00:00:00.000000","2011-11-22 00:00:00.000000"
314,20111115,20111127,20111122,14967,1,100,8,"SO46245",1,1,1,3578.27,3578.27,0,0,2171.2942,2171.2942,3578.27,286.2616,89.4568,\N,\N,"2011-11-15 00:00:00.000000","2011-11-27 00:00:00.000000","2011-11-22 00:00:00.000000"
314,20111116,20111128,20111123,12143,1,100,1,"SO46246",1,1,1,3578.27,3578.27,0,0,2171.2942,2171.2942,3578.27,286.2616,89.4568,\N,\N,"2011-11-16 00:00:00.000000","2011-11-28 00:00:00.000000","2011-11-23 00:00:00.000000"
334,20111116,20111128,20111123,14882,1,100,4,"SO46247",1,1,1,699.0982,699.0982,0,0,413.1463,413.1463,699.0982,55.9279,17.4775,\N,\N,"2011-11-16 00:00:00.000000","2011-11-28 00:00:00.000000","2011-11-23 00:00:00.000000"
324,20111116,20111128,20111123,14896,1,100,4,"SO46248",1,1,1,699.0982,699.0982,0,0,413.1463,413.1463,699.0982,55.9279,17.4775,\N,\N,"2011-11-16 00:00:00.000000","2011-11-28 00:00:00.000000","2011-11-23 00:00:00.000000"
347,20111116,20111128,20111123,12000,1,6,9,"SO46249",1,1,1,3399.99,3399.99,0,0,1912.1544,1912.1544,3399.99,271.9992,84.9998,\N,\N,"2011-11-16 00:00:00.000000","2011-11-28 00:00:00.000000","2011-11-23 00:00:00.000000"
313,20111116,20111128,20111123,14940,1,100,8,"SO46250",1,1,1,3578.27,3578.27,0,0,2171.2942,2171.2942,3578.27,286.2616,89.4568,\N,\N,"2011-11-16 00:00:00.000000","2011-11-28 00:00:00.000000","2011-11-23 00:00:00.000000"
350,20111116,20111128,20111123,11998,1,6,9,"SO46251",1,1,1,3374.99,3374.99,0,0,1898.0944,1898.0944,3374.99,269.9992,84.3748,\N,\N,"2011-11-16 00:00:00.000000","2011-11-28 00:00:00.000000","2011-11-23 00:00:00.000000"
313,20111117,20111129,20111124,14939,1,100,8,"SO46252",1,1,1,3578.27,3578.27,0,0,2171.2942,2171.2942,3578.27,286.2616,89.4568,\N,\N,"2011-11-17 00:00:00.000000","2011-11-29 00:00:00.000000","2011-11-24 00:00:00.000000"
311,20111117,20111129,20111124,12082,1,100,4,"SO46253",1,1,1,3578.27,3578.27,0,0,2171.2942,2171.2942,3578.27,286.2616,89.4568,\N,\N,"2011-11-17 00:00:00.000000","2011-11-29 00:00:00.000000","2011-11-24 00:00:00.000000"
310,20111117,20111129,20111124,12096,1,100,4,"SO46254",1,1,1,3578.27,3578.27,0,0,2171.2942,2171.2942,3578.27,286.2616,89.4568,\N,\N,"2011-11-17 00:00:00.000000","2011-11-29 00:00:00.000000","2011-11-24 00:00:00.000000"
312,20111117,20111129,20111124,20451,1,6,9,"SO46255",1,1,1,3578.27,3578.27,0,0,2171.2942,2171.2942,3578.27,286.2616,89.4568,\N,\N,"2011-11-17 00:00:00.000000","2011-11-29 00:00:00.000000","2011-11-24 00:00:00.000000"
314,20111117,20111129,20111124,15652,1,98,10,"SO46256",1,1,1,3578.27,3578.27,0,0,2171.2942,2171.2942,3578.27,286.2616,89.4568,\N,\N,"2011-11-17 00:00:00.000000","2011-11-29 00:00:00.000000","2011-11-24 00:00:00.000000"
346,20111117,20111129,20111124,11992,1,6,9,"SO46257",1,1,1,3399.99,3399.99,0,0,1912.1544,1912.1544,3399.99,271.9992,84.9998,\N,\N,"2011-11-17 00:00:00.000000","2011-11-29 00:00:00.000000","2011-11-24 00:00:00.000000"
313,20111118,20111130,20111125,12160,1,100,1,"SO46258",1,1,1,3578.27,3578.27,0,0,2171.2942,2171.2942,3578.27,286.2616,89.4568,\N,\N,"2011-11-18 00:00:00.000000","2011-11-30 00:00:00.000000","2011-11-25 00:00:00.000000"
313,20111118,20111130,20111125,12025,1,100,1,"SO46259",1,1,1,3578.27,3578.27,0,0,2171.2942,2171.2942,3578.27,286.2616,89.4568,\N,\N,"2011-11-18 00:00:00.000000","2011-11-30 00:00:00.000000","2011-11-25 00:00:00.000000"
310,20111118,20111130,20111125,12108,1,100,1,"SO46260",1,1,1,3578.27,3578.27,0,0,2171.2942,2171.2942,3578.27,286.2616,89.4568,\N,\N,"2011-11-18 00:00:00.000000","2011-11-30 00:00:00.000000","2011-11-25 00:00:00.000000"
348,20111118,20111130,20111125,26075,1,100,1,"SO46261",1,1,1,3374.99,3374.99,0,0,1898.0944,1898.0944,3374.99,269.9992,84.3748,\N,\N,"2011-11-18 00:00:00.000000","2011-11-30 00:00:00.000000","2011-11-25 00:00:00.000000"
313,20111118,20111130,20111125,20445,1,6,9,"SO46262",1,1,1,3578.27,3578.27,0,0,2171.2942,2171.2942,3578.27,286.2616,89.4568,\N,\N,"2011-11-18 00:00:00.000000","2011-11-30 00:00:00.000000","2011-11-25 00:00:00.000000"
310,20111118,20111130,20111125,12834,1,100,7,"SO46263",1,1,1,3578.27,3578.27,0,0,2171.2942,2171.2942,3578.27,286.2616,89.4568,\N,\N,"2011-11-18 00:00:00.000000","2011-11-30 00:00:00.000000","2011-11-25 00:00:00.000000"
350,20111119,20111201,20111126,28491,1,100,7,"SO46264",1,1,1,3374.99,3374.99,0,0,1898.0944,1898.0944,3374.99,269.9992,84.3748,\N,\N,"2011-11-19 00:00:00.000000","2011-12-01 00:00:00.000000","2011-11-26 00:00:00.000000"
312,20111119,20111201,20111126,11934,1,100,1,"SO46265",1,1,1,3578.27,3578.27,0,0,2171.2942,2171.2942,3578.27,286.2616,89.4568,\N,\N,"2011-11-19 00:00:00.000000","2011-12-01 00:00:00.000000","2011-11-26 00:00:00.000000"
314,20111119,20111201,20111126,20425,1,6,9,"SO46266",1,1,1,3578.27,3578.27,0,0,2171.2942,2171.2942,3578.27,286.2616,89.4568,\N,\N,"2011-11-19 00:00:00.000000","2011-12-01 00:00:00.000000","2011-11-26 00:00:00.000000"
314,20111119,20111201,20111126,20448,1,6,9,"SO46267",1,1,1,3578.27,3578.27,0,0,2171.2942,2171.2942,3578.27,286.2616,89.4568,\N,\N,"2011-11-19 00:00:00.000000","2011-12-01 00:00:00.000000","2011-11-26 00:00:00.000000"
311,20111119,20111201,20111126,20615,1,6,9,"SO46268",1,1,1,3578.27,3578.27,0,0,2171.2942,2171.2942,3578.27,286.2616,89.4568,\N,\N,"2011-11-19 00:00:00.000000","2011-12-01 00:00:00.000000","2011-11-26 00:00:00.000000"
312,20111119,20111201,20111126,15638,1,98,10,"SO46269",1,1,1,3578.27,3578.27,0,0,2171.2942,2171.2942,3578.27,286.2616,89.4568,\N,\N,"2011-11-19 00:00:00.000000","2011-12-01 00:00:00.000000","2011-11-26 00:00:00.000000"
312,20111120,20111202,20111127,24309,1,19,6,"SO46270",1,1,1,3578.27,3578.27,0,0,2171.2942,2171.2942,3578.27,286.2616,89.4568,\N,\N,"2011-11-20 00:00:00.000000","2011-12-02 00:00:00.000000","2011-11-27 00:00:00.000000"
313,20111120,20111202,20111127,12172,1,100,4,"SO46271",1,1,1,3578.27,3578.27,0,0,2171.2942,2171.2942,3578.27,286.2616,89.4568,\N,\N,"2011-11-20 00:00:00.000000","2011-12-02 00:00:00.000000","2011-11-27 00:00:00.000000"
311,20111120,20111202,20111127,12116,1,100,1,"SO46272",1,1,1,3578.27,3578.27,0,0,2171.2942,2171.2942,3578.27,286.2616,89.4568,\N,\N,"2011-11-20 00:00:00.000000","2011-12-02 00:00:00.000000","2011-11-27 00:00:00.000000"
351,20111120,20111202,20111127,26060,1,100,4,"SO46273",1,1,1,3374.99,3374.99,0,0,1898.0944,1898.0944,3374.99,269.9992,84.3748,\N,\N,"2011-11-20 00:00:00.000000","2011-12-02 00:00:00.000000","2011-11-27 00:00:00.000000"
350,20111120,20111202,20111127,26070,1,100,4,"SO46274",1,1,1,3374.99,3374.99,0,0,1898.0944,1898.0944,3374.99,269.9992,84.3748,\N,\N,"2011-11-20 00:00:00.000000","2011-12-02 00:00:00.000000","2011-11-27 00:00:00.000000"
313,20111120,20111202,20111127,20450,1,6,9,"SO46275",1,1,1,3578.27,3578.27,0,0,2171.2942,2171.2942,3578.27,286.2616,89.4568,\N,\N,"2011-11-20 00:00:00.000000","2011-12-02 00:00:00.000000","2011-11-27 00:00:00.000000"
311,20111120,20111202,20111127,20612,1,6,9,"SO46276",1,1,1,3578.27,3578.27,0,0,2171.2942,2171.2942,3578.27,286.2616,89.4568,\N,\N,"2011-11-20 00:00:00.000000","2011-12-02 00:00:00.000000","2011-11-27 00:00:00.000000"
322,20111121,20111203,20111128,19482,1,100,8,"SO46277",1,1,1,699.0982,699.0982,0,0,413.1463,413.1463,699.0982,55.9279,17.4775,\N,\N,"2011-11-21 00:00:00.000000","2011-12-03 00:00:00.000000","2011-11-28 00:00:00.000000"
326,20111121,20111203,20111128,19496,1,100,8,"SO46278",1,1,1,699.0982,699.0982,0,0,413.1463,413.1463,699.0982,55.9279,17.4775,\N,\N,"2011-11-21 00:00:00.000000","2011-12-03 00:00:00.000000","2011-11-28 00:00:00.000000"
312,20111121,20111203,20111128,12155,1,100,1,"SO46279",1,1,1,3578.27,3578.27,0,0,2171.2942,2171.2942,3578.27,286.2616,89.4568,\N,\N,"2011-11-21 00:00:00.000000","2011-12-03 00:00:00.000000","2011-11-28 00:00:00.000000"
311,20111121,20111203,20111128,12121,1,100,1,"SO46280",1,1,1,3578.27,3578.27,0,0,2171.2942,2171.2942,3578.27,286.2616,89.4568,\N,\N,"2011-11-21 00:00:00.000000","2011-12-03 00:00:00.000000","2011-11-28 00:00:00.000000"
347,20111121,20111203,20111128,26057,1,100,4,"SO46281",1,1,1,3399.99,3399.99,0,0,1912.1544,1912.1544,3399.99,271.9992,84.9998,\N,\N,"2011-11-21 00:00:00.000000","2011-12-03 00:00:00.000000","2011-11-28 00:00:00.000000"
345,20111121,20111203,20111128,26058,1,100,4,"SO46282",1,1,1,3399.99,3399.99,0,0,1912.1544,1912.1544,3399.99,271.9992,84.9998,\N,\N,"2011-11-21 00:00:00.000000","2011-12-03 00:00:00.000000","2011-11-28 00:00:00.000000"
351,20111121,20111203,20111128,26093,1,100,4,"SO46283",1,1,1,3374.99,3374.99,0,0,1898.0944,1898.0944,3374.99,269.9992,84.3748,\N,\N,"2011-11-21 00:00:00.000000","2011-12-03 00:00:00.000000","2011-11-28 00:00:00.000000"
328,20111121,20111203,20111128,14888,1,100,1,"SO46284",1,1,1,699.0982,699.0982,0,0,413.1463,413.1463,699.0982,55.9279,17.4775,\N,\N,"2011-11-21 00:00:00.000000","2011-12-03 00:00:00.000000","2011-11-28 00:00:00.000000"
346,20111121,20111203,20111128,12005,1,6,9,"SO46285",1,1,1,3399.99,3399.99,0,0,1912.1544,1912.1544,3399.99,271.9992,84.9998,\N,\N,"2011-11-21 00:00:00.000000","2011-12-03 00:00:00.000000","2011-11-28 00:00:00.000000"
338,20111122,20111204,20111129,18175,1,100,7,"SO46286",1,1,1,699.0982,699.0982,0,0,413.1463,413.1463,699.0982,55.9279,17.4775,\N,\N,"2011-11-22 00:00:00.000000","2011-12-04 00:00:00.000000","2011-11-29 00:00:00.000000"
312,20111122,20111204,20111129,12026,1,100,4,"SO46287",1,1,1,3578.27,3578.27,0,0,2171.2942,2171.2942,3578.27,286.2616,89.4568,\N,\N,"2011-11-22 00:00:00.000000","2011-12-04 00:00:00.000000","2011-11-29 00:00:00.000000"
311,20111122,20111204,20111129,12059,1,100,1,"SO46288",1,1,1,3578.27,3578.27,0,0,2171.2942,2171.2942,3578.27,286.2616,89.4568,\N,\N,"2011-11-22 00:00:00.000000","2011-12-04 00:00:00.000000","2011-11-29 00:00:00.000000"
313,20111122,20111204,20111129,12075,1,100,1,"SO46289",1,1,1,3578.27,3578.27,0,0,2171.2942,2171.2942,3578.27,286.2616,89.4568,\N,\N,"2011-11-22 00:00:00.000000","2011-12-04 00:00:00.000000","2011-11-29 00:00:00.000000"
351,20111122,20111204,20111129,26066,1,100,4,"SO46290",1,1,1,3374.99,3374.99,0,0,1898.0944,1898.0944,3374.99,269.9992,84.3748,\N,\N,"2011-11-22 00:00:00.000000","2011-12-04 00:00:00.000000","2011-11-29 00:00:00.000000"
313,20111122,20111204,20111129,20258,1,6,9,"SO46291",1,1,1,3578.27,3578.27,0,0,2171.2942,2171.2942,3578.27,286.2616,89.4568,\N,\N,"2011-11-22 00:00:00.000000","2011-12-04 00:00:00.000000","2011-11-29 00:00:00.000000"
313,20111122,20111204,20111129,20418,1,6,9,"SO46292",1,1,1,3578.27,3578.27,0,0,2171.2942,2171.2942,3578.27,286.2616,89.4568,\N,\N,"2011-11-22 00:00:00.000000","2011-12-04 00:00:00.000000","2011-11-29 00:00:00.000000"
311,20111122,20111204,20111129,14951,1,100,8,"SO46293",1,1,1,3578.27,3578.27,0,0,2171.2942,2171.2942,3578.27,286.2616,89.4568,\N,\N,"2011-11-22 00:00:00.000000","2011-12-04 00:00:00.000000","2011-11-29 00:00:00.000000"
345,20111122,20111204,20111129,11986,1,6,9,"SO46294",1,1,1,3399.99,3399.99,0,0,1912.1544,1912.1544,3399.99,271.9992,84.9998,\N,\N,"2011-11-22 00:00:00.000000","2011-12-04 00:00:00.000000","2011-11-29 00:00:00.000000"
330,20111123,20111205,20111130,20567,1,98,10,"SO46295",1,1,1,699.0982,699.0982,0,0,413.1463,413.1463,699.0982,55.9279,17.4775,\N,\N,"2011-11-23 00:00:00.000000","2011-12-05 00:00:00.000000","2011-11-30 00:00:00.000000"
314,20111123,20111205,20111130,12170,1,100,4,"SO46296",1,1,1,3578.27,3578.27,0,0,2171.2942,2171.2942,3578.27,286.2616,89.4568,\N,\N,"2011-11-23 00:00:00.000000","2011-12-05 00:00:00.000000","2011-11-30 00:00:00.000000"
313,20111123,20111205,20111130,12033,1,100,1,"SO46297",1,1,1,3578.27,3578.27,0,0,2171.2942,2171.2942,3578.27,286.2616,89.4568,\N,\N,"2011-11-23 00:00:00.000000","2011-12-05 00:00:00.000000","2011-11-30 00:00:00.000000"
314,20111123,20111205,20111130,12071,1,100,4,"SO46298",1,1,1,3578.27,3578.27,0,0,2171.2942,2171.2942,3578.27,286.2616,89.4568,\N,\N,"2011-11-23 00:00:00.000000","2011-12-05 00:00:00.000000","2011-11-30 00:00:00.000000"
314,20111123,20111205,20111130,20264,1,6,9,"SO46299",1,1,1,3578.27,3578.27,0,0,2171.2942,2171.2942,3578.27,286.2616,89.4568,\N,\N,"2011-11-23 00:00:00.000000","2011-12-05 00:00:00.000000","2011-11-30 00:00:00.000000"
314,20111123,20111205,20111130,20452,1,6,9,"SO46300",1,1,1,3578.27,3578.27,0,0,2171.2942,2171.2942,3578.27,286.2616,89.4568,\N,\N,"2011-11-23 00:00:00.000000","2011-12-05 00:00:00.000000","2011-11-30 00:00:00.000000"
313,20111124,20111206,20111201,12817,1,100,7,"SO46301",1,1,1,3578.27,3578.27,0,0,2171.2942,2171.2942,3578.27,286.2616,89.4568,\N,\N,"2011-11-24 00:00:00.000000","2011-12-06 00:00:00.000000","2011-12-01 00:00:00.000000"
310,20111124,20111206,20111201,12083,1,100,1,"SO46302",1,1,1,3578.27,3578.27,0,0,2171.2942,2171.2942,3578.27,286.2616,89.4568,\N,\N,"2011-11-24 00:00:00.000000","2011-12-06 00:00:00.000000","2011-12-01 00:00:00.000000"
340,20111124,20111206,20111201,25922,1,6,9,"SO46303",1,1,1,699.0982,699.0982,0,0,413.1463,413.1463,699.0982,55.9279,17.4775,\N,\N,"2011-11-24 00:00:00.000000","2011-12-06 00:00:00.000000","2011-12-01 00:00:00.000000"
350,20111124,20111206,20111201,12002,1,6,9,"SO46304",1,1,1,3374.99,3374.99,0,0,1898.0944,1898.0944,3374.99,269.9992,84.3748,\N,\N,"2011-11-24 00:00:00.000000","2011-12-06 00:00:00.000000","2011-12-01 00:00:00.000000"
311,20111124,20111206,20111201,14952,1,100,8,"SO46305",1,1,1,3578.27,3578.27,0,0,2171.2942,2171.2942,3578.27,286.2616,89.4568,\N,\N,"2011-11-24 00:00:00.000000","2011-12-06 00:00:00.000000","2011-12-01 00:00:00.000000"
311,20111125,20111207,20111202,12164,1,100,4,"SO46306",1,1,1,3578.27,3578.27,0,0,2171.2942,2171.2942,3578.27,286.2616,89.4568,\N,\N,"2011-11-25 00:00:00.000000","2011-12-07 00:00:00.000000","2011-12-02 00:00:00.000000"
314,20111125,20111207,20111202,20427,1,6,9,"SO46307",1,1,1,3578.27,3578.27,0,0,2171.2942,2171.2942,3578.27,286.2616,89.4568,\N,\N,"2011-11-25 00:00:00.000000","2011-12-07 00:00:00.000000","2011-12-02 00:00:00.000000"
310,20111125,20111207,20111202,20609,1,6,9,"SO46308",1,1,1,3578.27,3578.27,0,0,2171.2942,2171.2942,3578.27,286.2616,89.4568,\N,\N,"2011-11-25 00:00:00.000000","2011-12-07 00:00:00.000000","2011-12-02 00:00:00.000000"
350,20111125,20111207,20111202,11994,1,6,9,"SO46309",1,1,1,3374.99,3374.99,0,0,1898.0944,1898.0944,3374.99,269.9992,84.3748,\N,\N,"2011-11-25 00:00:00.000000","2011-12-07 00:00:00.000000","2011-12-02 00:00:00.000000"
336,20111125,20111207,20111202,25938,1,6,9,"SO46310",1,1,1,699.0982,699.0982,0,0,413.1463,413.1463,699.0982,55.9279,17.4775,\N,\N,"2011-11-25 00:00:00.000000","2011-12-07 00:00:00.000000","2011-12-02 00:00:00.000000"
314,20111126,20111208,20111203,12841,1,100,7,"SO46311",1,1,1,3578.27,3578.27,0,0,2171.2942,2171.2942,3578.27,286.2616,89.4568,\N,\N,"2011-11-26 00:00:00.000000","2011-12-08 00:00:00.000000","2011-12-03 00:00:00.000000"
314,20111127,20111209,20111204,12153,1,100,4,"SO46312",1,1,1,3578.27,3578.27,0,0,2171.2942,2171.2942,3578.27,286.2616,89.4568,\N,\N,"2011-11-27 00:00:00.000000","2011-12-09 00:00:00.000000","2011-12-04 00:00:00.000000"
313,20111127,20111209,20111204,12078,1,100,1,"SO46313",1,1,1,3578.27,3578.27,0,0,2171.2942,2171.2942,3578.27,286.2616,89.4568,\N,\N,"2011-11-27 00:00:00.000000","2011-12-09 00:00:00.000000","2011-12-04 00:00:00.000000"
312,20111127,20111209,20111204,12112,1,100,4,"SO46314",1,1,1,3578.27,3578.27,0,0,2171.2942,2171.2942,3578.27,286.2616,89.4568,\N,\N,"2011-11-27 00:00:00.000000","2011-12-09 00:00:00.000000","2011-12-04 00:00:00.000000"
311,20111127,20111209,20111204,12142,1,100,1,"SO46315",1,1,1,3578.27,3578.27,0,0,2171.2942,2171.2942,3578.27,286.2616,89.4568,\N,\N,"2011-11-27 00:00:00.000000","2011-12-09 00:00:00.000000","2011-12-04 00:00:00.000000"
351,20111127,20111209,20111204,26083,1,100,4,"SO46316",1,1,1,3374.99,3374.99,0,0,1898.0944,1898.0944,3374.99,269.9992,84.3748,\N,\N,"2011-11-27 00:00:00.000000","2011-12-09 00:00:00.000000","2011-12-04 00:00:00.000000"
334,20111127,20111209,20111204,14884,1,100,4,"SO46317",1,1,1,699.0982,699.0982,0,0,413.1463,413.1463,699.0982,55.9279,17.4775,\N,\N,"2011-11-27 00:00:00.000000","2011-12-09 00:00:00.000000","2011-12-04 00:00:00.000000"
312,20111127,20111209,20111204,20444,1,6,9,"SO46318",1,1,1,3578.27,3578.27,0,0,2171.2942,2171.2942,3578.27,286.2616,89.4568,\N,\N,"2011-11-27 00:00:00.000000","2011-12-09 00:00:00.000000","2011-12-04 00:00:00.000000"
311,20111128,20111210,20111205,12103,1,100,4,"SO46319",1,1,1,3578.27,3578.27,0,0,2171.2942,2171.2942,3578.27,286.2616,89.4568,\N,\N,"2011-11-28 00:00:00.000000","2011-12-10 00:00:00.000000","2011-12-05 00:00:00.000000"
351,20111128,20111210,20111205,26084,1,100,4,"SO46320",1,1,1,3374.99,3374.99,0,0,1898.0944,1898.0944,3374.99,269.9992,84.3748,\N,\N,"2011-11-28 00:00:00.000000","2011-12-10 00:00:00.000000","2011-12-05 00:00:00.000000"
330,20111128,20111210,20111205,14894,1,100,1,"SO46321",1,1,1,699.0982,699.0982,0,0,413.1463,413.1463,699.0982,55.9279,17.4775,\N,\N,"2011-11-28 00:00:00.000000","2011-12-10 00:00:00.000000","2011-12-05 00:00:00.000000"
313,20111129,20111211,20111206,12440,1,100,4,"SO46390",1,1,1,3578.27,3578.27,0,0,2171.2942,2171.2942,3578.27,286.2616,89.4568,\N,\N,"2011-11-29 00:00:00.000000","2011-12-11 00:00:00.000000","2011-12-06 00:00:00.000000"
312,20111129,20111211,20111206,20995,1,6,9,"SO46391",1,1,1,3578.27,3578.27,0,0,2171.2942,2171.2942,3578.27,286.2616,89.4568,\N,\N,"2011-11-29 00:00:00.000000","2011-12-11 00:00:00.000000","2011-12-06 00:00:00.000000"
313,20111129,20111211,20111206,13537,1,100,7,"SO46392",1,1,1,3578.27,3578.27,0,0,2171.2942,2171.2942,3578.27,286.2616,89.4568,\N,\N,"2011-11-29 00:00:00.000000","2011-12-11 00:00:00.000000","2011-12-06 00:00:00.000000"
314,20111129,20111211,20111206,15695,1,98,10,"SO46393",1,1,1,3578.27,3578.27,0,0,2171.2942,2171.2942,3578.27,286.2616,89.4568,\N,\N,"2011-11-29 00:00:00.000000","2011-12-11 00:00:00.000000","2011-12-06 00:00:00.000000"
314,20111130,20111212,20111207,15055,1,100,8,"SO46394",1,1,1,3578.27,3578.27,0,0,2171.2942,2171.2942,3578.27,286.2616,89.4568,\N,\N,"2011-11-30 00:00:00.000000","2011-12-12 00:00:00.000000","2011-12-07 00:00:00.000000"
346,20111130,20111212,20111207,11496,1,98,10,"SO46395",1,1,1,3399.99,3399.99,0,0,1912.1544,1912.1544,3399.99,271.9992,84.9998,\N,\N,"2011-11-30 00:00:00.000000","2011-12-12 00:00:00.000000","2011-12-07 00:00:00.000000"
311,20111130,20111212,20111207,12442,1,100,4,"SO46396",1,1,1,3578.27,3578.27,0,0,2171.2942,2171.2942,3578.27,286.2616,89.4568,\N,\N,"2011-11-30 00:00:00.000000","2011-12-12 00:00:00.000000","2011-12-07 00:00:00.000000"
328,20111130,20111212,20111207,27014,1,19,6,"SO46397",1,1,1,699.0982,699.0982,0,0,413.1463,413.1463,699.0982,55.9279,17.4775,\N,\N,"2011-11-30 00:00:00.000000","2011-12-12 00:00:00.000000","2011-12-07 00:00:00.000000"
311,20111130,20111212,20111207,20992,1,6,9,"SO46398",1,1,1,3578.27,3578.27,0,0,2171.2942,2171.2942,3578.27,286.2616,89.4568,\N,\N,"2011-11-30 00:00:00.000000","2011-12-12 00:00:00.000000","2011-12-07 00:00:00.000000"
314,20111130,20111212,20111207,20820,1,6,9,"SO46399",1,1,1,3578.27,3578.27,0,0,2171.2942,2171.2942,3578.27,286.2616,89.4568,\N,\N,"2011-11-30 00:00:00.000000","2011-12-12 00:00:00.000000","2011-12-07 00:00:00.000000"
314,20111130,20111212,20111207,20987,1,6,9,"SO46400",1,1,1,3578.27,3578.27,0,0,2171.2942,2171.2942,3578.27,286.2616,89.4568,\N,\N,"2011-11-30 00:00:00.000000","2011-12-12 00:00:00.000000","2011-12-07 00:00:00.000000"
310,20111130,20111212,20111207,20993,1,6,9,"SO46401",1,1,1,3578.27,3578.27,0,0,2171.2942,2171.2942,3578.27,286.2616,89.4568,\N,\N,"2011-11-30 00:00:00.000000","2011-12-12 00:00:00.000000","2011-12-07 00:00:00.000000"
313,20111130,20111212,20111207,20616,1,6,9,"SO46402",1,1,1,3578.27,3578.27,0,0,2171.2942,2171.2942,3578.27,286.2616,89.4568,\N,\N,"2011-11-30 00:00:00.000000","2011-12-12 00:00:00.000000","2011-12-07 00:00:00.000000"
314,20111130,20111212,20111207,14990,1,100,8,"SO46403",1,1,1,3578.27,3578.27,0,0,2171.2942,2171.2942,3578.27,286.2616,89.4568,\N,\N,"2011-11-30 00:00:00.000000","2011-12-12 00:00:00.000000","2011-12-07 00:00:00.000000"
312,20111130,20111212,20111207,15692,1,98,10,"SO46404",1,1,1,3578.27,3578.27,0,0,2171.2942,2171.2942,3578.27,286.2616,89.4568,\N,\N,"2011-11-30 00:00:00.000000","2011-12-12 00:00:00.000000","2011-12-07 00:00:00.000000"
310,20111130,20111212,20111207,20994,1,6,9,"SO46405",1,1,1,3578.27,3578.27,0,0,2171.2942,2171.2942,3578.27,286.2616,89.4568,\N,\N,"2011-11-30 00:00:00.000000","2011-12-12 00:00:00.000000","2011-12-07 00:00:00.000000"
312,20111201,20111213,20111208,12779,1,100,1,"SO46406",1,1,1,3578.27,3578.27,0,0,2171.2942,2171.2942,3578.27,286.2616,89.4568,\N,\N,"2011-12-01 00:00:00.000000","2011-12-13 00:00:00.000000","2011-12-08 00:00:00.000000"
342,20111201,20111213,20111208,27026,1,19,6,"SO46407",1,1,1,699.0982,699.0982,0,0,413.1463,413.1463,699.0982,55.9279,17.4775,\N,\N,"2011-12-01 00:00:00.000000","2011-12-13 00:00:00.000000","2011-12-08 00:00:00.000000"
351,20111201,20111213,20111208,12011,1,6,9,"SO46408",1,1,1,3374.99,3374.99,0,0,1898.0944,1898.0944,3374.99,269.9992,84.3748,\N,\N,"2011-12-01 00:00:00.000000","2011-12-13 00:00:00.000000","2011-12-08 00:00:00.000000"
313,20111202,20111214,20111209,15073,1,100,8,"SO46409",1,1,1,3578.27,3578.27,0,0,2171.2942,2171.2942,3578.27,286.2616,89.4568,\N,\N,"2011-12-02 00:00:00.000000","2011-12-14 00:00:00.000000","2011-12-09 00:00:00.000000"
348,20111202,20111214,20111209,11548,1,98,10,"SO46410",1,1,1,3374.99,3374.99,0,0,1898.0944,1898.0944,3374.99,269.9992,84.3748,\N,\N,"2011-12-02 00:00:00.000000","2011-12-14 00:00:00.000000","2011-12-09 00:00:00.000000"
314,20111202,20111214,20111209,24661,1,19,6,"SO46411",1,1,1,3578.27,3578.27,0,0,2171.2942,2171.2942,3578.27,286.2616,89.4568,\N,\N,"2011-12-02 00:00:00.000000","2011-12-14 00:00:00.000000","2011-12-09 00:00:00.000000"
311,20111202,20111214,20111209,24493,1,19,6,"SO46412",1,1,1,3578.27,3578.27,0,0,2171.2942,2171.2942,3578.27,286.2616,89.4568,\N,\N,"2011-12-02 00:00:00.000000","2011-12-14 00:00:00.000000","2011-12-09 00:00:00.000000"
346,20111202,20111214,20111209,20075,1,19,6,"SO46413",1,1,1,3399.99,3399.99,0,0,1912.1544,1912.1544,3399.99,271.9992,84.9998,\N,\N,"2011-12-02 00:00:00.000000","2011-12-14 00:00:00.000000","2011-12-09 00:00:00.000000"
338,20111202,20111214,20111209,15006,1,100,4,"SO46414",1,1,1,699.0982,699.0982,0,0,413.1463,413.1463,699.0982,55.9279,17.4775,\N,\N,"2011-12-02 00:00:00.000000","2011-12-14 00:00:00.000000","2011-12-09 00:00:00.000000"
310,20111202,20111214,20111209,20819,1,6,9,"SO46415",1,1,1,3578.27,3578.27,0,0,2171.2942,2171.2942,3578.27,286.2616,89.4568,\N,\N,"2011-12-02 00:00:00.000000","2011-12-14 00:00:00.000000","2011-12-09 00:00:00.000000"
313,20111203,20111215,20111210,12181,1,100,4,"SO46416",1,1,1,3578.27,3578.27,0,0,2171.2942,2171.2942,3578.27,286.2616,89.4568,\N,\N,"2011-12-03 00:00:00.000000","2011-12-15 00:00:00.000000","2011-12-10 00:00:00.000000"
314,20111203,20111215,20111210,12441,1,100,4,"SO46417",1,1,1,3578.27,3578.27,0,0,2171.2942,2171.2942,3578.27,286.2616,89.4568,\N,\N,"2011-12-03 00:00:00.000000","2011-12-15 00:00:00.000000","2011-12-10 00:00:00.000000"
312,20111203,20111215,20111210,20988,1,6,9,"SO46418",1,1,1,3578.27,3578.27,0,0,2171.2942,2171.2942,3578.27,286.2616,89.4568,\N,\N,"2011-12-03 00:00:00.000000","2011-12-15 00:00:00.000000","2011-12-10 00:00:00.000000"
344,20111203,20111215,20111210,12021,1,6,9,"SO46419",1,1,1,3399.99,3399.99,0,0,1912.1544,1912.1544,3399.99,271.9992,84.9998,\N,\N,"2011-12-03 00:00:00.000000","2011-12-15 00:00:00.000000","2011-12-10 00:00:00.000000"
313,20111203,20111215,20111210,13511,1,100,7,"SO46420",1,1,1,3578.27,3578.27,0,0,2171.2942,2171.2942,3578.27,286.2616,89.4568,\N,\N,"2011-12-03 00:00:00.000000","2011-12-15 00:00:00.000000","2011-12-10 00:00:00.000000"
336,20111203,20111215,20111210,25949,1,6,9,"SO46421",1,1,1,699.0982,699.0982,0,0,413.1463,413.1463,699.0982,55.9279,17.4775,\N,\N,"2011-12-03 00:00:00.000000","2011-12-15 00:00:00.000000","2011-12-10 00:00:00.000000"
311,20111204,20111216,20111211,12884,1,100,4,"SO46422",1,1,1,3578.27,3578.27,0,0,2171.2942,2171.2942,3578.27,286.2616,89.4568,\N,\N,"2011-12-04 00:00:00.000000","2011-12-16 00:00:00.000000","2011-12-11 00:00:00.000000"
313,20111204,20111216,20111211,12362,1,100,4,"SO46423",1,1,1,3578.27,3578.27,0,0,2171.2942,2171.2942,3578.27,286.2616,89.4568,\N,\N,"2011-12-04 00:00:00.000000","2011-12-16 00:00:00.000000","2011-12-11 00:00:00.000000"
312,20111204,20111216,20111211,12435,1,100,4,"SO46424",1,1,1,3578.27,3578.27,0,0,2171.2942,2171.2942,3578.27,286.2616,89.4568,\N,\N,"2011-12-04 00:00:00.000000","2011-12-16 00:00:00.000000","2011-12-11 00:00:00.000000"
313,20111204,20111216,20111211,24496,1,19,6,"SO46425",1,1,1,3578.27,3578.27,0,0,2171.2942,2171.2942,3578.27,286.2616,89.4568,\N,\N,"2011-12-04 00:00:00.000000","2011-12-16 00:00:00.000000","2011-12-11 00:00:00.000000"
344,20111204,20111216,20111211,26107,1,100,4,"SO46426",1,1,1,3399.99,3399.99,0,0,1912.1544,1912.1544,3399.99,271.9992,84.9998,\N,\N,"2011-12-04 00:00:00.000000","2011-12-16 00:00:00.000000","2011-12-11 00:00:00.000000"
350,20111204,20111216,20111211,20182,1,19,6,"SO46427",1,1,1,3374.99,3374.99,0,0,1898.0944,1898.0944,3374.99,269.9992,84.3748,\N,\N,"2011-12-04 00:00:00.000000","2011-12-16 00:00:00.000000","2011-12-11 00:00:00.000000"
311,20111204,20111216,20111211,20629,1,6,9,"SO46428",1,1,1,3578.27,3578.27,0,0,2171.2942,2171.2942,3578.27,286.2616,89.4568,\N,\N,"2011-12-04 00:00:00.000000","2011-12-16 00:00:00.000000","2011-12-11 00:00:00.000000"
345,20111205,20111217,20111212,11428,1,100,8,"SO46429",1,1,1,3399.99,3399.99,0,0,1912.1544,1912.1544,3399.99,271.9992,84.9998,\N,\N,"2011-12-05 00:00:00.000000","2011-12-17 00:00:00.000000","2011-12-12 00:00:00.000000"
314,20111205,20111217,20111212,13564,1,100,7,"SO46430",1,1,1,3578.27,3578.27,0,0,2171.2942,2171.2942,3578.27,286.2616,89.4568,\N,\N,"2011-12-05 00:00:00.000000","2011-12-17 00:00:00.000000","2011-12-12 00:00:00.000000"
310,20111205,20111217,20111212,12901,1,100,1,"SO46431",1,1,1,3578.27,3578.27,0,0,2171.2942,2171.2942,3578.27,286.2616,89.4568,\N,\N,"2011-12-05 00:00:00.000000","2011-12-17 00:00:00.000000","2011-12-12 00:00:00.000000"
342,20111205,20111217,20111212,15016,1,100,4,"SO46432",1,1,1,699.0982,699.0982,0,0,413.1463,413.1463,699.0982,55.9279,17.4775,\N,\N,"2011-12-05 00:00:00.000000","2011-12-17 00:00:00.000000","2011-12-12 00:00:00.000000"
312,20111205,20111217,20111212,20991,1,6,9,"SO46433",1,1,1,3578.27,3578.27,0,0,2171.2942,2171.2942,3578.27,286.2616,89.4568,\N,\N,"2011-12-05 00:00:00.000000","2011-12-17 00:00:00.000000","2011-12-12 00:00:00.000000"
313,20111205,20111217,20111212,20996,1,6,9,"SO46434",1,1,1,3578.27,3578.27,0,0,2171.2942,2171.2942,3578.27,286.2616,89.4568,\N,\N,"2011-12-05 00:00:00.000000","2011-12-17 00:00:00.000000","2011-12-12 00:00:00.000000"
348,20111205,20111217,20111212,12251,1,6,9,"SO46435",1,1,1,3374.99,3374.99,0,0,1898.0944,1898.0944,3374.99,269.9992,84.3748,\N,\N,"2011-12-05 00:00:00.000000","2011-12-17 00:00:00.000000","2011-12-12 00:00:00.000000"
347,20111205,20111217,20111212,12337,1,6,9,"SO46436",1,1,1,3399.99,3399.99,0,0,1912.1544,1912.1544,3399.99,271.9992,84.9998,\N,\N,"2011-12-05 00:00:00.000000","2011-12-17 00:00:00.000000","2011-12-12 00:00:00.000000"
313,20111206,20111218,20111213,15054,1,100,8,"SO46437",1,1,1,3578.27,3578.27,0,0,2171.2942,2171.2942,3578.27,286.2616,89.4568,\N,\N,"2011-12-06 00:00:00.000000","2011-12-18 00:00:00.000000","2011-12-13 00:00:00.000000"
313,20111206,20111218,20111213,12174,1,100,4,"SO46438",1,1,1,3578.27,3578.27,0,0,2171.2942,2171.2942,3578.27,286.2616,89.4568,\N,\N,"2011-12-06 00:00:00.000000","2011-12-18 00:00:00.000000","2011-12-13 00:00:00.000000"
313,20111206,20111218,20111213,20817,1,6,9,"SO46439",1,1,1,3578.27,3578.27,0,0,2171.2942,2171.2942,3578.27,286.2616,89.4568,\N,\N,"2011-12-06 00:00:00.000000","2011-12-18 00:00:00.000000","2011-12-13 00:00:00.000000"
312,20111206,20111218,20111213,20621,1,6,9,"SO46440",1,1,1,3578.27,3578.27,0,0,2171.2942,2171.2942,3578.27,286.2616,89.4568,\N,\N,"2011-12-06 00:00:00.000000","2011-12-18 00:00:00.000000","2011-12-13 00:00:00.000000"
312,20111206,20111218,20111213,15661,1,98,10,"SO46441",1,1,1,3578.27,3578.27,0,0,2171.2942,2171.2942,3578.27,286.2616,89.4568,\N,\N,"2011-12-06 00:00:00.000000","2011-12-18 00:00:00.000000","2011-12-13 00:00:00.000000"
314,20111206,20111218,20111213,14997,1,100,8,"SO46442",1,1,1,3578.27,3578.27,0,0,2171.2942,2171.2942,3578.27,286.2616,89.4568,\N,\N,"2011-12-06 00:00:00.000000","2011-12-18 00:00:00.000000","2011-12-13 00:00:00.000000"
314,20111206,20111218,20111213,15662,1,98,10,"SO46443",1,1,1,3578.27,3578.27,0,0,2171.2942,2171.2942,3578.27,286.2616,89.4568,\N,\N,"2011-12-06 00:00:00.000000","2011-12-18 00:00:00.000000","2011-12-13 00:00:00.000000"
351,20111206,20111218,20111213,12246,1,6,9,"SO46444",1,1,1,3374.99,3374.99,0,0,1898.0944,1898.0944,3374.99,269.9992,84.3748,\N,\N,"2011-12-06 00:00:00.000000","2011-12-18 00:00:00.000000","2011-12-13 00:00:00.000000"
312,20111207,20111219,20111214,12772,1,100,1,"SO46445",1,1,1,3578.27,3578.27,0,0,2171.2942,2171.2942,3578.27,286.2616,89.4568,\N,\N,"2011-12-07 00:00:00.000000","2011-12-19 00:00:00.000000","2011-12-14 00:00:00.000000"
312,20111207,20111219,20111214,12777,1,100,1,"SO46446",1,1,1,3578.27,3578.27,0,0,2171.2942,2171.2942,3578.27,286.2616,89.4568,\N,\N,"2011-12-07 00:00:00.000000","2011-12-19 00:00:00.000000","2011-12-14 00:00:00.000000"
312,20111207,20111219,20111214,20984,1,6,9,"SO46447",1,1,1,3578.27,3578.27,0,0,2171.2942,2171.2942,3578.27,286.2616,89.4568,\N,\N,"2011-12-07 00:00:00.000000","2011-12-19 00:00:00.000000","2011-12-14 00:00:00.000000"
344,20111207,20111219,20111214,12250,1,6,9,"SO46448",1,1,1,3399.99,3399.99,0,0,1912.1544,1912.1544,3399.99,271.9992,84.9998,\N,\N,"2011-12-07 00:00:00.000000","2011-12-19 00:00:00.000000","2011-12-14 00:00:00.000000"
345,20111207,20111219,20111214,12007,1,6,9,"SO46449",1,1,1,3399.99,3399.99,0,0,1912.1544,1912.1544,3399.99,271.9992,84.9998,\N,\N,"2011-12-07 00:00:00.000000","2011-12-19 00:00:00.000000","2011-12-14 00:00:00.000000"
314,20111208,20111220,20111215,12446,1,100,4,"SO46450",1,1,1,3578.27,3578.27,0,0,2171.2942,2171.2942,3578.27,286.2616,89.4568,\N,\N,"2011-12-08 00:00:00.000000","2011-12-20 00:00:00.000000","2011-12-15 00:00:00.000000"
310,20111208,20111220,20111215,12709,1,100,4,"SO46451",1,1,1,3578.27,3578.27,0,0,2171.2942,2171.2942,3578.27,286.2616,89.4568,\N,\N,"2011-12-08 00:00:00.000000","2011-12-20 00:00:00.000000","2011-12-15 00:00:00.000000"
349,20111208,20111220,20111215,26112,1,100,1,"SO46452",1,1,1,3374.99,3374.99,0,0,1898.0944,1898.0944,3374.99,269.9992,84.3748,\N,\N,"2011-12-08 00:00:00.000000","2011-12-20 00:00:00.000000","2011-12-15 00:00:00.000000"
313,20111208,20111220,20111215,20626,1,6,9,"SO46453",1,1,1,3578.27,3578.27,0,0,2171.2942,2171.2942,3578.27,286.2616,89.4568,\N,\N,"2011-12-08 00:00:00.000000","2011-12-20 00:00:00.000000","2011-12-15 00:00:00.000000"
310,20111208,20111220,20111215,20812,1,6,9,"SO46454",1,1,1,3578.27,3578.27,0,0,2171.2942,2171.2942,3578.27,286.2616,89.4568,\N,\N,"2011-12-08 00:00:00.000000","2011-12-20 00:00:00.000000","2011-12-15 00:00:00.000000"
314,20111208,20111220,20111215,15669,1,98,10,"SO46455",1,1,1,3578.27,3578.27,0,0,2171.2942,2171.2942,3578.27,286.2616,89.4568,\N,\N,"2011-12-08 00:00:00.000000","2011-12-20 00:00:00.000000","2011-12-15 00:00:00.000000"
346,20111208,20111220,20111215,12014,1,6,9,"SO46456",1,1,1,3399.99,3399.99,0,0,1912.1544,1912.1544,3399.99,271.9992,84.9998,\N,\N,"2011-12-08 00:00:00.000000","2011-12-20 00:00:00.000000","2011-12-15 00:00:00.000000"
324,20111208,20111220,20111215,25947,1,6,9,"SO46457",1,1,1,699.0982,699.0982,0,0,413.1463,413.1463,699.0982,55.9279,17.4775,\N,\N,"2011-12-08 00:00:00.000000","2011-12-20 00:00:00.000000","2011-12-15 00:00:00.000000"
310,20111209,20111221,20111216,12771,1,100,4,"SO46458",1,1,1,3578.27,3578.27,0,0,2171.2942,2171.2942,3578.27,286.2616,89.4568,\N,\N,"2011-12-09 00:00:00.000000","2011-12-21 00:00:00.000000","2011-12-16 00:00:00.000000"
313,20111209,20111221,20111216,12190,1,100,4,"SO46459",1,1,1,3578.27,3578.27,0,0,2171.2942,2171.2942,3578.27,286.2616,89.4568,\N,\N,"2011-12-09 00:00:00.000000","2011-12-21 00:00:00.000000","2011-12-16 00:00:00.000000"
312,20111209,20111221,20111216,12438,1,100,4,"SO46460",1,1,1,3578.27,3578.27,0,0,2171.2942,2171.2942,3578.27,286.2616,89.4568,\N,\N,"2011-12-09 00:00:00.000000","2011-12-21 00:00:00.000000","2011-12-16 00:00:00.000000"
311,20111209,20111221,20111216,20821,1,6,9,"SO46461",1,1,1,3578.27,3578.27,0,0,2171.2942,2171.2942,3578.27,286.2616,89.4568,\N,\N,"2011-12-09 00:00:00.000000","2011-12-21 00:00:00.000000","2011-12-16 00:00:00.000000"
345,20111209,20111221,20111216,12013,1,6,9,"SO46462",1,1,1,3399.99,3399.99,0,0,1912.1544,1912.1544,3399.99,271.9992,84.9998,\N,\N,"2011-12-09 00:00:00.000000","2011-12-21 00:00:00.000000","2011-12-16 00:00:00.000000"
348,20111210,20111222,20111217,11423,1,100,8,"SO46463",1,1,1,3374.99,3374.99,0,0,1898.0944,1898.0944,3374.99,269.9992,84.3748,\N,\N,"2011-12-10 00:00:00.000000","2011-12-22 00:00:00.000000","2011-12-17 00:00:00.000000"
310,20111210,20111222,20111217,12885,1,100,4,"SO46464",1,1,1,3578.27,3578.27,0,0,2171.2942,2171.2942,3578.27,286.2616,89.4568,\N,\N,"2011-12-10 00:00:00.000000","2011-12-22 00:00:00.000000","2011-12-17 00:00:00.000000"
311,20111210,20111222,20111217,12898,1,100,4,"SO46465",1,1,1,3578.27,3578.27,0,0,2171.2942,2171.2942,3578.27,286.2616,89.4568,\N,\N,"2011-12-10 00:00:00.000000","2011-12-22 00:00:00.000000","2011-12-17 00:00:00.000000"
311,20111210,20111222,20111217,12915,1,100,1,"SO46466",1,1,1,3578.27,3578.27,0,0,2171.2942,2171.2942,3578.27,286.2616,89.4568,\N,\N,"2011-12-10 00:00:00.000000","2011-12-22 00:00:00.000000","2011-12-17 00:00:00.000000"
314,20111210,20111222,20111217,12180,1,100,1,"SO46467",1,1,1,3578.27,3578.27,0,0,2171.2942,2171.2942,3578.27,286.2616,89.4568,\N,\N,"2011-12-10 00:00:00.000000","2011-12-22 00:00:00.000000","2011-12-17 00:00:00.000000"
311,20111210,20111222,20111217,24431,1,19,6,"SO46468",1,1,1,3578.27,3578.27,0,0,2171.2942,2171.2942,3578.27,286.2616,89.4568,\N,\N,"2011-12-10 00:00:00.000000","2011-12-22 00:00:00.000000","2011-12-17 00:00:00.000000"
332,20111210,20111222,20111217,19033,1,100,7,"SO46469",1,1,1,699.0982,699.0982,0,0,413.1463,413.1463,699.0982,55.9279,17.4775,\N,\N,"2011-12-10 00:00:00.000000","2011-12-22 00:00:00.000000","2011-12-17 00:00:00.000000"
322,20111210,20111222,20111217,14915,1,100,1,"SO46470",1,1,1,699.0982,699.0982,0,0,413.1463,413.1463,699.0982,55.9279,17.4775,\N,\N,"2011-12-10 00:00:00.000000","2011-12-22 00:00:00.000000","2011-12-17 00:00:00.000000"
310,20111210,20111222,20111217,14979,1,100,8,"SO46471",1,1,1,3578.27,3578.27,0,0,2171.2942,2171.2942,3578.27,286.2616,89.4568,\N,\N,"2011-12-10 00:00:00.000000","2011-12-22 00:00:00.000000","2011-12-17 00:00:00.000000"
344,20111210,20111222,20111217,12248,1,6,9,"SO46472",1,1,1,3399.99,3399.99,0,0,1912.1544,1912.1544,3399.99,271.9992,84.9998,\N,\N,"2011-12-10 00:00:00.000000","2011-12-22 00:00:00.000000","2011-12-17 00:00:00.000000"
311,20111210,20111222,20111217,14969,1,100,8,"SO46473",1,1,1,3578.27,3578.27,0,0,2171.2942,2171.2942,3578.27,286.2616,89.4568,\N,\N,"2011-12-10 00:00:00.000000","2011-12-22 00:00:00.000000","2011-12-17 00:00:00.000000"
342,20111210,20111222,20111217,25944,1,6,9,"SO46474",1,1,1,699.0982,699.0982,0,0,413.1463,413.1463,699.0982,55.9279,17.4775,\N,\N,"2011-12-10 00:00:00.000000","2011-12-22 00:00:00.000000","2011-12-17 00:00:00.000000"
322,20111211,20111223,20111218,20575,1,98,10,"SO46475",1,1,1,699.0982,699.0982,0,0,413.1463,413.1463,699.0982,55.9279,17.4775,\N,\N,"2011-12-11 00:00:00.000000","2011-12-23 00:00:00.000000","2011-12-18 00:00:00.000000"
350,20111211,20111223,20111218,26110,1,100,1,"SO46476",1,1,1,3374.99,3374.99,0,0,1898.0944,1898.0944,3374.99,269.9992,84.3748,\N,\N,"2011-12-11 00:00:00.000000","2011-12-23 00:00:00.000000","2011-12-18 00:00:00.000000"
346,20111211,20111223,20111218,12009,1,6,9,"SO46477",1,1,1,3399.99,3399.99,0,0,1912.1544,1912.1544,3399.99,271.9992,84.9998,\N,\N,"2011-12-11 00:00:00.000000","2011-12-23 00:00:00.000000","2011-12-18 00:00:00.000000"
326,20111211,20111223,20111218,25939,1,6,9,"SO46478",1,1,1,699.0982,699.0982,0,0,413.1463,413.1463,699.0982,55.9279,17.4775,\N,\N,"2011-12-11 00:00:00.000000","2011-12-23 00:00:00.000000","2011-12-18 00:00:00.000000"
310,20111212,20111224,20111219,12768,1,100,4,"SO46479",1,1,1,3578.27,3578.27,0,0,2171.2942,2171.2942,3578.27,286.2616,89.4568,\N,\N,"2011-12-12 00:00:00.000000","2011-12-24 00:00:00.000000","2011-12-19 00:00:00.000000"
347,20111212,20111224,20111219,26114,1,100,4,"SO46480",1,1,1,3399.99,3399.99,0,0,1912.1544,1912.1544,3399.99,271.9992,84.9998,\N,\N,"2011-12-12 00:00:00.000000","2011-12-24 00:00:00.000000","2011-12-19 00:00:00.000000"
313,20111212,20111224,20111219,20623,1,6,9,"SO46481",1,1,1,3578.27,3578.27,0,0,2171.2942,2171.2942,3578.27,286.2616,89.4568,\N,\N,"2011-12-12 00:00:00.000000","2011-12-24 00:00:00.000000","2011-12-19 00:00:00.000000"
346,20111212,20111224,20111219,12245,1,6,9,"SO46482",1,1,1,3399.99,3399.99,0,0,1912.1544,1912.1544,3399.99,271.9992,84.9998,\N,\N,"2011-12-12 00:00:00.000000","2011-12-24 00:00:00.000000","2011-12-19 00:00:00.000000"
312,20111213,20111225,20111220,12883,1,100,4,"SO46483",1,1,1,3578.27,3578.27,0,0,2171.2942,2171.2942,3578.27,286.2616,89.4568,\N,\N,"2011-12-13 00:00:00.000000","2011-12-25 00:00:00.000000","2011-12-20 00:00:00.000000"
312,20111213,20111225,20111220,12437,1,100,1,"SO46484",1,1,1,3578.27,3578.27,0,0,2171.2942,2171.2942,3578.27,286.2616,89.4568,\N,\N,"2011-12-13 00:00:00.000000","2011-12-25 00:00:00.000000","2011-12-20 00:00:00.000000"
313,20111213,20111225,20111220,12755,1,100,4,"SO46485",1,1,1,3578.27,3578.27,0,0,2171.2942,2171.2942,3578.27,286.2616,89.4568,\N,\N,"2011-12-13 00:00:00.000000","2011-12-25 00:00:00.000000","2011-12-20 00:00:00.000000"
332,20111213,20111225,20111220,19901,1,100,8,"SO46486",1,1,1,699.0982,699.0982,0,0,413.1463,413.1463,699.0982,55.9279,17.4775,\N,\N,"2011-12-13 00:00:00.000000","2011-12-25 00:00:00.000000","2011-12-20 00:00:00.000000"
338,20111213,20111225,20111220,14913,1,100,4,"SO46487",1,1,1,699.0982,699.0982,0,0,413.1463,413.1463,699.0982,55.9279,17.4775,\N,\N,"2011-12-13 00:00:00.000000","2011-12-25 00:00:00.000000","2011-12-20 00:00:00.000000"
312,20111213,20111225,20111220,20628,1,6,9,"SO46488",1,1,1,3578.27,3578.27,0,0,2171.2942,2171.2942,3578.27,286.2616,89.4568,\N,\N,"2011-12-13 00:00:00.000000","2011-12-25 00:00:00.000000","2011-12-20 00:00:00.000000"
313,20111214,20111226,20111221,24666,1,19,6,"SO46489",1,1,1,3578.27,3578.27,0,0,2171.2942,2171.2942,3578.27,286.2616,89.4568,\N,\N,"2011-12-14 00:00:00.000000","2011-12-26 00:00:00.000000","2011-12-21 00:00:00.000000"
313,20111214,20111226,20111221,12189,1,100,4,"SO46490",1,1,1,3578.27,3578.27,0,0,2171.2942,2171.2942,3578.27,286.2616,89.4568,\N,\N,"2011-12-14 00:00:00.000000","2011-12-26 00:00:00.000000","2011-12-21 00:00:00.000000"
314,20111215,20111227,20111222,24759,1,19,6,"SO46491",1,1,1,3578.27,3578.27,0,0,2171.2942,2171.2942,3578.27,286.2616,89.4568,\N,\N,"2011-12-15 00:00:00.000000","2011-12-27 00:00:00.000000","2011-12-22 00:00:00.000000"
312,20111215,20111227,20111222,12198,1,100,1,"SO46492",1,1,1,3578.27,3578.27,0,0,2171.2942,2171.2942,3578.27,286.2616,89.4568,\N,\N,"2011-12-15 00:00:00.000000","2011-12-27 00:00:00.000000","2011-12-22 00:00:00.000000"
328,20111215,20111227,20111222,15023,1,100,1,"SO46493",1,1,1,699.0982,699.0982,0,0,413.1463,413.1463,699.0982,55.9279,17.4775,\N,\N,"2011-12-15 00:00:00.000000","2011-12-27 00:00:00.000000","2011-12-22 00:00:00.000000"
313,20111215,20111227,20111222,20983,1,6,9,"SO46494",1,1,1,3578.27,3578.27,0,0,2171.2942,2171.2942,3578.27,286.2616,89.4568,\N,\N,"2011-12-15 00:00:00.000000","2011-12-27 00:00:00.000000","2011-12-22 00:00:00.000000"
311,20111215,20111227,20111222,20989,1,6,9,"SO46495",1,1,1,3578.27,3578.27,0,0,2171.2942,2171.2942,3578.27,286.2616,89.4568,\N,\N,"2011-12-15 00:00:00.000000","2011-12-27 00:00:00.000000","2011-12-22 00:00:00.000000"
312,20111215,20111227,20111222,20627,1,6,9,"SO46496",1,1,1,3578.27,3578.27,0,0,2171.2942,2171.2942,3578.27,286.2616,89.4568,\N,\N,"2011-12-15 00:00:00.000000","2011-12-27 00:00:00.000000","2011-12-22 00:00:00.000000"
310,20111216,20111228,20111223,13558,1,100,7,"SO46497",1,1,1,3578.27,3578.27,0,0,2171.2942,2171.2942,3578.27,286.2616,89.4568,\N,\N,"2011-12-16 00:00:00.000000","2011-12-28 00:00:00.000000","2011-12-23 00:00:00.000000"
313,20111216,20111228,20111223,12881,1,100,4,"SO46498",1,1,1,3578.27,3578.27,0,0,2171.2942,2171.2942,3578.27,286.2616,89.4568,\N,\N,"2011-12-16 00:00:00.000000","2011-12-28 00:00:00.000000","2011-12-23 00:00:00.000000"
310,20111216,20111228,20111223,12179,1,100,1,"SO46499",1,1,1,3578.27,3578.27,0,0,2171.2942,2171.2942,3578.27,286.2616,89.4568,\N,\N,"2011-12-16 00:00:00.000000","2011-12-28 00:00:00.000000","2011-12-23 00:00:00.000000"
314,20111216,20111228,20111223,12208,1,100,1,"SO46500",1,1,1,3578.27,3578.27,0,0,2171.2942,2171.2942,3578.27,286.2616,89.4568,\N,\N,"2011-12-16 00:00:00.000000","2011-12-28 00:00:00.000000","2011-12-23 00:00:00.000000"
328,20111216,20111228,20111223,19518,1,100,8,"SO46501",1,1,1,699.0982,699.0982,0,0,413.1463,413.1463,699.0982,55.9279,17.4775,\N,\N,"2011-12-16 00:00:00.000000","2011-12-28 00:00:00.000000","2011-12-23 00:00:00.000000"
328,20111216,20111228,20111223,19051,1,100,7,"SO46502",1,1,1,699.0982,699.0982,0,0,413.1463,413.1463,699.0982,55.9279,17.4775,\N,\N,"2011-12-16 00:00:00.000000","2011-12-28 00:00:00.000000","2011-12-23 00:00:00.000000"
310,20111216,20111228,20111223,12764,1,100,1,"SO46503",1,1,1,3578.27,3578.27,0,0,2171.2942,2171.2942,3578.27,286.2616,89.4568,\N,\N,"2011-12-16 00:00:00.000000","2011-12-28 00:00:00.000000","2011-12-23 00:00:00.000000"
342,20111216,20111228,20111223,15005,1,100,4,"SO46504",1,1,1,699.0982,699.0982,0,0,413.1463,413.1463,699.0982,55.9279,17.4775,\N,\N,"2011-12-16 00:00:00.000000","2011-12-28 00:00:00.000000","2011-12-23 00:00:00.000000"
347,20111216,20111228,20111223,12241,1,6,9,"SO46505",1,1,1,3399.99,3399.99,0,0,1912.1544,1912.1544,3399.99,271.9992,84.9998,\N,\N,"2011-12-16 00:00:00.000000","2011-12-28 00:00:00.000000","2011-12-23 00:00:00.000000"
349,20111216,20111228,20111223,12242,1,6,9,"SO46506",1,1,1,3374.99,3374.99,0,0,1898.0944,1898.0944,3374.99,269.9992,84.3748,\N,\N,"2011-12-16 00:00:00.000000","2011-12-28 00:00:00.000000","2011-12-23 00:00:00.000000"
320,20111216,20111228,20111223,25941,1,6,9,"SO46507",1,1,1,699.0982,699.0982,0,0,413.1463,413.1463,699.0982,55.9279,17.4775,\N,\N,"2011-12-16 00:00:00.000000","2011-12-28 00:00:00.000000","2011-12-23 00:00:00.000000"
349,20111217,20111229,20111224,28504,1,100,7,"SO46508",1,1,1,3374.99,3374.99,0,0,1898.0944,1898.0944,3374.99,269.9992,84.3748,\N,\N,"2011-12-17 00:00:00.000000","2011-12-29 00:00:00.000000","2011-12-24 00:00:00.000000"
310,20111217,20111229,20111224,12886,1,100,4,"SO46509",1,1,1,3578.27,3578.27,0,0,2171.2942,2171.2942,3578.27,286.2616,89.4568,\N,\N,"2011-12-17 00:00:00.000000","2011-12-29 00:00:00.000000","2011-12-24 00:00:00.000000"
311,20111217,20111229,20111224,24386,1,19,6,"SO46510",1,1,1,3578.27,3578.27,0,0,2171.2942,2171.2942,3578.27,286.2616,89.4568,\N,\N,"2011-12-17 00:00:00.000000","2011-12-29 00:00:00.000000","2011-12-24 00:00:00.000000"
313,20111217,20111229,20111224,24392,1,19,6,"SO46511",1,1,1,3578.27,3578.27,0,0,2171.2942,2171.2942,3578.27,286.2616,89.4568,\N,\N,"2011-12-17 00:00:00.000000","2011-12-29 00:00:00.000000","2011-12-24 00:00:00.000000"
311,20111217,20111229,20111224,12209,1,100,4,"SO46512",1,1,1,3578.27,3578.27,0,0,2171.2942,2171.2942,3578.27,286.2616,89.4568,\N,\N,"2011-12-17 00:00:00.000000","2011-12-29 00:00:00.000000","2011-12-24 00:00:00.000000"
313,20111217,20111229,20111224,24418,1,19,6,"SO46513",1,1,1,3578.27,3578.27,0,0,2171.2942,2171.2942,3578.27,286.2616,89.4568,\N,\N,"2011-12-17 00:00:00.000000","2011-12-29 00:00:00.000000","2011-12-24 00:00:00.000000"
342,20111217,20111229,20111224,19028,1,100,7,"SO46514",1,1,1,699.0982,699.0982,0,0,413.1463,413.1463,699.0982,55.9279,17.4775,\N,\N,"2011-12-17 00:00:00.000000","2011-12-29 00:00:00.000000","2011-12-24 00:00:00.000000"
340,20111217,20111229,20111224,19904,1,100,8,"SO46515",1,1,1,699.0982,699.0982,0,0,413.1463,413.1463,699.0982,55.9279,17.4775,\N,\N,"2011-12-17 00:00:00.000000","2011-12-29 00:00:00.000000","2011-12-24 00:00:00.000000"
351,20111217,20111229,20111224,26116,1,100,1,"SO46516",1,1,1,3374.99,3374.99,0,0,1898.0944,1898.0944,3374.99,269.9992,84.3748,\N,\N,"2011-12-17 00:00:00.000000","2011-12-29 00:00:00.000000","2011-12-24 00:00:00.000000"
313,20111217,20111229,20111224,20624,1,6,9,"SO46517",1,1,1,3578.27,3578.27,0,0,2171.2942,2171.2942,3578.27,286.2616,89.4568,\N,\N,"2011-12-17 00:00:00.000000","2011-12-29 00:00:00.000000","2011-12-24 00:00:00.000000"
314,20111217,20111229,20111224,20814,1,6,9,"SO46518",1,1,1,3578.27,3578.27,0,0,2171.2942,2171.2942,3578.27,286.2616,89.4568,\N,\N,"2011-12-17 00:00:00.000000","2011-12-29 00:00:00.000000","2011-12-24 00:00:00.000000"
310,20111217,20111229,20111224,15660,1,98,10,"SO46519",1,1,1,3578.27,3578.27,0,0,2171.2942,2171.2942,3578.27,286.2616,89.4568,\N,\N,"2011-12-17 00:00:00.000000","2011-12-29 00:00:00.000000","2011-12-24 00:00:00.000000"
312,20111217,20111229,20111224,24491,1,19,6,"SO46520",1,1,1,3578.27,3578.27,0,0,2171.2942,2171.2942,3578.27,286.2616,89.4568,\N,\N,"2011-12-17 00:00:00.000000","2011-12-29 00:00:00.000000","2011-12-24 00:00:00.000000"
310,20111218,20111230,20111225,12770,1,100,4,"SO46521",1,1,1,3578.27,3578.27,0,0,2171.2942,2171.2942,3578.27,286.2616,89.4568,\N,\N,"2011-12-18 00:00:00.000000","2011-12-30 00:00:00.000000","2011-12-25 00:00:00.000000"
312,20111218,20111230,20111225,12882,1,100,4,"SO46522",1,1,1,3578.27,3578.27,0,0,2171.2942,2171.2942,3578.27,286.2616,89.4568,\N,\N,"2011-12-18 00:00:00.000000","2011-12-30 00:00:00.000000","2011-12-25 00:00:00.000000"
313,20111218,20111230,20111225,12756,1,100,4,"SO46523",1,1,1,3578.27,3578.27,0,0,2171.2942,2171.2942,3578.27,286.2616,89.4568,\N,\N,"2011-12-18 00:00:00.000000","2011-12-30 00:00:00.000000","2011-12-25 00:00:00.000000"
351,20111218,20111230,20111225,26111,1,100,4,"SO46524",1,1,1,3374.99,3374.99,0,0,1898.0944,1898.0944,3374.99,269.9992,84.3748,\N,\N,"2011-12-18 00:00:00.000000","2011-12-30 00:00:00.000000","2011-12-25 00:00:00.000000"
314,20111218,20111230,20111225,20816,1,6,9,"SO46525",1,1,1,3578.27,3578.27,0,0,2171.2942,2171.2942,3578.27,286.2616,89.4568,\N,\N,"2011-12-18 00:00:00.000000","2011-12-30 00:00:00.000000","2011-12-25 00:00:00.000000"
347,20111218,20111230,20111225,12253,1,6,9,"SO46526",1,1,1,3399.99,3399.99,0,0,1912.1544,1912.1544,3399.99,271.9992,84.9998,\N,\N,"2011-12-18 00:00:00.000000","2011-12-30 00:00:00.000000","2011-12-25 00:00:00.000000"
334,20111218,20111230,20111225,25940,1,6,9,"SO46527",1,1,1,699.0982,699.0982,0,0,413.1463,413.1463,699.0982,55.9279,17.4775,\N,\N,"2011-12-18 00:00:00.000000","2011-12-30 00:00:00.000000","2011-12-25 00:00:00.000000"
311,20111219,20111231,20111226,15063,1,100,8,"SO46528",1,1,1,3578.27,3578.27,0,0,2171.2942,2171.2942,3578.27,286.2616,89.4568,\N,\N,"2011-12-19 00:00:00.000000","2011-12-31 00:00:00.000000","2011-12-26 00:00:00.000000"
314,20111219,20111231,20111226,12784,1,100,1,"SO46529",1,1,1,3578.27,3578.27,0,0,2171.2942,2171.2942,3578.27,286.2616,89.4568,\N,\N,"2011-12-19 00:00:00.000000","2011-12-31 00:00:00.000000","2011-12-26 00:00:00.000000"
313,20111219,20111231,20111226,24671,1,19,6,"SO46530",1,1,1,3578.27,3578.27,0,0,2171.2942,2171.2942,3578.27,286.2616,89.4568,\N,\N,"2011-12-19 00:00:00.000000","2011-12-31 00:00:00.000000","2011-12-26 00:00:00.000000"
310,20111219,20111231,20111226,12423,1,100,1,"SO46531",1,1,1,3578.27,3578.27,0,0,2171.2942,2171.2942,3578.27,286.2616,89.4568,\N,\N,"2011-12-19 00:00:00.000000","2011-12-31 00:00:00.000000","2011-12-26 00:00:00.000000"
338,20111219,20111231,20111226,19041,1,100,7,"SO46532",1,1,1,699.0982,699.0982,0,0,413.1463,413.1463,699.0982,55.9279,17.4775,\N,\N,"2011-12-19 00:00:00.000000","2011-12-31 00:00:00.000000","2011-12-26 00:00:00.000000"
348,20111219,20111231,20111226,26106,1,100,4,"SO46533",1,1,1,3374.99,3374.99,0,0,1898.0944,1898.0944,3374.99,269.9992,84.3748,\N,\N,"2011-12-19 00:00:00.000000","2011-12-31 00:00:00.000000","2011-12-26 00:00:00.000000"
312,20111219,20111231,20111226,20620,1,6,9,"SO46534",1,1,1,3578.27,3578.27,0,0,2171.2942,2171.2942,3578.27,286.2616,89.4568,\N,\N,"2011-12-19 00:00:00.000000","2011-12-31 00:00:00.000000","2011-12-26 00:00:00.000000"
310,20111219,20111231,20111226,20815,1,6,9,"SO46535",1,1,1,3578.27,3578.27,0,0,2171.2942,2171.2942,3578.27,286.2616,89.4568,\N,\N,"2011-12-19 00:00:00.000000","2011-12-31 00:00:00.000000","2011-12-26 00:00:00.000000"
311,20111219,20111231,20111226,13556,1,100,7,"SO46536",1,1,1,3578.27,3578.27,0,0,2171.2942,2171.2942,3578.27,286.2616,89.4568,\N,\N,"2011-12-19 00:00:00.000000","2011-12-31 00:00:00.000000","2011-12-26 00:00:00.000000"
344,20111220,20120101,20111227,11427,1,100,8,"SO46537",1,1,1,3399.99,3399.99,0,0,1912.1544,1912.1544,3399.99,271.9992,84.9998,\N,\N,"2011-12-20 00:00:00.000000","2012-01-01 00:00:00.000000","2011-12-27 00:00:00.000000"
310,20111220,20120101,20111227,12774,1,100,4,"SO46538",1,1,1,3578.27,3578.27,0,0,2171.2942,2171.2942,3578.27,286.2616,89.4568,\N,\N,"2011-12-20 00:00:00.000000","2012-01-01 00:00:00.000000","2011-12-27 00:00:00.000000"
314,20111220,20120101,20111227,12200,1,100,4,"SO46539",1,1,1,3578.27,3578.27,0,0,2171.2942,2171.2942,3578.27,286.2616,89.4568,\N,\N,"2011-12-20 00:00:00.000000","2012-01-01 00:00:00.000000","2011-12-27 00:00:00.000000"
314,20111220,20120101,20111227,20822,1,6,9,"SO46540",1,1,1,3578.27,3578.27,0,0,2171.2942,2171.2942,3578.27,286.2616,89.4568,\N,\N,"2011-12-20 00:00:00.000000","2012-01-01 00:00:00.000000","2011-12-27 00:00:00.000000"
310,20111220,20120101,20111227,20617,1,6,9,"SO46541",1,1,1,3578.27,3578.27,0,0,2171.2942,2171.2942,3578.27,286.2616,89.4568,\N,\N,"2011-12-20 00:00:00.000000","2012-01-01 00:00:00.000000","2011-12-27 00:00:00.000000"
347,20111221,20120102,20111228,11431,1,100,8,"SO46542",1,1,1,3399.99,3399.99,0,0,1912.1544,1912.1544,3399.99,271.9992,84.9998,\N,\N,"2011-12-21 00:00:00.000000","2012-01-02 00:00:00.000000","2011-12-28 00:00:00.000000"
345,20111221,20120102,20111228,11549,1,98,10,"SO46543",1,1,1,3399.99,3399.99,0,0,1912.1544,1912.1544,3399.99,271.9992,84.9998,\N,\N,"2011-12-21 00:00:00.000000","2012-01-02 00:00:00.000000","2011-12-28 00:00:00.000000"
311,20111221,20120102,20111228,12766,1,100,1,"SO46544",1,1,1,3578.27,3578.27,0,0,2171.2942,2171.2942,3578.27,286.2616,89.4568,\N,\N,"2011-12-21 00:00:00.000000","2012-01-02 00:00:00.000000","2011-12-28 00:00:00.000000"
310,20111221,20120102,20111228,24646,1,19,6,"SO46545",1,1,1,3578.27,3578.27,0,0,2171.2942,2171.2942,3578.27,286.2616,89.4568,\N,\N,"2011-12-21 00:00:00.000000","2012-01-02 00:00:00.000000","2011-12-28 00:00:00.000000"
310,20111221,20120102,20111228,12780,1,100,1,"SO46546",1,1,1,3578.27,3578.27,0,0,2171.2942,2171.2942,3578.27,286.2616,89.4568,\N,\N,"2011-12-21 00:00:00.000000","2012-01-02 00:00:00.000000","2011-12-28 00:00:00.000000"
313,20111221,20120102,20111228,12917,1,100,1,"SO46547",1,1,1,3578.27,3578.27,0,0,2171.2942,2171.2942,3578.27,286.2616,89.4568,\N,\N,"2011-12-21 00:00:00.000000","2012-01-02 00:00:00.000000","2011-12-28 00:00:00.000000"
310,20111221,20120102,20111228,12418,1,100,1,"SO46548",1,1,1,3578.27,3578.27,0,0,2171.2942,2171.2942,3578.27,286.2616,89.4568,\N,\N,"2011-12-21 00:00:00.000000","2012-01-02 00:00:00.000000","2011-12-28 00:00:00.000000"
313,20111221,20120102,20111228,12452,1,100,1,"SO46549",1,1,1,3578.27,3578.27,0,0,2171.2942,2171.2942,3578.27,286.2616,89.4568,\N,\N,"2011-12-21 00:00:00.000000","2012-01-02 00:00:00.000000","2011-12-28 00:00:00.000000"
350,20111221,20120102,20111228,26097,1,100,4,"SO46550",1,1,1,3374.99,3374.99,0,0,1898.0944,1898.0944,3374.99,269.9992,84.3748,\N,\N,"2011-12-21 00:00:00.000000","2012-01-02 00:00:00.000000","2011-12-28 00:00:00.000000"
330,20111221,20120102,20111228,14914,1,100,4,"SO46551",1,1,1,699.0982,699.0982,0,0,413.1463,413.1463,699.0982,55.9279,17.4775,\N,\N,"2011-12-21 00:00:00.000000","2012-01-02 00:00:00.000000","2011-12-28 00:00:00.000000"
328,20111221,20120102,20111228,15017,1,100,4,"SO46552",1,1,1,699.0982,699.0982,0,0,413.1463,413.1463,699.0982,55.9279,17.4775,\N,\N,"2011-12-21 00:00:00.000000","2012-01-02 00:00:00.000000","2011-12-28 00:00:00.000000"
312,20111221,20120102,20111228,20985,1,6,9,"SO46553",1,1,1,3578.27,3578.27,0,0,2171.2942,2171.2942,3578.27,286.2616,89.4568,\N,\N,"2011-12-21 00:00:00.000000","2012-01-02 00:00:00.000000","2011-12-28 00:00:00.000000"
313,20111221,20120102,20111228,20990,1,6,9,"SO46554",1,1,1,3578.27,3578.27,0,0,2171.2942,2171.2942,3578.27,286.2616,89.4568,\N,\N,"2011-12-21 00:00:00.000000","2012-01-02 00:00:00.000000","2011-12-28 00:00:00.000000"
351,20111221,20120102,20111228,12010,1,6,9,"SO46555",1,1,1,3374.99,3374.99,0,0,1898.0944,1898.0944,3374.99,269.9992,84.3748,\N,\N,"2011-12-21 00:00:00.000000","2012-01-02 00:00:00.000000","2011-12-28 00:00:00.000000"
326,20111221,20120102,20111228,25948,1,6,9,"SO46556",1,1,1,699.0982,699.0982,0,0,413.1463,413.1463,699.0982,55.9279,17.4775,\N,\N,"2011-12-21 00:00:00.000000","2012-01-02 00:00:00.000000","2011-12-28 00:00:00.000000"
310,20111222,20120103,20111229,12904,1,100,4,"SO46557",1,1,1,3578.27,3578.27,0,0,2171.2942,2171.2942,3578.27,286.2616,89.4568,\N,\N,"2011-12-22 00:00:00.000000","2012-01-03 00:00:00.000000","2011-12-29 00:00:00.000000"
314,20111222,20120103,20111229,12184,1,100,1,"SO46558",1,1,1,3578.27,3578.27,0,0,2171.2942,2171.2942,3578.27,286.2616,89.4568,\N,\N,"2011-12-22 00:00:00.000000","2012-01-03 00:00:00.000000","2011-12-29 00:00:00.000000"
310,20111222,20120103,20111229,12762,1,100,4,"SO46559",1,1,1,3578.27,3578.27,0,0,2171.2942,2171.2942,3578.27,286.2616,89.4568,\N,\N,"2011-12-22 00:00:00.000000","2012-01-03 00:00:00.000000","2011-12-29 00:00:00.000000"
344,20111222,20120103,20111229,26096,1,100,4,"SO46560",1,1,1,3399.99,3399.99,0,0,1912.1544,1912.1544,3399.99,271.9992,84.9998,\N,\N,"2011-12-22 00:00:00.000000","2012-01-03 00:00:00.000000","2011-12-29 00:00:00.000000"
312,20111222,20120103,20111229,20625,1,6,9,"SO46561",1,1,1,3578.27,3578.27,0,0,2171.2942,2171.2942,3578.27,286.2616,89.4568,\N,\N,"2011-12-22 00:00:00.000000","2012-01-03 00:00:00.000000","2011-12-29 00:00:00.000000"
311,20111222,20120103,20111229,14978,1,100,8,"SO46562",1,1,1,3578.27,3578.27,0,0,2171.2942,2171.2942,3578.27,286.2616,89.4568,\N,\N,"2011-12-22 00:00:00.000000","2012-01-03 00:00:00.000000","2011-12-29 00:00:00.000000"
320,20111222,20120103,20111229,25945,1,6,9,"SO46563",1,1,1,699.0982,699.0982,0,0,413.1463,413.1463,699.0982,55.9279,17.4775,\N,\N,"2011-12-22 00:00:00.000000","2012-01-03 00:00:00.000000","2011-12-29 00:00:00.000000"
347,20111223,20120104,20111230,11494,1,98,10,"SO46564",1,1,1,3399.99,3399.99,0,0,1912.1544,1912.1544,3399.99,271.9992,84.9998,\N,\N,"2011-12-23 00:00:00.000000","2012-01-04 00:00:00.000000","2011-12-30 00:00:00.000000"
311,20111223,20120104,20111230,12769,1,100,1,"SO46565",1,1,1,3578.27,3578.27,0,0,2171.2942,2171.2942,3578.27,286.2616,89.4568,\N,\N,"2011-12-23 00:00:00.000000","2012-01-04 00:00:00.000000","2011-12-30 00:00:00.000000"
311,20111223,20120104,20111230,12789,1,100,4,"SO46566",1,1,1,3578.27,3578.27,0,0,2171.2942,2171.2942,3578.27,286.2616,89.4568,\N,\N,"2011-12-23 00:00:00.000000","2012-01-04 00:00:00.000000","2011-12-30 00:00:00.000000"
313,20111223,20120104,20111230,12707,1,100,1,"SO46567",1,1,1,3578.27,3578.27,0,0,2171.2942,2171.2942,3578.27,286.2616,89.4568,\N,\N,"2011-12-23 00:00:00.000000","2012-01-04 00:00:00.000000","2011-12-30 00:00:00.000000"
312,20111223,20120104,20111230,12761,1,100,1,"SO46568",1,1,1,3578.27,3578.27,0,0,2171.2942,2171.2942,3578.27,286.2616,89.4568,\N,\N,"2011-12-23 00:00:00.000000","2012-01-04 00:00:00.000000","2011-12-30 00:00:00.000000"
312,20111224,20120105,20111231,12450,1,100,4,"SO46569",1,1,1,3578.27,3578.27,0,0,2171.2942,2171.2942,3578.27,286.2616,89.4568,\N,\N,"2011-12-24 00:00:00.000000","2012-01-05 00:00:00.000000","2011-12-31 00:00:00.000000"
313,20111224,20120105,20111231,13536,1,100,7,"SO46570",1,1,1,3578.27,3578.27,0,0,2171.2942,2171.2942,3578.27,286.2616,89.4568,\N,\N,"2011-12-24 00:00:00.000000","2012-01-05 00:00:00.000000","2011-12-31 00:00:00.000000"
313,20111224,20120105,20111231,15668,1,98,10,"SO46571",1,1,1,3578.27,3578.27,0,0,2171.2942,2171.2942,3578.27,286.2616,89.4568,\N,\N,"2011-12-24 00:00:00.000000","2012-01-05 00:00:00.000000","2011-12-31 00:00:00.000000"
314,20111224,20120105,20111231,13552,1,100,7,"SO46572",1,1,1,3578.27,3578.27,0,0,2171.2942,2171.2942,3578.27,286.2616,89.4568,\N,\N,"2011-12-24 00:00:00.000000","2012-01-05 00:00:00.000000","2011-12-31 00:00:00.000000"
314,20111224,20120105,20111231,13555,1,100,7,"SO46573",1,1,1,3578.27,3578.27,0,0,2171.2942,2171.2942,3578.27,286.2616,89.4568,\N,\N,"2011-12-24 00:00:00.000000","2012-01-05 00:00:00.000000","2011-12-31 00:00:00.000000"
348,20111224,20120105,20111231,12243,1,6,9,"SO46574",1,1,1,3374.99,3374.99,0,0,1898.0944,1898.0944,3374.99,269.9992,84.3748,\N,\N,"2011-12-24 00:00:00.000000","2012-01-05 00:00:00.000000","2011-12-31 00:00:00.000000"
351,20111224,20120105,20111231,12338,1,6,9,"SO46575",1,1,1,3374.99,3374.99,0,0,1898.0944,1898.0944,3374.99,269.9992,84.3748,\N,\N,"2011-12-24 00:00:00.000000","2012-01-05 00:00:00.000000","2011-12-31 00:00:00.000000"
310,20111225,20120106,20120101,24757,1,19,6,"SO46576",1,1,1,3578.27,3578.27,0,0,2171.2942,2171.2942,3578.27,286.2616,89.4568,\N,\N,"2011-12-25 00:00:00.000000","2012-01-06 00:00:00.000000","2012-01-01 00:00:00.000000"
311,20111225,20120106,20120101,12913,1,100,1,"SO46577",1,1,1,3578.27,3578.27,0,0,2171.2942,2171.2942,3578.27,286.2616,89.4568,\N,\N,"2011-12-25 00:00:00.000000","2012-01-06 00:00:00.000000","2012-01-01 00:00:00.000000"
314,20111225,20120106,20120101,12178,1,100,1,"SO46578",1,1,1,3578.27,3578.27,0,0,2171.2942,2171.2942,3578.27,286.2616,89.4568,\N,\N,"2011-12-25 00:00:00.000000","2012-01-06 00:00:00.000000","2012-01-01 00:00:00.000000"
311,20111225,20120106,20120101,12186,1,100,4,"SO46579",1,1,1,3578.27,3578.27,0,0,2171.2942,2171.2942,3578.27,286.2616,89.4568,\N,\N,"2011-12-25 00:00:00.000000","2012-01-06 00:00:00.000000","2012-01-01 00:00:00.000000"
310,20111225,20120106,20120101,12187,1,100,4,"SO46580",1,1,1,3578.27,3578.27,0,0,2171.2942,2171.2942,3578.27,286.2616,89.4568,\N,\N,"2011-12-25 00:00:00.000000","2012-01-06 00:00:00.000000","2012-01-01 00:00:00.000000"
314,20111225,20120106,20120101,12188,1,100,4,"SO46581",1,1,1,3578.27,3578.27,0,0,2171.2942,2171.2942,3578.27,286.2616,89.4568,\N,\N,"2011-12-25 00:00:00.000000","2012-01-06 00:00:00.000000","2012-01-01 00:00:00.000000"
314,20111225,20120106,20120101,12207,1,100,1,"SO46582",1,1,1,3578.27,3578.27,0,0,2171.2942,2171.2942,3578.27,286.2616,89.4568,\N,\N,"2011-12-25 00:00:00.000000","2012-01-06 00:00:00.000000","2012-01-01 00:00:00.000000"
310,20111225,20120106,20120101,20622,1,6,9,"SO46583",1,1,1,3578.27,3578.27,0,0,2171.2942,2171.2942,3578.27,286.2616,89.4568,\N,\N,"2011-12-25 00:00:00.000000","2012-01-06 00:00:00.000000","2012-01-01 00:00:00.000000"
348,20111225,20120106,20120101,12252,1,6,9,"SO46584",1,1,1,3374.99,3374.99,0,0,1898.0944,1898.0944,3374.99,269.9992,84.3748,\N,\N,"2011-12-25 00:00:00.000000","2012-01-06 00:00:00.000000","2012-01-01 00:00:00.000000"
314,20111226,20120107,20120102,15050,1,100,8,"SO46585",1,1,1,3578.27,3578.27,0,0,2171.2942,2171.2942,3578.27,286.2616,89.4568,\N,\N,"2011-12-26 00:00:00.000000","2012-01-07 00:00:00.000000","2012-01-02 00:00:00.000000"
313,20111226,20120107,20120102,12364,1,100,1,"SO46586",1,1,1,3578.27,3578.27,0,0,2171.2942,2171.2942,3578.27,286.2616,89.4568,\N,\N,"2011-12-26 00:00:00.000000","2012-01-07 00:00:00.000000","2012-01-02 00:00:00.000000"
314,20111226,20120107,20120102,12448,1,100,1,"SO46587",1,1,1,3578.27,3578.27,0,0,2171.2942,2171.2942,3578.27,286.2616,89.4568,\N,\N,"2011-12-26 00:00:00.000000","2012-01-07 00:00:00.000000","2012-01-02 00:00:00.000000"
351,20111226,20120107,20120102,20035,1,19,6,"SO46588",1,1,1,3374.99,3374.99,0,0,1898.0944,1898.0944,3374.99,269.9992,84.3748,\N,\N,"2011-12-26 00:00:00.000000","2012-01-07 00:00:00.000000","2012-01-02 00:00:00.000000"
326,20111226,20120107,20120102,25946,1,6,9,"SO46589",1,1,1,699.0982,699.0982,0,0,413.1463,413.1463,699.0982,55.9279,17.4775,\N,\N,"2011-12-26 00:00:00.000000","2012-01-07 00:00:00.000000","2012-01-02 00:00:00.000000"
312,20111227,20120108,20120103,24501,1,19,6,"SO46590",1,1,1,3578.27,3578.27,0,0,2171.2942,2171.2942,3578.27,286.2616,89.4568,\N,\N,"2011-12-27 00:00:00.000000","2012-01-08 00:00:00.000000","2012-01-03 00:00:00.000000"
310,20111227,20120108,20120103,12773,1,100,1,"SO46591",1,1,1,3578.27,3578.27,0,0,2171.2942,2171.2942,3578.27,286.2616,89.4568,\N,\N,"2011-12-27 00:00:00.000000","2012-01-08 00:00:00.000000","2012-01-03 00:00:00.000000"
313,20111227,20120108,20120103,24664,1,19,6,"SO46592",1,1,1,3578.27,3578.27,0,0,2171.2942,2171.2942,3578.27,286.2616,89.4568,\N,\N,"2011-12-27 00:00:00.000000","2012-01-08 00:00:00.000000","2012-01-03 00:00:00.000000"
314,20111227,20120108,20120103,12912,1,100,1,"SO46593",1,1,1,3578.27,3578.27,0,0,2171.2942,2171.2942,3578.27,286.2616,89.4568,\N,\N,"2011-12-27 00:00:00.000000","2012-01-08 00:00:00.000000","2012-01-03 00:00:00.000000"
314,20111227,20120108,20120103,20818,1,6,9,"SO46594",1,1,1,3578.27,3578.27,0,0,2171.2942,2171.2942,3578.27,286.2616,89.4568,\N,\N,"2011-12-27 00:00:00.000000","2012-01-08 00:00:00.000000","2012-01-03 00:00:00.000000"
312,20111227,20120108,20120103,15691,1,98,10,"SO46595",1,1,1,3578.27,3578.27,0,0,2171.2942,2171.2942,3578.27,286.2616,89.4568,\N,\N,"2011-12-27 00:00:00.000000","2012-01-08 00:00:00.000000","2012-01-03 00:00:00.000000"
349,20111227,20120108,20120103,12037,1,6,9,"SO46596",1,1,1,3374.99,3374.99,0,0,1898.0944,1898.0944,3374.99,269.9992,84.3748,\N,\N,"2011-12-27 00:00:00.000000","2012-01-08 00:00:00.000000","2012-01-03 00:00:00.000000"
348,20111227,20120108,20120103,12039,1,6,9,"SO46597",1,1,1,3374.99,3374.99,0,0,1898.0944,1898.0944,3374.99,269.9992,84.3748,\N,\N,"2011-12-27 00:00:00.000000","2012-01-08 00:00:00.000000","2012-01-03 00:00:00.000000"
311,20111228,20120109,20120104,15080,1,100,8,"SO46598",1,1,1,3578.27,3578.27,0,0,2171.2942,2171.2942,3578.27,286.2616,89.4568,\N,\N,"2011-12-28 00:00:00.000000","2012-01-09 00:00:00.000000","2012-01-04 00:00:00.000000"
310,20111228,20120109,20120104,12206,1,100,4,"SO46599",1,1,1,3578.27,3578.27,0,0,2171.2942,2171.2942,3578.27,286.2616,89.4568,\N,\N,"2011-12-28 00:00:00.000000","2012-01-09 00:00:00.000000","2012-01-04 00:00:00.000000"
334,20111228,20120109,20120104,19027,1,100,7,"SO46600",1,1,1,699.0982,699.0982,0,0,413.1463,413.1463,699.0982,55.9279,17.4775,\N,\N,"2011-12-28 00:00:00.000000","2012-01-09 00:00:00.000000","2012-01-04 00:00:00.000000"
345,20111228,20120109,20120104,26098,1,100,4,"SO46601",1,1,1,3399.99,3399.99,0,0,1912.1544,1912.1544,3399.99,271.9992,84.9998,\N,\N,"2011-12-28 00:00:00.000000","2012-01-09 00:00:00.000000","2012-01-04 00:00:00.000000"
312,20111228,20120109,20120104,20823,1,6,9,"SO46602",1,1,1,3578.27,3578.27,0,0,2171.2942,2171.2942,3578.27,286.2616,89.4568,\N,\N,"2011-12-28 00:00:00.000000","2012-01-09 00:00:00.000000","2012-01-04 00:00:00.000000"
345,20111228,20120109,20120104,12240,1,6,9,"SO46603",1,1,1,3399.99,3399.99,0,0,1912.1544,1912.1544,3399.99,271.9992,84.9998,\N,\N,"2011-12-28 00:00:00.000000","2012-01-09 00:00:00.000000","2012-01-04 00:00:00.000000"
