order_id,order_date,region,category,quantity,amount
1000,2025-01-01,North,Components,1,224.95
1001,2025-01-01,North,Bikes,5,1624.03
1002,2025-01-01,West,Components,4,121.82
1003,2025-01-01,West,Bikes,1,1353.42
1004,2025-01-02,North,Bikes,5,2883.25
1005,2025-01-02,South,Accessories,1,18.27
1006,2025-01-02,South,Components,5,194.58
1007,2025-01-02,South,Bikes,1,2068.24
1008,2025-01-02,North,Components,5,218.47
1009,2025-01-02,West,Bikes,5,2172.35
1010,2025-01-03,West,Clothing,3,71.57
1011,2025-01-03,South,Clothing,2,53.29
1012,2025-01-03,West,Bikes,3,2075.84
1013,2025-01-03,North,Accessories,1,28.31
1014,2025-01-03,East,Accessories,2,23.13
1015,2025-01-04,North,Accessories,5,17.84
1016,2025-01-04,East,Clothing,5,61.0
1017,2025-01-04,West,Accessories,1,40.59
1018,2025-01-04,West,Bikes,1,2877.26
1019,2025-01-04,East,Bikes,5,2415.09
1020,2025-01-05,East,Clothing,1,92.7
1021,2025-01-05,North,Accessories,4,31.15
1022,2025-01-05,East,Bikes,2,1304.81
1023,2025-01-05,West,Components,1,225.83
1024,2025-01-05,East,Components,2,240.64
1025,2025-01-06,East,Clothing,4,91.84
1026,2025-01-06,South,Components,2,154.56
1027,2025-01-06,North,Components,4,301.05
1028,2025-01-06,North,Components,2,186.83
1029,2025-01-06,East,Accessories,2,38.69
1030,2025-01-07,West,Bikes,4,1820.91
1031,2025-01-07,West,Accessories,4,32.78
1032,2025-01-07,South,Bikes,4,1245.07
1033,2025-01-07,North,Components,1,142.73
1034,2025-01-07,North,Bikes,3,2059.3
1035,2025-01-07,South,Bikes,5,984.7
1036,2025-01-08,East,Components,5,294.09
1037,2025-01-08,North,Clothing,4,72.29
1038,2025-01-08,East,Accessories,1,36.41
1039,2025-01-08,East,Components,3,140.49
1040,2025-01-08,South,Accessories,5,51.07
1041,2025-01-09,East,Components,2,385.45
1042,2025-01-09,East,Bikes,1,2473.5
1043,2025-01-10,East,Clothing,2,108.83
1044,2025-01-10,South,Clothing,2,85.95
1045,2025-01-10,South,Accessories,2,47.33
1046,2025-01-10,North,Accessories,1,31.15
1047,2025-01-11,East,Accessories,4,27.1
1048,2025-01-11,East,Clothing,1,112.76
1049,2025-01-11,West,Components,2,140.48
1050,2025-01-11,North,Clothing,4,49.58
1051,2025-01-12,North,Bikes,4,2639.1
1052,2025-01-12,South,Components,4,248.96
1053,2025-01-12,West,Clothing,4,39.68
1054,2025-01-12,North,Accessories,2,47.47
1055,2025-01-13,West,Components,2,118.95
1056,2025-01-13,East,Accessories,2,43.85
1057,2025-01-13,North,Components,5,117.18
1058,2025-01-14,South,Accessories,2,57.71
1059,2025-01-14,East,Bikes,5,1377.6
1060,2025-01-14,East,Components,3,331.4
1061,2025-01-15,North,Accessories,3,51.3
1062,2025-01-15,West,Accessories,5,44.07
1063,2025-01-15,North,Components,4,264.48
1064,2025-01-15,South,Components,2,286.63
1065,2025-01-15,North,Components,5,247.65
1066,2025-01-15,West,Bikes,1,1538.09
1067,2025-01-16,East,Bikes,1,1370.37
1068,2025-01-16,North,Bikes,1,1931.45
1069,2025-01-16,South,Accessories,3,29.89
1070,2025-01-16,West,Accessories,5,37.57
1071,2025-01-16,East,Components,5,312.79
1072,2025-01-16,South,Components,4,353.42
1073,2025-01-17,North,Accessories,2,34.8
1074,2025-01-17,East,Accessories,1,19.26
1075,2025-01-18,South,Clothing,4,44.41
1076,2025-01-18,North,Components,4,326.49
1077,2025-01-18,South,Accessories,2,23.04
1078,2025-01-19,South,Accessories,3,30.46
1079,2025-01-19,East,Clothing,1,40.14
1080,2025-01-19,West,Clothing,1,79.01
1081,2025-01-19,East,Accessories,5,30.14
1082,2025-01-19,South,Bikes,1,1076.76
1083,2025-01-20,South,Clothing,3,55.26
1084,2025-01-20,East,Components,4,347.59
1085,2025-01-21,North,Accessories,3,45.67
1086,2025-01-21,South,Bikes,4,2563.21
1087,2025-01-21,North,Bikes,1,1414.58
1088,2025-01-22,South,Bikes,1,2148.9
1089,2025-01-22,West,Clothing,1,105.0
1090,2025-01-22,West,Clothing,3,116.07
1091,2025-01-22,South,Components,1,123.47
1092,2025-01-23,South,Clothing,3,36.62
1093,2025-01-23,South,Clothing,3,77.08
1094,2025-01-23,South,Accessories,3,37.23
1095,2025-01-24,North,Bikes,1,2985.09
1096,2025-01-24,South,Bikes,5,2419.25
1097,2025-01-24,West,Accessories,1,26.53
1098,2025-01-24,West,Accessories,5,43.82
1099,2025-01-25,East,Components,2,394.53
1100,2025-01-25,East,Components,1,227.8
1101,2025-01-25,East,Components,4,115.11
1102,2025-01-25,West,Components,5,126.99
1103,2025-01-26,North,Components,4,310.91
1104,2025-01-26,West,Components,1,156.46
1105,2025-01-26,East,Clothing,5,63.03
1106,2025-01-26,East,Clothing,2,52.95
1107,2025-01-27,West,Components,1,111.31
1108,2025-01-27,South,Accessories,2,27.93
1109,2025-01-27,North,Bikes,2,1029.15
1110,2025-01-27,West,Accessories,1,40.88
1111,2025-01-28,North,Clothing,5,85.38
1112,2025-01-28,West,Components,3,300.77
1113,2025-01-28,South,Accessories,1,22.48
1114,2025-01-28,South,Accessories,5,47.07
1115,2025-01-29,South,Bikes,1,2621.26
1116,2025-01-29,East,Bikes,1,923.11
1117,2025-01-29,North,Accessories,1,51.37
1118,2025-01-29,North,Components,4,252.21
1119,2025-01-29,North,Bikes,5,2452.12
1120,2025-01-29,West,Bikes,3,2446.63
1121,2025-01-30,South,Clothing,2,52.14
1122,2025-01-30,West,Accessories,1,36.98
1123,2025-01-31,South,Clothing,1,96.93
1124,2025-01-31,East,Components,5,206.75
1125,2025-01-31,North,Components,4,114.6
1126,2025-01-31,North,Clothing,2,114.24
1127,2025-01-31,East,Accessories,4,28.43
1128,2025-02-01,South,Accessories,3,48.48
1129,2025-02-01,North,Bikes,3,2859.02
1130,2025-02-01,West,Accessories,3,19.41
1131,2025-02-01,South,Accessories,1,25.02
1132,2025-02-01,East,Bikes,3,1139.3
1133,2025-02-02,East,Clothing,2,107.03
1134,2025-02-02,West,Accessories,4,53.97
1135,2025-02-02,West,Bikes,4,1176.8
1136,2025-02-03,West,Clothing,3,93.59
1137,2025-02-03,East,Accessories,1,29.49
1138,2025-02-03,West,Clothing,1,95.57
1139,2025-02-03,East,Components,3,316.78
1140,2025-02-03,West,Clothing,5,37.84
1141,2025-02-04,East,Clothing,1,110.27
1142,2025-02-04,East,Clothing,2,40.94
1143,2025-02-05,East,Clothing,2,69.1
1144,2025-02-05,West,Clothing,1,98.46
1145,2025-02-05,South,Accessories,1,54.63
1146,2025-02-06,South,Accessories,3,35.16
1147,2025-02-06,South,Accessories,2,18.25
1148,2025-02-07,East,Accessories,3,30.65
1149,2025-02-07,South,Clothing,3,66.57
1150,2025-02-07,West,Accessories,1,39.64
1151,2025-02-07,North,Components,2,296.63
1152,2025-02-07,West,Accessories,3,39.35
1153,2025-02-08,South,Accessories,2,22.06
1154,2025-02-08,North,Bikes,3,1210.63
1155,2025-02-08,South,Components,1,217.29
1156,2025-02-08,South,Accessories,4,32.3
1157,2025-02-08,North,Clothing,4,60.84
1158,2025-02-09,South,Clothing,1,42.97
1159,2025-02-09,West,Clothing,4,107.86
1160,2025-02-09,East,Accessories,1,34.36
1161,2025-02-09,West,Components,5,120.31
1162,2025-02-10,West,Bikes,4,990.81
1163,2025-02-10,South,Components,2,337.0
1164,2025-02-10,North,Components,4,261.75
1165,2025-02-10,North,Bikes,1,2026.22
1166,2025-02-10,North,Components,3,178.12
1167,2025-02-11,West,Clothing,1,76.84
1168,2025-02-11,South,Bikes,4,984.78
1169,2025-02-11,North,Clothing,1,51.2
1170,2025-02-12,East,Clothing,3,116.24
1171,2025-02-12,South,Components,5,248.17
1172,2025-02-12,West,Components,3,119.45
1173,2025-02-12,West,Bikes,4,879.66
1174,2025-02-12,West,Bikes,3,1389.33
1175,2025-02-12,East,Components,4,253.26
1176,2025-02-13,East,Accessories,5,24.52
1177,2025-02-13,South,Bikes,3,1276.7
1178,2025-02-13,South,Components,3,177.61
1179,2025-02-13,West,Clothing,5,41.55
1180,2025-02-14,North,Components,5,250.99
1181,2025-02-14,North,Components,2,377.07
1182,2025-02-14,South,Bikes,4,2940.98
1183,2025-02-15,West,Bikes,3,1230.99
1184,2025-02-15,South,Bikes,3,2991.65
1185,2025-02-16,West,Components,1,299.3
1186,2025-02-16,West,Clothing,3,88.3
1187,2025-02-16,North,Clothing,1,69.62
1188,2025-02-17,West,Clothing,1,39.17
1189,2025-02-17,East,Components,4,220.71
1190,2025-02-18,South,Bikes,3,2359.03
1191,2025-02-18,East,Accessories,4,24.31
1192,2025-02-19,West,Accessories,1,26.63
1193,2025-02-19,North,Accessories,1,17.65
1194,2025-02-20,East,Components,3,326.67
1195,2025-02-20,North,Clothing,3,60.57
1196,2025-02-20,East,Clothing,1,110.17
1197,2025-02-20,South,Bikes,1,885.0
1198,2025-02-21,West,Accessories,3,56.34
1199,2025-02-21,South,Accessories,4,50.48
1200,2025-02-21,East,Components,2,113.51
1201,2025-02-21,East,Components,4,205.6
1202,2025-02-21,North,Clothing,5,98.35
1203,2025-02-22,South,Accessories,4,47.87
1204,2025-02-22,West,Bikes,5,2238.44
1205,2025-02-22,West,Clothing,1,45.9
1206,2025-02-23,South,Clothing,1,84.95
1207,2025-02-23,West,Accessories,2,37.17
1208,2025-02-24,South,Components,5,231.3
1209,2025-02-24,East,Bikes,3,2520.27
1210,2025-02-24,East,Clothing,3,80.09
1211,2025-02-25,South,Components,2,237.81
1212,2025-02-25,South,Components,3,155.25
1213,2025-02-25,South,Bikes,5,1689.79
1214,2025-02-25,North,Components,4,298.49
1215,2025-02-26,South,Bikes,4,842.22
1216,2025-02-26,East,Clothing,2,35.77
1217,2025-02-27,South,Bikes,1,1242.83
1218,2025-02-27,South,Clothing,4,75.53
1219,2025-02-28,North,Clothing,1,97.61
1220,2025-02-28,East,Clothing,3,50.7
1221,2025-02-28,East,Components,1,123.75
1222,2025-02-28,East,Components,4,346.14
1223,2025-02-28,East,Clothing,1,47.96
1224,2025-02-28,West,Components,5,120.08
1225,2025-03-01,West,Bikes,5,1715.98
1226,2025-03-01,North,Components,2,295.47
1227,2025-03-01,West,Accessories,3,45.46
1228,2025-03-01,North,Clothing,3,67.55
1229,2025-03-01,North,Clothing,3,67.23
1230,2025-03-02,South,Accessories,1,46.83
1231,2025-03-02,West,Accessories,1,54.13
1232,2025-03-02,East,Bikes,4,1711.76
1233,2025-03-03,South,Components,4,115.28
1234,2025-03-03,East,Bikes,5,2072.47
1235,2025-03-03,East,Components,2,153.1
1236,2025-03-04,North,Components,4,378.1
1237,2025-03-04,South,Accessories,3,47.9
1238,2025-03-04,North,Components,4,352.64
1239,2025-03-04,West,Clothing,1,36.87
1240,2025-03-04,South,Components,5,295.8
1241,2025-03-04,South,Accessories,4,42.06
1242,2025-03-05,South,Components,4,123.04
1243,2025-03-05,South,Clothing,2,42.73
1244,2025-03-05,North,Bikes,3,2745.62
1245,2025-03-06,East,Accessories,4,41.42
1246,2025-03-06,West,Clothing,4,81.42
1247,2025-03-07,South,Accessories,1,37.38
1248,2025-03-07,West,Bikes,4,2172.09
1249,2025-03-07,West,Components,2,239.95
1250,2025-03-07,North,Accessories,2,33.04
1251,2025-03-08,West,Accessories,5,31.56
1252,2025-03-08,South,Bikes,1,920.49
1253,2025-03-08,North,Clothing,1,97.83
1254,2025-03-08,South,Accessories,1,43.66
1255,2025-03-09,West,Bikes,3,1251.78
1256,2025-03-09,South,Components,1,309.02
1257,2025-03-10,East,Clothing,4,45.74
1258,2025-03-10,West,Components,2,184.35
1259,2025-03-10,South,Clothing,3,84.22
1260,2025-03-10,South,Clothing,4,35.48
1261,2025-03-11,West,Clothing,2,89.59
1262,2025-03-11,North,Clothing,3,42.06
1263,2025-03-11,North,Accessories,3,39.55
1264,2025-03-12,East,Accessories,3,47.24
1265,2025-03-12,South,Accessories,3,57.88
1266,2025-03-12,West,Clothing,2,96.74
1267,2025-03-12,North,Components,3,288.6
1268,2025-03-12,East,Clothing,1,58.48
1269,2025-03-12,East,Bikes,5,1312.23
1270,2025-03-13,North,Accessories,2,37.76
1271,2025-03-13,North,Accessories,1,25.75
1272,2025-03-13,East,Bikes,3,838.16
1273,2025-03-13,South,Bikes,4,1964.73
1274,2025-03-13,South,Clothing,3,81.96
1275,2025-03-14,North,Accessories,2,22.86
1276,2025-03-14,North,Components,2,241.12
1277,2025-03-14,East,Clothing,1,66.21
1278,2025-03-14,East,Bikes,5,2228.49
1279,2025-03-14,West,Accessories,2,41.52
1280,2025-03-14,North,Components,1,371.75
1281,2025-03-15,South,Bikes,2,1711.26
1282,2025-03-15,North,Bikes,1,2805.97
1283,2025-03-15,South,Components,5,152.06
1284,2025-03-15,South,Accessories,5,50.42
1285,2025-03-15,North,Clothing,4,37.74
1286,2025-03-15,West,Bikes,4,1644.53
1287,2025-03-16,North,Accessories,3,23.57
1288,2025-03-16,North,Components,3,296.86
1289,2025-03-17,West,Bikes,5,1408.23
1290,2025-03-17,South,Clothing,1,57.26
1291,2025-03-17,South,Bikes,2,1199.97
1292,2025-03-17,East,Components,2,326.34
1293,2025-03-18,West,Clothing,5,82.98
1294,2025-03-18,North,Accessories,1,36.06
1295,2025-03-18,South,Accessories,5,56.41
1296,2025-03-18,West,Clothing,5,98.81
1297,2025-03-18,South,Bikes,2,2055.89
1298,2025-03-19,South,Bikes,3,1074.69
1299,2025-03-19,North,Components,1,313.23
1300,2025-03-20,North,Bikes,1,2341.17
1301,2025-03-20,North,Clothing,4,49.15
1302,2025-03-20,South,Bikes,1,1366.22
1303,2025-03-21,North,Bikes,3,2887.15
1304,2025-03-21,North,Accessories,2,20.39
1305,2025-03-22,East,Clothing,1,60.7
1306,2025-03-22,East,Clothing,1,53.98
1307,2025-03-22,West,Clothing,3,109.0
1308,2025-03-22,North,Bikes,4,2540.41
1309,2025-03-23,North,Bikes,5,1583.11
1310,2025-03-23,North,Components,5,317.17
1311,2025-03-23,North,Clothing,5,46.72
1312,2025-03-23,North,Components,1,194.21
1313,2025-03-23,West,Clothing,2,73.69
1314,2025-03-23,East,Accessories,5,41.13
1315,2025-03-24,South,Clothing,4,101.0
1316,2025-03-24,North,Components,4,142.72
1317,2025-03-24,East,Bikes,1,2191.66
1318,2025-03-25,North,Accessories,4,53.72
1319,2025-03-25,East,Bikes,3,1637.59
1320,2025-03-25,South,Accessories,4,54.12
1321,2025-03-25,South,Components,5,383.42
1322,2025-03-25,East,Bikes,5,1586.8
1323,2025-03-26,East,Accessories,2,44.05
1324,2025-03-26,East,Accessories,5,34.66
1325,2025-03-26,West,Components,2,147.38
1326,2025-03-27,South,Components,2,188.2
1327,2025-03-27,East,Components,2,319.7
1328,2025-03-27,South,Components,3,205.68
1329,2025-03-27,North,Bikes,2,1188.78
1330,2025-03-27,South,Accessories,3,22.54
1331,2025-03-27,South,Clothing,1,68.98
1332,2025-03-28,West,Clothing,4,49.75
1333,2025-03-28,West,Bikes,2,859.81
1334,2025-03-29,South,Clothing,3,71.37
1335,2025-03-29,South,Accessories,4,16.42
1336,2025-03-29,South,Accessories,2,51.79
1337,2025-03-29,East,Bikes,3,1814.97
1338,2025-03-29,South,Bikes,4,2769.17
1339,2025-03-29,West,Components,4,183.17
1340,2025-03-30,West,Bikes,5,2177.89
1341,2025-03-30,East,Components,1,369.15
1342,2025-03-30,North,Accessories,1,51.2
1343,2025-03-30,South,Clothing,2,78.11
1344,2025-03-30,West,Clothing,5,40.88
1345,2025-03-31,East,Accessories,5,37.74
1346,2025-03-31,West,Clothing,2,66.92
1347,2025-03-31,North,Components,5,224.27
1348,2025-04-01,West,Bikes,4,1378.94
1349,2025-04-01,West,Bikes,4,861.31
1350,2025-04-01,North,Clothing,2,81.21
1351,2025-04-01,South,Clothing,4,94.79
1352,2025-04-02,North,Components,2,158.48
1353,2025-04-02,South,Accessories,2,43.22
1354,2025-04-02,West,Clothing,4,88.44
1355,2025-04-02,South,Clothing,4,96.34
1356,2025-04-02,South,Clothing,3,98.33
1357,2025-04-03,South,Clothing,4,115.11
1358,2025-04-03,East,Bikes,3,2575.87
1359,2025-04-03,East,Components,4,299.86
1360,2025-04-03,North,Accessories,3,34.22
1361,2025-04-03,West,Components,1,379.03
1362,2025-04-04,South,Clothing,5,98.37
1363,2025-04-04,North,Clothing,1,85.67
1364,2025-04-05,East,Bikes,5,2252.32
1365,2025-04-05,South,Bikes,2,2084.64
1366,2025-04-05,South,Accessories,2,30.77
1367,2025-04-06,North,Components,5,286.91
1368,2025-04-06,South,Clothing,5,48.99
1369,2025-04-06,West,Bikes,1,2438.37
1370,2025-04-06,South,Bikes,2,1405.0
1371,2025-04-06,North,Accessories,4,36.94
1372,2025-04-07,South,Components,4,313.14
1373,2025-04-07,North,Components,2,266.71
1374,2025-04-07,West,Clothing,3,71.77
1375,2025-04-07,West,Accessories,1,31.97
1376,2025-04-07,North,Components,1,294.85
1377,2025-04-08,East,Bikes,1,2309.96
1378,2025-04-08,South,Accessories,1,36.59
1379,2025-04-08,South,Components,3,318.27
1380,2025-04-08,East,Bikes,3,2697.63
1381,2025-04-08,South,Accessories,3,48.95
1382,2025-04-08,East,Accessories,5,30.58
1383,2025-04-09,West,Clothing,4,57.03
1384,2025-04-09,East,Clothing,5,74.78
1385,2025-04-10,North,Components,3,299.91
1386,2025-04-10,East,Components,2,202.51
1387,2025-04-10,North,Bikes,4,2529.93
1388,2025-04-10,North,Accessories,4,39.14
1389,2025-04-11,South,Bikes,4,845.94
1390,2025-04-11,West,Bikes,5,2540.35
1391,2025-04-11,North,Components,2,291.9
1392,2025-04-11,West,Bikes,2,2276.23
1393,2025-04-12,West,Components,1,361.85
1394,2025-04-12,South,Bikes,3,1630.92
1395,2025-04-13,South,Clothing,4,104.97
1396,2025-04-13,West,Bikes,5,1521.84
1397,2025-04-13,North,Bikes,1,1909.91
1398,2025-04-13,West,Accessories,4,40.4
1399,2025-04-13,West,Bikes,5,863.09
1400,2025-04-13,West,Components,5,248.21
1401,2025-04-14,South,Bikes,2,2227.53
1402,2025-04-14,North,Bikes,1,1756.74
1403,2025-04-15,South,Components,4,361.95
1404,2025-04-15,South,Bikes,4,1428.7
1405,2025-04-16,South,Bikes,1,1624.43
1406,2025-04-16,West,Clothing,4,85.29
1407,2025-04-16,North,Clothing,1,109.27
1408,2025-04-17,North,Bikes,4,864.38
1409,2025-04-17,South,Clothing,4,58.68
1410,2025-04-18,West,Bikes,4,1517.09
1411,2025-04-18,North,Components,3,152.82
1412,2025-04-18,West,Components,4,292.73
1413,2025-04-18,West,Accessories,3,48.94
1414,2025-04-18,North,Clothing,5,56.99
1415,2025-04-18,North,Clothing,2,105.57
1416,2025-04-19,South,Clothing,4,81.59
1417,2025-04-19,South,Accessories,4,45.01
1418,2025-04-19,East,Clothing,3,90.33
1419,2025-04-19,North,Clothing,3,67.94
1420,2025-04-19,South,Components,3,345.27
1421,2025-04-19,North,Accessories,5,30.79
1422,2025-04-20,South,Accessories,2,49.75
1423,2025-04-20,West,Clothing,4,83.46
1424,2025-04-20,North,Components,4,378.24
1425,2025-04-20,East,Accessories,1,38.94
1426,2025-04-20,East,Components,5,225.92
1427,2025-04-20,South,Clothing,2,72.49
1428,2025-04-21,East,Components,3,137.61
1429,2025-04-21,South,Clothing,2,66.25
1430,2025-04-21,West,Bikes,3,2829.51
1431,2025-04-22,North,Clothing,2,85.64
1432,2025-04-22,East,Clothing,3,82.65
1433,2025-04-23,South,Bikes,5,1036.15
1434,2025-04-23,South,Accessories,3,40.88
1435,2025-04-23,West,Clothing,5,68.23
1436,2025-04-23,North,Components,3,184.3
1437,2025-04-23,West,Components,1,398.05
1438,2025-04-23,East,Bikes,4,942.88
1439,2025-04-24,West,Bikes,1,2700.4
1440,2025-04-24,South,Bikes,1,1389.2
1441,2025-04-24,South,Accessories,3,23.88
1442,2025-04-24,South,Components,2,397.21
1443,2025-04-24,East,Bikes,1,2870.84
1444,2025-04-25,North,Bikes,3,2644.66
1445,2025-04-25,South,Accessories,3,18.53
1446,2025-04-25,East,Bikes,5,2865.79
1447,2025-04-25,North,Accessories,4,48.09
1448,2025-04-25,West,Clothing,1,63.66
1449,2025-04-25,South,Clothing,4,72.89
1450,2025-04-26,North,Components,4,374.87
1451,2025-04-26,South,Components,2,341.55
1452,2025-04-26,East,Bikes,2,2854.09
1453,2025-04-27,West,Bikes,1,2836.7
1454,2025-04-27,East,Bikes,3,1811.58
1455,2025-04-27,East,Components,2,248.82
1456,2025-04-27,North,Clothing,2,51.03
1457,2025-04-27,South,Accessories,4,39.48
1458,2025-04-28,South,Clothing,2,67.58
1459,2025-04-28,East,Bikes,3,1419.31
1460,2025-04-28,North,Components,3,186.23
1461,2025-04-29,North,Accessories,2,20.99
1462,2025-04-29,North,Accessories,3,51.34
1463,2025-04-29,West,Components,3,391.14
1464,2025-04-29,North,Components,4,377.98
1465,2025-04-29,South,Clothing,1,67.36
1466,2025-04-30,North,Components,4,393.43
1467,2025-04-30,West,Clothing,1,75.37
1468,2025-04-30,West,Clothing,1,48.02
1469,2025-04-30,South,Accessories,2,25.37
1470,2025-05-01,South,Components,5,427.53
1471,2025-05-01,West,Bikes,3,3549.74
1472,2025-05-01,South,Components,5,230.35
1473,2025-05-02,West,Components,1,153.91
1474,2025-05-02,West,Clothing,1,81.88
1475,2025-05-02,West,Bikes,2,2322.84
1476,2025-05-02,East,Clothing,1,72.0
1477,2025-05-03,North,Clothing,3,109.15
1478,2025-05-03,North,Accessories,1,76.97
1479,2025-05-03,East,Clothing,4,125.03
1480,2025-05-04,North,Bikes,4,1977.76
1481,2025-05-04,South,Accessories,1,51.07
1482,2025-05-04,South,Components,5,527.3
1483,2025-05-04,East,Components,3,215.47
1484,2025-05-04,South,Bikes,3,1181.89
1485,2025-05-04,West,Bikes,5,3574.2
1486,2025-05-05,North,Accessories,2,27.73
1487,2025-05-05,West,Bikes,4,1923.56
1488,2025-05-05,North,Clothing,4,56.27
1489,2025-05-06,South,Components,5,485.83
1490,2025-05-06,South,Accessories,1,64.34
1491,2025-05-06,North,Accessories,4,61.34
1492,2025-05-07,South,Clothing,3,82.26
1493,2025-05-07,East,Accessories,4,69.82
1494,2025-05-08,South,Bikes,3,2075.27
1495,2025-05-08,North,Components,3,489.49
1496,2025-05-08,North,Bikes,3,2677.59
1497,2025-05-08,North,Accessories,2,33.29
1498,2025-05-08,West,Components,4,314.08
1499,2025-05-08,North,Bikes,1,3492.11
1500,2025-05-09,East,Clothing,5,148.16
1501,2025-05-09,East,Bikes,1,2942.18
1502,2025-05-09,North,Bikes,3,2393.55
1503,2025-05-09,South,Bikes,1,2018.33
1504,2025-05-09,East,Bikes,1,2863.3
1505,2025-05-09,South,Accessories,4,55.45
1506,2025-05-10,West,Components,5,495.22
1507,2025-05-10,North,Clothing,5,74.93
1508,2025-05-11,South,Accessories,4,56.57
1509,2025-05-11,East,Components,4,363.94
1510,2025-05-11,West,Clothing,3,113.46
1511,2025-05-11,South,Bikes,2,1833.59
1512,2025-05-12,West,Accessories,1,77.02
1513,2025-05-12,South,Clothing,3,62.21
1514,2025-05-12,East,Clothing,2,99.65
1515,2025-05-12,North,Clothing,2,50.22
1516,2025-05-12,East,Bikes,4,2897.33
1517,2025-05-12,West,Bikes,3,2637.21
1518,2025-05-13,South,Components,4,535.83
1519,2025-05-13,South,Clothing,2,119.76
1520,2025-05-14,North,Clothing,4,137.16
1521,2025-05-14,South,Clothing,4,133.04
1522,2025-05-14,North,Bikes,4,1137.65
1523,2025-05-14,South,Accessories,4,76.63
1524,2025-05-14,North,Clothing,4,143.03
1525,2025-05-14,East,Accessories,3,61.27
1526,2025-05-15,West,Clothing,3,88.19
1527,2025-05-15,West,Bikes,4,3427.2
1528,2025-05-15,East,Accessories,2,38.94
1529,2025-05-15,South,Accessories,1,54.6
1530,2025-05-16,South,Clothing,3,153.97
1531,2025-05-16,North,Components,1,529.13
1532,2025-05-16,West,Bikes,3,1875.4
1533,2025-05-16,West,Clothing,5,105.0
1534,2025-05-17,East,Accessories,1,44.03
1535,2025-05-17,North,Clothing,1,95.29
1536,2025-05-17,East,Components,5,188.6
1537,2025-05-17,South,Accessories,2,58.76
1538,2025-05-17,West,Accessories,5,49.56
1539,2025-05-17,North,Clothing,2,122.42
1540,2025-05-18,North,Clothing,3,85.46
1541,2025-05-18,East,Components,3,193.1
1542,2025-05-18,East,Accessories,5,57.77
1543,2025-05-18,South,Components,4,346.91
1544,2025-05-19,North,Bikes,3,2968.04
1545,2025-05-19,North,Bikes,1,3148.34
1546,2025-05-19,North,Clothing,3,124.59
1547,2025-05-20,North,Bikes,2,2839.64
1548,2025-05-20,East,Components,5,344.17
1549,2025-05-20,West,Components,5,374.04
1550,2025-05-20,North,Bikes,1,1550.16
1551,2025-05-20,West,Bikes,4,1347.68
1552,2025-05-21,North,Accessories,1,67.75
1553,2025-05-21,South,Clothing,3,60.12
1554,2025-05-21,East,Clothing,1,63.02
1555,2025-05-21,West,Bikes,5,2145.51
1556,2025-05-21,South,Accessories,4,22.99
1557,2025-05-21,South,Bikes,2,2410.95
1558,2025-05-22,South,Bikes,3,1591.25
1559,2025-05-22,West,Bikes,3,3754.19
1560,2025-05-22,West,Accessories,1,56.15
1561,2025-05-23,South,Accessories,4,60.26
1562,2025-05-23,West,Clothing,1,89.09
1563,2025-05-23,South,Components,3,184.11
1564,2025-05-24,East,Components,4,152.98
1565,2025-05-24,West,Clothing,3,56.82
1566,2025-05-24,North,Accessories,4,58.92
1567,2025-05-24,West,Clothing,2,106.75
1568,2025-05-24,South,Accessories,4,38.0
1569,2025-05-25,East,Clothing,2,119.31
1570,2025-05-25,North,Components,2,425.29
1571,2025-05-26,West,Components,2,366.44
1572,2025-05-26,South,Components,4,293.49
1573,2025-05-26,South,Accessories,3,57.67
1574,2025-05-26,South,Accessories,4,50.59
1575,2025-05-27,West,Clothing,5,111.54
1576,2025-05-27,West,Clothing,5,104.57
1577,2025-05-27,North,Components,5,198.95
1578,2025-05-28,West,Clothing,1,127.46
1579,2025-05-28,West,Components,1,271.21
1580,2025-05-29,North,Components,1,275.2
1581,2025-05-29,East,Clothing,2,135.34
1582,2025-05-29,North,Bikes,2,3227.25
1583,2025-05-30,West,Components,3,468.56
1584,2025-05-30,West,Clothing,2,89.63
1585,2025-05-30,East,Clothing,3,63.81
1586,2025-05-30,West,Accessories,2,23.31
1587,2025-05-31,North,Clothing,2,146.81
1588,2025-05-31,South,Clothing,1,56.86
1589,2025-05-31,South,Accessories,4,24.15
1590,2025-05-31,South,Components,4,445.21
1591,2025-05-31,South,Bikes,5,2740.61
1592,2025-06-01,East,Accessories,4,62.63
1593,2025-06-01,North,Clothing,3,150.18
1594,2025-06-01,North,Bikes,2,3684.7
1595,2025-06-02,South,Bikes,3,3439.95
1596,2025-06-02,West,Bikes,5,2345.42
1597,2025-06-03,East,Clothing,4,103.73
1598,2025-06-03,West,Accessories,5,74.78
1599,2025-06-03,South,Bikes,4,3104.02
1600,2025-06-04,South,Components,1,340.91
1601,2025-06-04,South,Clothing,2,63.6
1602,2025-06-04,North,Clothing,2,72.15
1603,2025-06-04,North,Clothing,2,83.25
1604,2025-06-04,West,Clothing,4,59.36
1605,2025-06-04,North,Components,5,425.19
1606,2025-06-05,East,Components,3,514.98
1607,2025-06-05,South,Components,5,495.03
1608,2025-06-05,North,Components,5,280.09
1609,2025-06-05,South,Accessories,2,65.13
1610,2025-06-05,West,Accessories,2,69.62
1611,2025-06-06,West,Clothing,2,45.16
1612,2025-06-06,East,Bikes,3,1301.47
1613,2025-06-07,West,Bikes,1,3177.25
1614,2025-06-07,West,Components,5,276.54
1615,2025-06-07,North,Clothing,1,76.68
1616,2025-06-08,West,Accessories,1,78.3
1617,2025-06-08,East,Clothing,1,155.25
1618,2025-06-09,East,Accessories,1,49.65
1619,2025-06-09,East,Clothing,5,148.35
1620,2025-06-09,North,Clothing,2,118.04
1621,2025-06-09,West,Bikes,2,1198.98
1622,2025-06-09,South,Clothing,1,85.6
1623,2025-06-10,East,Clothing,3,86.9
1624,2025-06-10,East,Components,3,293.73
1625,2025-06-10,North,Components,5,172.51
1626,2025-06-10,South,Accessories,4,73.36
1627,2025-06-11,East,Accessories,5,63.44
1628,2025-06-11,South,Bikes,2,1540.02
1629,2025-06-11,West,Components,1,322.84
1630,2025-06-11,West,Bikes,2,3613.21
1631,2025-06-11,North,Components,1,431.95
1632,2025-06-12,North,Accessories,1,30.02
1633,2025-06-12,North,Accessories,4,72.53
1634,2025-06-12,South,Bikes,2,3073.35
1635,2025-06-12,West,Accessories,5,38.7
1636,2025-06-12,West,Clothing,1,108.3
1637,2025-06-12,West,Clothing,5,102.53
1638,2025-06-13,North,Accessories,1,76.58
1639,2025-06-13,East,Clothing,5,113.04
1640,2025-06-13,West,Accessories,2,76.07
1641,2025-06-14,North,Clothing,2,104.08
1642,2025-06-14,West,Components,1,414.69
1643,2025-06-14,East,Components,5,407.59
1644,2025-06-14,South,Accessories,5,42.35
1645,2025-06-15,South,Accessories,2,36.72
1646,2025-06-15,North,Components,2,363.76
1647,2025-06-15,South,Clothing,5,117.65
1648,2025-06-15,South,Clothing,5,124.41
1649,2025-06-15,North,Accessories,5,34.76
1650,2025-06-16,North,Bikes,4,3615.75
1651,2025-06-16,North,Components,5,486.76
1652,2025-06-16,West,Bikes,5,2470.46
1653,2025-06-16,South,Components,5,527.5
1654,2025-06-16,South,Accessories,3,65.95
1655,2025-06-16,North,Bikes,3,2307.74
1656,2025-06-17,South,Bikes,4,3178.15
1657,2025-06-17,South,Clothing,4,57.46
1658,2025-06-18,East,Components,2,369.55
1659,2025-06-18,East,Clothing,1,128.54
1660,2025-06-19,East,Bikes,4,1824.95
1661,2025-06-19,East,Bikes,1,3513.39
1662,2025-06-19,North,Clothing,1,106.18
1663,2025-06-19,South,Components,4,249.29
1664,2025-06-20,North,Accessories,4,28.33
1665,2025-06-20,East,Bikes,2,1340.73
1666,2025-06-21,West,Clothing,2,143.14
1667,2025-06-21,East,Clothing,4,105.0
1668,2025-06-21,South,Bikes,4,1197.42
1669,2025-06-22,North,Accessories,1,71.53
1670,2025-06-22,West,Components,4,391.96
1671,2025-06-22,West,Components,4,420.24
1672,2025-06-22,North,Components,3,490.48
1673,2025-06-22,East,Clothing,2,103.84
1674,2025-06-22,East,Bikes,4,1743.29
1675,2025-06-23,East,Accessories,3,43.94
1676,2025-06-23,West,Bikes,3,2106.35
1677,2025-06-23,West,Components,5,158.0
1678,2025-06-23,South,Bikes,3,2970.31
1679,2025-06-24,East,Clothing,3,50.97
1680,2025-06-24,North,Components,5,536.95
1681,2025-06-24,West,Bikes,5,3676.72
1682,2025-06-24,East,Bikes,2,2186.51
1683,2025-06-24,East,Components,3,415.72
1684,2025-06-25,West,Components,3,286.67
1685,2025-06-25,East,Bikes,4,3184.86
1686,2025-06-25,South,Clothing,3,145.47
1687,2025-06-25,North,Components,4,202.89
1688,2025-06-26,East,Accessories,2,44.4
1689,2025-06-26,East,Bikes,3,1545.66
1690,2025-06-26,South,Clothing,5,52.11
1691,2025-06-26,East,Bikes,5,2835.9
1692,2025-06-26,East,Clothing,4,156.07
1693,2025-06-27,South,Accessories,3,40.03
1694,2025-06-27,South,Clothing,3,105.91
1695,2025-06-28,West,Bikes,4,1763.57
1696,2025-06-28,East,Components,5,498.21
1697,2025-06-28,North,Bikes,2,1700.38
1698,2025-06-29,East,Bikes,2,1356.98
1699,2025-06-29,North,Bikes,3,1675.42
1700,2025-06-29,East,Bikes,1,1745.76
1701,2025-06-29,East,Accessories,2,44.93
1702,2025-06-29,North,Bikes,1,3650.17
1703,2025-06-29,West,Clothing,3,132.02
1704,2025-06-30,East,Bikes,5,1200.29
1705,2025-06-30,East,Clothing,2,50.12
1706,2025-06-30,South,Bikes,2,1179.41
1707,2025-06-30,East,Bikes,4,2171.7
1708,2025-06-30,South,Clothing,5,105.02
1709,2025-07-01,East,Clothing,4,69.91
1710,2025-07-01,East,Bikes,5,3394.78
1711,2025-07-01,East,Accessories,5,53.69
1712,2025-07-01,North,Clothing,5,58.75
1713,2025-07-01,East,Accessories,2,27.55
1714,2025-07-01,North,Components,1,306.33
1715,2025-07-02,South,Components,5,197.67
1716,2025-07-02,East,Components,2,251.05
1717,2025-07-02,South,Components,5,489.63
1718,2025-07-02,South,Bikes,4,2151.17
1719,2025-07-02,East,Accessories,4,34.0
1720,2025-07-02,North,Accessories,1,33.94
1721,2025-07-03,West,Bikes,3,3484.75
1722,2025-07-03,West,Bikes,4,1792.24
1723,2025-07-04,North,Components,3,161.98
1724,2025-07-04,East,Accessories,2,35.63
1725,2025-07-04,East,Clothing,3,130.11
1726,2025-07-04,South,Accessories,4,34.19
1727,2025-07-04,South,Clothing,3,152.3
1728,2025-07-05,West,Bikes,2,2094.72
1729,2025-07-05,West,Components,2,274.71
1730,2025-07-05,South,Bikes,3,3707.36
1731,2025-07-05,West,Bikes,2,3405.96
1732,2025-07-06,East,Components,1,537.98
1733,2025-07-06,North,Bikes,2,1569.39
1734,2025-07-06,East,Clothing,1,60.9
1735,2025-07-06,West,Components,1,331.15
1736,2025-07-06,West,Accessories,3,41.19
1737,2025-07-07,North,Components,1,228.54
1738,2025-07-07,South,Components,5,346.86
1739,2025-07-08,North,Bikes,3,3255.88
1740,2025-07-08,North,Bikes,4,3694.82
1741,2025-07-08,North,Components,2,354.91
1742,2025-07-08,South,Components,5,417.3
1743,2025-07-08,West,Bikes,1,2675.05
1744,2025-07-09,South,Components,1,482.74
1745,2025-07-09,North,Clothing,3,123.78
1746,2025-07-09,North,Clothing,2,51.59
1747,2025-07-09,East,Bikes,3,2318.76
1748,2025-07-10,West,Clothing,5,122.03
1749,2025-07-10,West,Clothing,3,106.18
1750,2025-07-11,West,Accessories,4,39.98
1751,2025-07-11,West,Components,4,300.96
1752,2025-07-11,North,Components,2,500.26
1753,2025-07-11,West,Clothing,2,122.65
1754,2025-07-11,North,Components,5,408.74
1755,2025-07-12,East,Bikes,4,2312.02
1756,2025-07-12,North,Clothing,4,95.56
1757,2025-07-13,West,Clothing,2,111.12
1758,2025-07-13,North,Accessories,4,42.08
1759,2025-07-13,East,Clothing,1,113.46
1760,2025-07-13,East,Components,3,510.34
1761,2025-07-13,East,Accessories,5,70.66
1762,2025-07-14,South,Accessories,1,54.33
1763,2025-07-14,South,Clothing,3,103.35
1764,2025-07-14,South,Components,4,412.74
1765,2025-07-14,North,Components,3,399.81
1766,2025-07-14,West,Accessories,1,42.45
1767,2025-07-14,East,Accessories,4,30.62
1768,2025-07-15,East,Clothing,4,84.32
1769,2025-07-15,East,Bikes,4,1929.41
1770,2025-07-16,South,Accessories,5,57.97
1771,2025-07-16,South,Components,3,152.31
1772,2025-07-17,East,Components,4,392.87
1773,2025-07-17,South,Clothing,1,45.77
1774,2025-07-17,South,Clothing,3,50.32
1775,2025-07-17,East,Clothing,2,148.05
1776,2025-07-17,North,Clothing,5,138.63
1777,2025-07-18,West,Bikes,3,1714.92
1778,2025-07-18,West,Clothing,4,148.46
1779,2025-07-18,East,Clothing,4,48.5
1780,2025-07-18,East,Accessories,3,58.74
1781,2025-07-18,South,Components,5,300.29
1782,2025-07-19,South,Clothing,3,50.96
1783,2025-07-19,West,Bikes,4,1358.82
1784,2025-07-19,West,Accessories,1,51.78
1785,2025-07-20,West,Accessories,4,75.06
1786,2025-07-20,North,Accessories,4,31.9
1787,2025-07-21,North,Accessories,2,29.57
1788,2025-07-21,North,Components,3,306.65
1789,2025-07-21,West,Clothing,1,131.25
1790,2025-07-21,North,Bikes,5,1770.57
1791,2025-07-21,North,Bikes,2,1422.49
1792,2025-07-22,South,Accessories,3,25.0
1793,2025-07-22,West,Accessories,5,70.96
1794,2025-07-22,North,Components,2,539.26
1795,2025-07-22,North,Clothing,2,81.78
1796,2025-07-22,North,Clothing,3,102.9
1797,2025-07-22,East,Accessories,5,36.38
1798,2025-07-23,East,Accessories,3,60.61
1799,2025-07-23,West,Components,5,488.04
1800,2025-07-23,South,Clothing,1,78.44
1801,2025-07-23,East,Components,4,359.37
1802,2025-07-23,South,Accessories,3,62.25
1803,2025-07-24,North,Components,3,328.01
1804,2025-07-24,West,Bikes,5,2684.26
1805,2025-07-24,South,Clothing,4,47.77
1806,2025-07-24,South,Clothing,5,66.56
1807,2025-07-25,West,Accessories,2,44.97
1808,2025-07-25,West,Components,1,172.51
1809,2025-07-25,North,Bikes,5,1525.72
1810,2025-07-25,South,Accessories,4,32.12
1811,2025-07-25,East,Components,2,412.8
1812,2025-07-25,South,Components,5,206.85
1813,2025-07-26,North,Accessories,1,27.29
1814,2025-07-26,East,Accessories,4,34.6
1815,2025-07-27,South,Components,1,488.59
1816,2025-07-27,East,Components,2,476.09
1817,2025-07-27,South,Clothing,3,124.16
1818,2025-07-27,South,Clothing,2,80.65
1819,2025-07-27,North,Components,3,302.69
1820,2025-07-28,South,Components,5,399.91
1821,2025-07-28,South,Bikes,2,1704.61
1822,2025-07-28,West,Accessories,1,40.82
1823,2025-07-28,North,Bikes,2,3548.35
1824,2025-07-28,East,Bikes,1,1975.47
1825,2025-07-29,East,Bikes,3,1711.49
1826,2025-07-29,West,Bikes,3,1713.88
1827,2025-07-29,East,Components,1,375.73
1828,2025-07-29,East,Bikes,2,3954.51
1829,2025-07-29,North,Components,2,406.05
1830,2025-07-30,South,Clothing,3,94.89
1831,2025-07-30,East,Clothing,1,64.1
1832,2025-07-30,North,Accessories,2,27.32
1833,2025-07-30,North,Accessories,1,48.12
1834,2025-07-31,South,Bikes,4,2333.05
1835,2025-07-31,South,Clothing,3,52.42
1836,2025-07-31,North,Components,3,408.47
1837,2025-07-31,West,Bikes,3,3588.72
1838,2025-07-31,North,Components,2,251.9
1839,2025-07-31,East,Bikes,5,1572.75
1840,2025-08-01,South,Bikes,2,2073.49
1841,2025-08-01,East,Bikes,2,2607.34
1842,2025-08-01,South,Clothing,2,89.67
1843,2025-08-01,South,Components,1,433.37
1844,2025-08-01,North,Bikes,4,1434.33
1845,2025-08-01,South,Components,1,418.69
1846,2025-08-02,North,Components,4,478.02
1847,2025-08-02,North,Accessories,3,57.38
1848,2025-08-02,South,Bikes,2,1371.65
1849,2025-08-03,North,Bikes,5,3527.5
1850,2025-08-03,North,Clothing,2,155.56
1851,2025-08-03,East,Components,1,467.71
1852,2025-08-04,West,Components,4,154.2
1853,2025-08-04,South,Bikes,2,1382.54
1854,2025-08-04,East,Components,2,208.98
1855,2025-08-04,South,Components,3,227.3
1856,2025-08-04,West,Bikes,1,4042.08
1857,2025-08-05,North,Clothing,2,147.05
1858,2025-08-05,West,Bikes,1,3598.75
1859,2025-08-05,West,Clothing,4,110.04
1860,2025-08-05,East,Components,1,251.13
1861,2025-08-05,South,Accessories,4,69.22
1862,2025-08-06,North,Clothing,1,128.84
1863,2025-08-06,South,Clothing,2,129.14
1864,2025-08-06,South,Components,4,379.17
1865,2025-08-06,West,Bikes,3,2271.64
1866,2025-08-06,North,Accessories,2,44.98
1867,2025-08-07,North,Accessories,3,66.97
1868,2025-08-07,North,Accessories,4,56.22
1869,2025-08-07,East,Accessories,4,45.24
1870,2025-08-07,South,Components,1,280.81
1871,2025-08-08,North,Accessories,3,69.91
1872,2025-08-08,East,Clothing,2,53.76
1873,2025-08-08,South,Accessories,1,45.05
1874,2025-08-08,North,Components,4,416.35
1875,2025-08-09,South,Accessories,3,37.32
1876,2025-08-09,West,Components,3,237.44
1877,2025-08-09,South,Accessories,2,39.99
1878,2025-08-10,South,Bikes,1,1126.03
1879,2025-08-10,East,Components,3,327.28
1880,2025-08-10,West,Bikes,2,4004.72
1881,2025-08-10,North,Clothing,5,119.54
1882,2025-08-10,East,Clothing,3,94.27
1883,2025-08-11,North,Accessories,4,75.21
1884,2025-08-11,North,Accessories,1,42.56
1885,2025-08-11,West,Bikes,3,2755.43
1886,2025-08-11,West,Components,1,434.26
1887,2025-08-12,East,Accessories,2,29.67
1888,2025-08-12,North,Components,4,379.14
1889,2025-08-12,East,Components,2,441.48
1890,2025-08-12,North,Clothing,4,131.66
1891,2025-08-13,West,Accessories,4,58.78
1892,2025-08-13,East,Clothing,3,122.33
1893,2025-08-13,West,Components,1,475.06
1894,2025-08-13,South,Clothing,5,145.41
1895,2025-08-13,South,Bikes,3,1599.29
1896,2025-08-13,West,Bikes,3,2842.77
1897,2025-08-14,West,Clothing,2,78.94
1898,2025-08-14,West,Clothing,1,149.32
1899,2025-08-14,East,Clothing,4,84.9
1900,2025-08-15,West,Clothing,5,56.54
1901,2025-08-15,East,Accessories,1,58.11
1902,2025-08-15,West,Components,5,258.77
1903,2025-08-15,East,Accessories,4,64.68
1904,2025-08-15,West,Clothing,5,125.34
1905,2025-08-16,North,Bikes,1,1884.7
1906,2025-08-16,East,Clothing,3,83.98
1907,2025-08-16,North,Components,5,495.5
1908,2025-08-16,North,Accessories,3,69.33
1909,2025-08-17,North,Components,4,527.24
1910,2025-08-17,East,Accessories,4,69.74
1911,2025-08-17,East,Accessories,3,50.3
1912,2025-08-18,West,Components,3,357.4
1913,2025-08-18,North,Components,4,233.09
1914,2025-08-18,South,Bikes,5,2593.75
1915,2025-08-19,East,Accessories,2,34.04
1916,2025-08-19,South,Components,5,236.65
1917,2025-08-19,North,Bikes,4,3752.64
1918,2025-08-19,West,Clothing,5,58.68
1919,2025-08-19,East,Clothing,5,124.74
1920,2025-08-20,East,Components,5,270.61
1921,2025-08-20,North,Bikes,1,2177.17
1922,2025-08-20,West,Clothing,2,68.59
1923,2025-08-21,West,Clothing,5,101.01
1924,2025-08-21,West,Bikes,1,1240.85
1925,2025-08-21,East,Accessories,3,34.64
1926,2025-08-21,South,Components,3,234.97
1927,2025-08-21,South,Bikes,1,1777.24
1928,2025-08-22,North,Clothing,3,91.97
1929,2025-08-22,West,Bikes,4,2835.89
1930,2025-08-22,North,Accessories,3,34.74
1931,2025-08-22,East,Clothing,1,118.58
1932,2025-08-22,West,Accessories,4,54.61
1933,2025-08-22,South,Accessories,1,32.72
1934,2025-08-23,South,Components,1,260.21
1935,2025-08-23,South,Bikes,2,2407.95
1936,2025-08-23,East,Clothing,1,66.63
1937,2025-08-23,South,Bikes,4,1308.48
1938,2025-08-23,East,Bikes,5,3568.73
1939,2025-08-24,East,Components,3,370.5
1940,2025-08-24,South,Clothing,3,55.72
1941,2025-08-24,West,Accessories,1,73.0
1942,2025-08-24,South,Clothing,3,55.89
1943,2025-08-25,East,Accessories,3,78.21
1944,2025-08-25,South,Accessories,1,72.91
1945,2025-08-25,South,Clothing,3,101.53
1946,2025-08-25,South,Clothing,3,118.41
1947,2025-08-25,West,Accessories,2,65.92
1948,2025-08-26,North,Components,2,203.94
1949,2025-08-26,North,Accessories,4,23.44
1950,2025-08-26,North,Bikes,3,1721.58
1951,2025-08-26,West,Clothing,4,114.8
1952,2025-08-26,South,Components,3,152.86
1953,2025-08-27,South,Bikes,2,1411.82
1954,2025-08-27,West,Accessories,1,47.83
1955,2025-08-27,South,Bikes,4,3645.47
1956,2025-08-27,West,Components,4,429.56
1957,2025-08-27,West,Components,5,196.17
1958,2025-08-28,South,Bikes,1,3171.73
1959,2025-08-28,South,Accessories,1,54.07
1960,2025-08-28,South,Components,1,186.58
1961,2025-08-28,West,Bikes,2,2489.61
1962,2025-08-28,North,Components,5,452.38
1963,2025-08-29,South,Accessories,4,36.83
1964,2025-08-29,North,Bikes,1,2525.63
1965,2025-08-29,South,Components,5,205.87
1966,2025-08-29,West,Clothing,1,55.78
1967,2025-08-29,North,Bikes,5,3615.39
1968,2025-08-29,East,Bikes,4,3189.85
1969,2025-08-30,South,Bikes,1,2762.7
1970,2025-08-30,West,Components,2,473.57
1971,2025-08-30,South,Bikes,4,3196.28
1972,2025-08-30,North,Bikes,5,2917.09
1973,2025-08-30,North,Clothing,2,120.83
1974,2025-08-31,East,Bikes,3,2200.19
1975,2025-08-31,East,Clothing,2,60.56
1976,2025-09-01,North,Bikes,5,994.83
1977,2025-09-01,West,Components,4,261.11
1978,2025-09-02,North,Components,1,375.47
1979,2025-09-02,North,Bikes,2,2383.73
1980,2025-09-02,North,Accessories,2,49.9
1981,2025-09-02,South,Clothing,3,69.56
1982,2025-09-02,North,Clothing,3,103.61
1983,2025-09-02,West,Accessories,2,20.17
1984,2025-09-03,South,Clothing,1,55.46
1985,2025-09-03,East,Accessories,2,38.82
1986,2025-09-03,East,Clothing,1,109.89
1987,2025-09-03,North,Components,5,367.8
1988,2025-09-03,East,Components,4,141.26
1989,2025-09-04,North,Clothing,4,37.78
1990,2025-09-04,North,Components,5,172.04
1991,2025-09-04,West,Components,5,381.69
1992,2025-09-04,South,Bikes,3,2234.65
1993,2025-09-05,North,Clothing,2,68.69
1994,2025-09-05,South,Accessories,3,42.04
1995,2025-09-06,North,Components,1,209.63
1996,2025-09-06,South,Components,1,296.03
1997,2025-09-06,East,Bikes,1,2336.65
1998,2025-09-06,North,Bikes,1,2411.72
1999,2025-09-06,North,Clothing,4,38.64
2000,2025-09-07,West,Clothing,2,109.88
2001,2025-09-07,West,Bikes,4,1384.31
2002,2025-09-07,North,Components,4,239.41
2003,2025-09-07,South,Clothing,1,59.54
2004,2025-09-07,South,Accessories,1,51.07
2005,2025-09-07,East,Components,3,342.71
2006,2025-09-08,North,Bikes,1,2662.92
2007,2025-09-08,East,Components,3,336.81
2008,2025-09-08,West,Components,1,124.18
2009,2025-09-08,North,Bikes,5,1661.53
2010,2025-09-08,East,Components,1,128.91
2011,2025-09-08,South,Clothing,3,104.14
2012,2025-09-09,East,Components,3,150.93
2013,2025-09-09,North,Clothing,2,46.37
2014,2025-09-09,West,Components,1,193.33
2015,2025-09-09,South,Components,4,298.19
2016,2025-09-10,West,Components,3,296.12
2017,2025-09-10,West,Bikes,3,941.96
2018,2025-09-10,West,Components,4,192.34
2019,2025-09-10,West,Accessories,5,21.06
2020,2025-09-11,West,Bikes,4,1708.46
2021,2025-09-11,West,Components,4,373.58
2022,2025-09-11,North,Bikes,3,1088.58
2023,2025-09-11,South,Clothing,3,69.74
2024,2025-09-11,South,Bikes,4,987.3
2025,2025-09-12,West,Accessories,5,20.82
2026,2025-09-12,South,Bikes,5,1351.41
2027,2025-09-12,North,Clothing,4,50.25
2028,2025-09-13,West,Accessories,2,55.08
2029,2025-09-13,East,Bikes,1,2578.68
2030,2025-09-13,East,Components,1,191.99
2031,2025-09-13,West,Bikes,4,2355.17
2032,2025-09-14,North,Components,4,258.05
2033,2025-09-14,South,Bikes,4,1995.11
2034,2025-09-14,South,Components,4,298.92
2035,2025-09-14,East,Clothing,2,94.7
2036,2025-09-15,North,Bikes,4,2126.78
2037,2025-09-15,East,Components,4,356.34
2038,2025-09-15,East,Components,3,353.21
2039,2025-09-16,West,Components,1,382.12
2040,2025-09-16,West,Components,2,114.64
2041,2025-09-16,West,Bikes,2,1865.08
2042,2025-09-16,West,Components,2,166.53
2043,2025-09-16,West,Clothing,3,116.51
2044,2025-09-16,East,Components,1,392.37
2045,2025-09-17,North,Components,5,210.04
2046,2025-09-17,South,Clothing,1,97.19
2047,2025-09-17,East,Components,5,286.34
2048,2025-09-17,West,Accessories,2,36.18
2049,2025-09-17,North,Clothing,3,52.61
2050,2025-09-18,South,Components,5,373.73
2051,2025-09-18,North,Clothing,2,107.0
2052,2025-09-18,North,Components,5,233.03
2053,2025-09-18,East,Accessories,5,49.44
2054,2025-09-18,East,Components,4,359.26
2055,2025-09-19,North,Bikes,1,1775.31
2056,2025-09-19,South,Clothing,2,38.31
2057,2025-09-20,East,Bikes,5,1978.35
2058,2025-09-20,West,Bikes,5,1798.46
2059,2025-09-20,South,Clothing,4,108.03
2060,2025-09-20,East,Bikes,5,2114.29
2061,2025-09-20,East,Accessories,2,23.83
2062,2025-09-21,East,Clothing,1,112.87
2063,2025-09-21,West,Bikes,2,2183.69
2064,2025-09-21,North,Clothing,4,99.68
2065,2025-09-21,South,Accessories,4,30.5
2066,2025-09-21,South,Clothing,4,98.51
2067,2025-09-22,West,Components,2,267.58
2068,2025-09-22,East,Components,4,218.01
2069,2025-09-23,South,Clothing,2,43.11
2070,2025-09-23,South,Clothing,4,41.89
2071,2025-09-23,West,Accessories,5,43.39
2072,2025-09-23,East,Accessories,3,55.85
2073,2025-09-23,West,Accessories,1,29.42
2074,2025-09-24,East,Accessories,5,31.75
2075,2025-09-24,South,Components,3,294.14
2076,2025-09-24,South,Clothing,1,86.98
2077,2025-09-25,North,Accessories,2,51.95
2078,2025-09-25,West,Bikes,5,2121.49
2079,2025-09-25,North,Clothing,2,34.82
2080,2025-09-25,North,Bikes,2,2338.75
2081,2025-09-25,South,Components,1,161.37
2082,2025-09-25,North,Bikes,2,1079.75
2083,2025-09-26,East,Accessories,3,30.3
2084,2025-09-26,West,Clothing,3,67.51
2085,2025-09-26,North,Clothing,3,37.0
2086,2025-09-27,North,Clothing,3,40.07
2087,2025-09-27,East,Components,3,339.5
2088,2025-09-27,North,Accessories,2,22.12
2089,2025-09-28,North,Accessories,2,28.61
2090,2025-09-28,West,Clothing,1,99.48
2091,2025-09-28,South,Bikes,4,2101.36
2092,2025-09-28,South,Accessories,5,49.49
2093,2025-09-28,West,Bikes,5,2617.9
2094,2025-09-29,South,Components,1,114.79
2095,2025-09-29,East,Accessories,5,26.33
2096,2025-09-29,East,Accessories,1,38.15
2097,2025-09-29,North,Bikes,2,1327.71
2098,2025-09-29,West,Clothing,5,50.17
2099,2025-09-30,East,Components,3,170.06
2100,2025-09-30,South,Components,4,156.41
2101,2025-09-30,East,Clothing,4,101.99
2102,2025-10-01,East,Clothing,1,37.06
2103,2025-10-01,South,Clothing,2,36.51
2104,2025-10-01,South,Components,4,379.88
2105,2025-10-01,North,Bikes,5,1260.44
2106,2025-10-02,West,Clothing,5,90.1
2107,2025-10-02,North,Clothing,1,97.65
2108,2025-10-02,North,Accessories,3,34.59
2109,2025-10-02,West,Components,4,240.76
2110,2025-10-02,East,Clothing,5,77.41
2111,2025-10-02,West,Bikes,1,1059.66
2112,2025-10-03,South,Components,1,121.79
2113,2025-10-03,North,Accessories,3,44.98
2114,2025-10-03,East,Bikes,4,2677.57
2115,2025-10-03,North,Bikes,1,1145.98
2116,2025-10-04,South,Clothing,5,108.96
2117,2025-10-04,East,Bikes,2,2347.99
2118,2025-10-05,South,Accessories,4,23.31
2119,2025-10-05,East,Accessories,1,45.98
2120,2025-10-05,North,Components,1,243.2
2121,2025-10-05,West,Clothing,4,111.75
2122,2025-10-05,East,Components,4,387.02
2123,2025-10-05,South,Accessories,2,46.32
2124,2025-10-06,East,Bikes,2,2710.04
2125,2025-10-06,West,Bikes,2,1384.79
2126,2025-10-06,East,Clothing,2,58.76
2127,2025-10-06,North,Accessories,2,18.56
2128,2025-10-06,East,Clothing,5,33.25
2129,2025-10-07,East,Bikes,2,2893.15
2130,2025-10-07,East,Clothing,3,101.31
2131,2025-10-08,West,Clothing,4,84.38
2132,2025-10-08,South,Clothing,1,41.65
2133,2025-10-08,South,Accessories,1,48.02
2134,2025-10-08,East,Components,3,328.85
2135,2025-10-09,East,Clothing,2,64.42
2136,2025-10-09,East,Components,1,266.59
2137,2025-10-09,South,Clothing,3,107.79
2138,2025-10-09,North,Components,5,358.38
2139,2025-10-09,West,Accessories,4,56.01
2140,2025-10-09,East,Components,2,321.52
2141,2025-10-10,North,Bikes,1,1088.66
2142,2025-10-10,North,Components,4,217.79
2143,2025-10-11,West,Components,3,359.17
2144,2025-10-11,East,Accessories,5,56.34
2145,2025-10-12,East,Clothing,3,108.1
2146,2025-10-12,North,Bikes,4,2130.95
2147,2025-10-12,South,Accessories,2,33.71
2148,2025-10-12,East,Components,1,215.58
2149,2025-10-12,West,Bikes,1,1831.49
2150,2025-10-13,South,Accessories,5,58.22
2151,2025-10-13,East,Clothing,1,101.43
2152,2025-10-13,North,Components,2,340.12
2153,2025-10-14,North,Accessories,4,22.83
2154,2025-10-14,East,Components,5,205.45
2155,2025-10-14,North,Components,2,252.78
2156,2025-10-14,South,Accessories,2,58.27
2157,2025-10-15,East,Bikes,1,2712.3
2158,2025-10-15,North,Bikes,5,1281.4
2159,2025-10-16,South,Accessories,2,55.44
2160,2025-10-16,North,Components,4,293.13
2161,2025-10-16,East,Components,5,284.77
2162,2025-10-17,West,Components,1,232.29
2163,2025-10-17,East,Bikes,2,2507.41
2164,2025-10-17,South,Components,5,266.43
2165,2025-10-17,South,Components,2,178.0
2166,2025-10-18,South,Bikes,3,2454.18
2167,2025-10-18,North,Accessories,4,55.12
2168,2025-10-18,North,Bikes,1,1790.56
2169,2025-10-18,West,Accessories,2,22.17
2170,2025-10-18,East,Components,4,398.91
2171,2025-10-18,South,Components,2,398.6
2172,2025-10-19,East,Clothing,3,84.41
2173,2025-10-19,West,Components,1,294.26
2174,2025-10-19,East,Components,1,166.74
2175,2025-10-19,West,Clothing,4,47.83
2176,2025-10-19,East,Accessories,4,36.1
2177,2025-10-20,South,Components,5,247.17
2178,2025-10-20,East,Components,4,178.22
2179,2025-10-20,East,Bikes,4,1705.65
2180,2025-10-20,West,Clothing,2,62.0
2181,2025-10-20,North,Accessories,1,52.57
2182,2025-10-20,West,Accessories,4,31.11
2183,2025-10-21,North,Clothing,2,45.55
2184,2025-10-21,West,Clothing,3,89.43
2185,2025-10-21,South,Components,5,209.14
2186,2025-10-21,East,Accessories,1,43.58
2187,2025-10-21,North,Components,5,370.03
2188,2025-10-21,West,Clothing,4,100.27
2189,2025-10-22,North,Clothing,3,76.27
2190,2025-10-22,West,Clothing,1,86.18
2191,2025-10-22,East,Clothing,1,53.8
2192,2025-10-22,North,Clothing,3,99.72
2193,2025-10-23,East,Bikes,3,1429.51
2194,2025-10-23,West,Accessories,1,22.93
2195,2025-10-23,North,Bikes,2,1250.57
2196,2025-10-23,South,Components,1,200.79
2197,2025-10-23,North,Accessories,2,27.29
2198,2025-10-23,South,Bikes,4,2505.43
2199,2025-10-24,West,Bikes,4,2451.65
2200,2025-10-24,South,Bikes,5,2195.2
2201,2025-10-24,North,Components,1,392.9
2202,2025-10-25,North,Components,3,146.85
2203,2025-10-25,South,Components,1,143.42
2204,2025-10-26,South,Components,3,286.83
2205,2025-10-26,West,Bikes,3,2951.56
2206,2025-10-26,West,Accessories,2,33.4
2207,2025-10-27,South,Bikes,2,2985.95
2208,2025-10-27,East,Components,1,368.67
2209,2025-10-27,North,Accessories,4,38.5
2210,2025-10-27,North,Bikes,5,1809.96
2211,2025-10-27,South,Clothing,1,87.95
2212,2025-10-28,West,Components,2,254.36
2213,2025-10-28,North,Bikes,3,1915.42
2214,2025-10-28,South,Accessories,5,45.88
2215,2025-10-28,West,Accessories,3,46.84
2216,2025-10-28,South,Accessories,3,56.4
2217,2025-10-28,South,Accessories,5,24.22
2218,2025-10-29,East,Clothing,5,59.17
2219,2025-10-29,West,Clothing,3,45.71
2220,2025-10-30,North,Accessories,2,55.34
2221,2025-10-30,West,Accessories,3,48.22
2222,2025-10-31,North,Accessories,1,45.86
2223,2025-10-31,East,Components,1,140.7
2224,2025-10-31,East,Accessories,1,34.78
2225,2025-10-31,North,Accessories,1,43.49
2226,2025-10-31,East,Accessories,2,51.3
2227,2025-10-31,East,Bikes,3,2248.77
2228,2025-11-01,East,Accessories,4,48.55
2229,2025-11-01,West,Clothing,1,66.15
2230,2025-11-01,South,Bikes,3,2453.95
2231,2025-11-02,West,Components,2,212.48
2232,2025-11-02,North,Clothing,4,100.97
2233,2025-11-03,North,Bikes,2,1020.57
2234,2025-11-03,North,Accessories,3,41.47
2235,2025-11-03,South,Clothing,2,103.07
2236,2025-11-03,East,Bikes,3,2228.78
2237,2025-11-03,South,Components,4,158.27
2238,2025-11-04,North,Clothing,2,54.22
2239,2025-11-04,East,Components,1,372.6
2240,2025-11-04,West,Accessories,2,38.62
2241,2025-11-05,East,Accessories,1,54.64
2242,2025-11-05,West,Accessories,4,25.95
2243,2025-11-06,South,Components,5,377.44
2244,2025-11-06,West,Bikes,2,2031.88
2245,2025-11-06,West,Components,4,370.42
2246,2025-11-06,North,Clothing,5,79.78
2247,2025-11-06,East,Accessories,2,48.25
2248,2025-11-06,East,Clothing,4,106.96
2249,2025-11-07,East,Components,3,254.92
2250,2025-11-07,South,Accessories,3,40.5
2251,2025-11-08,North,Clothing,3,49.59
2252,2025-11-08,East,Accessories,4,42.68
2253,2025-11-09,South,Components,3,215.0
2254,2025-11-09,South,Clothing,5,113.96
2255,2025-11-09,South,Bikes,5,1742.66
2256,2025-11-10,North,Components,2,259.61
2257,2025-11-10,North,Bikes,2,2313.53
2258,2025-11-11,West,Bikes,1,1409.48
2259,2025-11-11,North,Clothing,5,58.72
2260,2025-11-11,South,Accessories,1,30.92
2261,2025-11-11,South,Components,1,396.19
2262,2025-11-11,East,Components,5,380.0
2263,2025-11-11,West,Clothing,4,89.18
2264,2025-11-12,West,Bikes,1,2123.76
2265,2025-11-12,West,Clothing,3,75.67
2266,2025-11-13,West,Bikes,5,2983.88
2267,2025-11-13,East,Accessories,5,22.97
2268,2025-11-14,East,Clothing,3,109.74
2269,2025-11-14,South,Components,2,157.92
2270,2025-11-14,North,Bikes,2,2106.38
2271,2025-11-15,West,Bikes,4,2045.62
2272,2025-11-15,South,Bikes,4,2407.07
2273,2025-11-15,North,Components,2,179.33
2274,2025-11-15,North,Clothing,4,52.7
2275,2025-11-16,West,Accessories,1,34.26
2276,2025-11-16,North,Components,4,392.54
2277,2025-11-16,South,Components,2,377.56
2278,2025-11-16,East,Bikes,1,1394.84
2279,2025-11-16,West,Clothing,3,86.99
2280,2025-11-16,West,Bikes,2,1941.08
2281,2025-11-17,East,Components,1,199.12
2282,2025-11-17,North,Accessories,4,55.26
2283,2025-11-17,South,Bikes,1,2975.01
2284,2025-11-18,North,Bikes,5,1558.35
2285,2025-11-18,South,Components,2,258.37
2286,2025-11-18,West,Components,1,236.05
2287,2025-11-18,North,Components,2,371.49
2288,2025-11-19,North,Bikes,5,1261.9
2289,2025-11-19,East,Clothing,2,116.03
2290,2025-11-19,East,Clothing,2,88.05
2291,2025-11-19,West,Bikes,1,1699.94
2292,2025-11-19,North,Components,5,135.48
2293,2025-11-20,North,Clothing,4,109.81
2294,2025-11-20,North,Accessories,4,26.84
2295,2025-11-20,West,Accessories,2,28.47
2296,2025-11-21,South,Bikes,1,1879.42
2297,2025-11-21,North,Components,1,277.85
2298,2025-11-21,South,Bikes,1,2567.92
2299,2025-11-22,East,Clothing,4,61.67
2300,2025-11-22,West,Clothing,4,45.99
2301,2025-11-22,North,Components,5,112.04
2302,2025-11-23,South,Components,3,294.76
2303,2025-11-23,West,Bikes,1,1081.86
2304,2025-11-23,North,Components,3,112.05
2305,2025-11-23,East,Bikes,5,2725.69
2306,2025-11-23,South,Accessories,3,56.98
2307,2025-11-24,East,Components,2,250.38
2308,2025-11-24,South,Clothing,5,62.23
2309,2025-11-24,South,Clothing,5,87.89
2310,2025-11-24,South,Bikes,1,1738.95
2311,2025-11-24,West,Clothing,3,55.59
2312,2025-11-24,West,Accessories,5,26.67
2313,2025-11-25,North,Clothing,3,66.22
2314,2025-11-25,South,Accessories,4,29.68
2315,2025-11-25,West,Clothing,3,92.08
2316,2025-11-25,South,Bikes,2,2466.08
2317,2025-11-26,North,Clothing,3,85.85
2318,2025-11-26,West,Bikes,1,1572.25
2319,2025-11-26,East,Accessories,2,56.67
2320,2025-11-26,North,Clothing,2,60.73
2321,2025-11-26,South,Accessories,3,20.48
2322,2025-11-27,East,Bikes,4,2373.75
2323,2025-11-27,South,Accessories,3,28.33
2324,2025-11-27,South,Components,2,392.15
2325,2025-11-27,South,Clothing,3,56.02
2326,2025-11-27,North,Bikes,4,2675.94
2327,2025-11-28,East,Components,5,154.96
2328,2025-11-28,East,Bikes,4,1073.55
2329,2025-11-28,East,Accessories,1,58.07
2330,2025-11-28,West,Accessories,1,32.6
2331,2025-11-28,East,Clothing,3,41.98
2332,2025-11-29,South,Bikes,2,2184.37
2333,2025-11-29,South,Bikes,3,2086.63
2334,2025-11-29,South,Bikes,2,1265.81
2335,2025-11-30,East,Clothing,5,42.58
2336,2025-11-30,North,Bikes,2,1936.47
2337,2025-11-30,West,Components,3,238.13
2338,2025-11-30,North,Bikes,3,2785.54
2339,2025-11-30,West,Accessories,2,26.3
2340,2025-12-01,North,Components,5,219.86
2341,2025-12-01,West,Clothing,4,55.03
2342,2025-12-01,West,Bikes,4,950.2
2343,2025-12-01,South,Components,5,283.88
2344,2025-12-02,North,Accessories,3,22.91
2345,2025-12-02,North,Accessories,3,55.7
2346,2025-12-02,North,Accessories,1,52.85
2347,2025-12-02,South,Bikes,3,2791.36
2348,2025-12-02,West,Bikes,3,1768.84
2349,2025-12-03,South,Clothing,1,115.02
2350,2025-12-03,East,Accessories,5,20.99
2351,2025-12-03,West,Components,3,174.63
2352,2025-12-03,East,Clothing,3,83.05
2353,2025-12-04,East,Clothing,5,103.36
2354,2025-12-04,North,Clothing,3,43.95
2355,2025-12-05,East,Accessories,2,17.14
2356,2025-12-05,South,Accessories,5,16.34
2357,2025-12-05,East,Accessories,2,31.37
2358,2025-12-06,East,Accessories,1,23.11
2359,2025-12-06,East,Bikes,4,1647.75
2360,2025-12-06,West,Bikes,2,1908.3
2361,2025-12-07,South,Components,2,130.47
2362,2025-12-07,South,Clothing,5,100.66
2363,2025-12-07,East,Components,3,301.09
2364,2025-12-07,North,Components,2,317.79
2365,2025-12-07,South,Clothing,5,58.36
2366,2025-12-07,East,Components,5,304.9
2367,2025-12-08,South,Clothing,1,73.92
2368,2025-12-08,North,Bikes,5,1007.37
2369,2025-12-08,North,Components,2,188.22
2370,2025-12-09,South,Bikes,4,866.6
2371,2025-12-09,West,Bikes,5,2629.46
2372,2025-12-09,South,Components,3,359.9
2373,2025-12-09,South,Clothing,3,83.16
2374,2025-12-09,North,Clothing,1,37.94
2375,2025-12-09,East,Bikes,3,942.02
2376,2025-12-10,West,Bikes,5,2715.76
2377,2025-12-10,North,Clothing,1,78.93
2378,2025-12-10,North,Clothing,5,51.54
2379,2025-12-10,South,Accessories,4,41.96
2380,2025-12-11,West,Accessories,2,32.04
2381,2025-12-11,South,Components,2,192.14
2382,2025-12-11,South,Clothing,1,65.72
2383,2025-12-11,East,Components,4,237.93
2384,2025-12-11,North,Clothing,5,74.57
2385,2025-12-11,South,Clothing,3,66.15
2386,2025-12-12,South,Accessories,4,22.77
2387,2025-12-12,South,Components,2,247.17
2388,2025-12-12,North,Components,3,212.96
2389,2025-12-12,North,Clothing,4,61.72
2390,2025-12-12,South,Clothing,3,64.1
2391,2025-12-13,East,Bikes,3,2720.64
2392,2025-12-13,South,Components,2,270.35
2393,2025-12-13,North,Clothing,4,88.96
2394,2025-12-13,West,Accessories,2,34.57
2395,2025-12-13,South,Bikes,5,1170.45
2396,2025-12-14,West,Clothing,4,50.99
2397,2025-12-14,South,Clothing,5,44.91
2398,2025-12-14,South,Components,4,157.54
2399,2025-12-15,North,Accessories,2,51.41
2400,2025-12-15,North,Accessories,5,17.8
2401,2025-12-15,East,Accessories,5,25.35
2402,2025-12-15,South,Components,3,382.14
2403,2025-12-15,North,Clothing,2,41.15
2404,2025-12-15,North,Clothing,1,45.29
2405,2025-12-16,South,Bikes,1,1259.84
2406,2025-12-16,North,Clothing,3,53.64
2407,2025-12-16,North,Accessories,3,23.86
2408,2025-12-16,South,Accessories,4,25.58
2409,2025-12-16,North,Bikes,1,2465.3
2410,2025-12-16,West,Clothing,4,95.48
2411,2025-12-17,North,Components,3,171.32
2412,2025-12-17,West,Accessories,2,33.52
2413,2025-12-18,West,Accessories,4,19.25
2414,2025-12-18,West,Accessories,4,27.74
2415,2025-12-18,South,Components,4,301.74
2416,2025-12-18,North,Components,1,398.23
2417,2025-12-19,North,Accessories,3,57.36
2418,2025-12-19,South,Accessories,4,42.79
2419,2025-12-19,West,Components,2,363.45
2420,2025-12-19,North,Components,3,296.46
2421,2025-12-20,East,Accessories,5,34.77
2422,2025-12-20,South,Components,1,208.18
2423,2025-12-21,East,Clothing,3,36.0
2424,2025-12-21,North,Components,3,144.35
2425,2025-12-22,West,Clothing,5,91.7
2426,2025-12-22,North,Accessories,5,53.86
2427,2025-12-23,West,Clothing,4,73.38
2428,2025-12-23,South,Bikes,4,1774.75
2429,2025-12-23,West,Components,4,203.86
2430,2025-12-23,North,Clothing,4,102.58
2431,2025-12-23,South,Clothing,2,105.94
2432,2025-12-24,East,Accessories,3,48.29
2433,2025-12-24,South,Components,4,285.11
2434,2025-12-24,South,Components,1,381.85
2435,2025-12-24,North,Bikes,5,1733.43
2436,2025-12-24,East,Accessories,5,44.11
2437,2025-12-25,North,Bikes,4,1054.0
2438,2025-12-25,North,Clothing,4,74.98
2439,2025-12-25,West,Clothing,1,43.04
2440,2025-12-25,South,Bikes,1,891.15
2441,2025-12-25,North,Bikes,2,2028.94
2442,2025-12-26,South,Accessories,3,34.75
2443,2025-12-26,North,Bikes,5,2051.73
2444,2025-12-26,North,Accessories,1,29.04
2445,2025-12-26,South,Bikes,5,1758.66
2446,2025-12-27,West,Accessories,1,28.37
2447,2025-12-27,East,Clothing,3,70.79
2448,2025-12-27,North,Clothing,1,86.12
2449,2025-12-27,East,Accessories,1,30.51
2450,2025-12-28,East,Clothing,2,92.94
2451,2025-12-28,East,Accessories,5,54.65
2452,2025-12-28,West,Components,3,396.78
2453,2025-12-28,South,Components,5,149.94
2454,2025-12-29,South,Bikes,3,1389.53
2455,2025-12-29,South,Clothing,4,90.44
2456,2025-12-30,North,Components,3,316.94
2457,2025-12-30,West,Bikes,1,1231.73
2458,2025-12-30,West,Components,4,387.5
2459,2025-12-30,East,Accessories,4,24.42
2460,2025-12-30,South,Accessories,4,37.88
2461,2025-12-31,West,Clothing,1,115.92
2462,2025-12-31,North,Bikes,5,1353.4
2463,2025-12-31,East,Components,4,351.51
2464,2026-01-01,East,Clothing,2,58.68
2465,2026-01-01,South,Components,5,160.15
2466,2026-01-01,North,Components,5,249.07
2467,2026-01-01,South,Components,3,152.42
2468,2026-01-01,East,Clothing,2,57.85
2469,2026-01-02,South,Bikes,4,2886.96
2470,2026-01-02,West,Accessories,1,16.72
2471,2026-01-02,South,Bikes,4,2911.21
2472,2026-01-02,North,Clothing,4,52.62
2473,2026-01-02,North,Accessories,2,40.68
2474,2026-01-03,North,Clothing,3,50.3
2475,2026-01-03,North,Bikes,5,2751.74
2476,2026-01-03,West,Bikes,5,2193.26
2477,2026-01-03,South,Components,5,345.59
2478,2026-01-03,West,Accessories,2,27.38
2479,2026-01-04,East,Bikes,5,2365.62
2480,2026-01-04,East,Accessories,5,54.99
2481,2026-01-04,East,Clothing,5,36.37
2482,2026-01-05,East,Bikes,3,1553.9
2483,2026-01-05,West,Accessories,4,48.93
2484,2026-01-06,East,Accessories,1,48.16
2485,2026-01-06,South,Components,2,344.47
2486,2026-01-06,West,Components,3,150.18
2487,2026-01-06,West,Components,4,385.0
2488,2026-01-06,South,Bikes,1,2199.85
2489,2026-01-07,West,Accessories,1,19.39
2490,2026-01-07,West,Bikes,5,2745.3
2491,2026-01-07,South,Bikes,1,1727.82
2492,2026-01-08,East,Accessories,4,26.2
2493,2026-01-08,North,Accessories,3,32.82
2494,2026-01-08,West,Bikes,2,2145.95
2495,2026-01-08,North,Components,1,207.87
2496,2026-01-08,West,Bikes,4,2655.61
2497,2026-01-08,North,Accessories,5,56.85
2498,2026-01-09,West,Clothing,3,33.43
2499,2026-01-09,North,Accessories,4,42.31
2500,2026-01-09,North,Accessories,4,20.55
2501,2026-01-09,West,Bikes,5,1910.5
2502,2026-01-09,West,Bikes,3,1083.14
2503,2026-01-10,East,Accessories,1,44.18
2504,2026-01-10,South,Accessories,3,53.86
2505,2026-01-11,East,Accessories,5,32.13
2506,2026-01-11,South,Bikes,5,1550.71
2507,2026-01-11,North,Accessories,4,54.64
2508,2026-01-11,South,Accessories,5,53.34
2509,2026-01-11,North,Accessories,3,28.98
2510,2026-01-11,North,Bikes,2,1152.43
2511,2026-01-12,South,Components,4,341.97
2512,2026-01-12,East,Components,5,326.19
2513,2026-01-13,North,Components,2,386.45
2514,2026-01-13,West,Accessories,3,37.91
2515,2026-01-13,South,Components,5,342.86
2516,2026-01-13,North,Clothing,5,111.12
2517,2026-01-13,North,Clothing,1,99.39
2518,2026-01-13,North,Components,4,352.94
2519,2026-01-14,North,Bikes,2,1539.02
2520,2026-01-14,East,Accessories,5,21.82
2521,2026-01-14,North,Bikes,4,2088.8
2522,2026-01-14,North,Components,2,251.61
2523,2026-01-14,South,Components,1,344.87
2524,2026-01-14,East,Bikes,1,2709.85
2525,2026-01-15,East,Accessories,2,42.86
2526,2026-01-15,West,Components,2,201.49
2527,2026-01-15,East,Accessories,5,27.79
2528,2026-01-16,East,Components,2,150.06
2529,2026-01-16,North,Components,1,311.48
2530,2026-01-16,North,Components,3,335.65
2531,2026-01-16,East,Clothing,4,40.64
2532,2026-01-16,North,Components,3,238.77
2533,2026-01-16,South,Accessories,2,53.22
2534,2026-01-17,West,Bikes,1,1030.16
2535,2026-01-17,North,Components,4,182.24
2536,2026-01-18,East,Bikes,2,899.77
2537,2026-01-18,West,Components,3,280.62
2538,2026-01-18,South,Accessories,4,38.57
2539,2026-01-18,East,Bikes,3,1466.57
2540,2026-01-18,East,Bikes,4,1296.03
2541,2026-01-19,West,Components,3,360.36
2542,2026-01-19,North,Accessories,1,42.39
2543,2026-01-19,West,Accessories,4,18.82
2544,2026-01-19,West,Clothing,1,74.0
2545,2026-01-20,South,Components,1,258.52
2546,2026-01-20,East,Accessories,4,53.23
2547,2026-01-20,North,Bikes,4,2038.33
2548,2026-01-21,South,Clothing,3,66.9
2549,2026-01-21,West,Clothing,3,69.92
2550,2026-01-21,South,Accessories,2,41.95
2551,2026-01-22,North,Bikes,3,1727.19
2552,2026-01-22,South,Accessories,4,31.94
2553,2026-01-22,West,Bikes,2,1846.45
2554,2026-01-22,South,Bikes,3,1025.15
2555,2026-01-23,West,Components,4,230.68
2556,2026-01-23,South,Clothing,1,65.13
2557,2026-01-23,West,Clothing,4,76.05
2558,2026-01-23,South,Clothing,2,80.39
2559,2026-01-23,West,Accessories,3,30.06
2560,2026-01-24,West,Accessories,5,17.75
2561,2026-01-24,South,Components,1,301.92
2562,2026-01-24,North,Clothing,2,57.46
2563,2026-01-24,East,Components,4,254.83
2564,2026-01-24,North,Accessories,1,38.62
2565,2026-01-25,West,Components,2,309.88
2566,2026-01-25,South,Clothing,5,62.8
2567,2026-01-25,South,Clothing,1,87.45
2568,2026-01-26,North,Bikes,4,1886.81
2569,2026-01-26,South,Clothing,3,63.63
2570,2026-01-27,West,Accessories,3,23.82
2571,2026-01-27,West,Components,5,282.96
2572,2026-01-27,East,Bikes,3,1245.14
2573,2026-01-28,North,Components,5,295.34
2574,2026-01-28,East,Clothing,1,64.69
2575,2026-01-28,West,Bikes,3,1794.92
2576,2026-01-28,South,Clothing,3,74.39
2577,2026-01-28,East,Components,5,319.68
2578,2026-01-28,West,Accessories,1,40.3
2579,2026-01-29,West,Bikes,3,2107.82
2580,2026-01-29,South,Accessories,4,24.95
2581,2026-01-30,South,Accessories,3,48.64
2582,2026-01-30,East,Accessories,3,48.91
2583,2026-01-31,South,Accessories,3,49.93
2584,2026-01-31,South,Accessories,3,41.35
2585,2026-01-31,North,Accessories,3,30.62
2586,2026-02-01,South,Components,4,277.69
2587,2026-02-01,South,Clothing,1,42.2
2588,2026-02-01,West,Clothing,3,53.56
2589,2026-02-01,East,Accessories,5,55.68
2590,2026-02-02,North,Clothing,2,87.79
2591,2026-02-02,South,Clothing,4,51.69
2592,2026-02-02,North,Clothing,3,107.98
2593,2026-02-02,East,Clothing,2,33.52
2594,2026-02-03,East,Clothing,3,42.2
2595,2026-02-03,West,Bikes,3,1932.41
2596,2026-02-03,West,Bikes,4,2084.3
2597,2026-02-04,North,Clothing,3,76.65
2598,2026-02-04,East,Accessories,5,54.82
2599,2026-02-04,East,Components,2,248.25
2600,2026-02-04,North,Components,2,366.57
2601,2026-02-05,South,Components,2,120.7
2602,2026-02-05,West,Accessories,3,30.94
2603,2026-02-05,South,Bikes,4,1248.79
2604,2026-02-06,East,Accessories,1,24.09
2605,2026-02-06,North,Bikes,4,1425.9
2606,2026-02-06,South,Components,1,259.09
2607,2026-02-06,South,Components,3,359.49
2608,2026-02-06,East,Components,4,279.16
2609,2026-02-06,East,Bikes,4,2850.15
2610,2026-02-07,West,Clothing,4,34.06
2611,2026-02-07,North,Components,4,168.44
2612,2026-02-07,North,Components,3,284.39
2613,2026-02-08,East,Bikes,3,1244.72
2614,2026-02-08,North,Bikes,3,1721.22
2615,2026-02-08,West,Accessories,4,50.09
2616,2026-02-09,North,Clothing,2,57.72
2617,2026-02-09,South,Accessories,3,23.66
2618,2026-02-09,North,Accessories,1,24.11
2619,2026-02-09,North,Bikes,5,2144.03
2620,2026-02-10,East,Accessories,3,55.8
2621,2026-02-10,East,Bikes,5,1721.01
2622,2026-02-10,West,Bikes,2,1418.77
2623,2026-02-10,North,Components,5,181.16
2624,2026-02-10,West,Clothing,3,43.42
2625,2026-02-11,North,Accessories,5,33.83
2626,2026-02-11,North,Bikes,4,1911.28
2627,2026-02-12,South,Accessories,2,48.64
2628,2026-02-12,South,Accessories,5,49.94
2629,2026-02-12,North,Accessories,2,27.89
2630,2026-02-13,East,Accessories,5,55.22
2631,2026-02-13,South,Bikes,5,2758.99
2632,2026-02-14,East,Components,2,115.79
2633,2026-02-14,North,Clothing,4,51.61
2634,2026-02-14,West,Components,4,121.0
2635,2026-02-15,South,Accessories,2,28.88
2636,2026-02-15,South,Accessories,1,48.83
2637,2026-02-15,South,Clothing,3,79.14
2638,2026-02-16,North,Components,3,238.24
2639,2026-02-16,North,Components,3,376.81
2640,2026-02-17,West,Bikes,5,1901.56
2641,2026-02-17,West,Bikes,4,1111.68
2642,2026-02-17,East,Bikes,5,1768.16
2643,2026-02-17,East,Accessories,3,22.39
2644,2026-02-17,North,Clothing,4,114.18
2645,2026-02-17,North,Bikes,4,1532.41
2646,2026-02-18,North,Accessories,3,23.55
2647,2026-02-18,North,Bikes,2,1350.21
2648,2026-02-18,East,Bikes,4,2864.96
2649,2026-02-18,South,Clothing,2,108.96
2650,2026-02-18,West,Accessories,4,26.91
2651,2026-02-19,East,Bikes,1,1337.97
2652,2026-02-19,West,Clothing,2,82.35
2653,2026-02-19,South,Bikes,1,1751.6
2654,2026-02-19,West,Accessories,5,44.2
2655,2026-02-19,North,Components,4,139.77
2656,2026-02-20,North,Components,5,256.27
2657,2026-02-20,South,Components,5,237.84
2658,2026-02-20,South,Clothing,5,39.98
2659,2026-02-20,North,Clothing,3,113.76
2660,2026-02-20,West,Bikes,5,1072.3
2661,2026-02-21,West,Clothing,1,103.34
2662,2026-02-21,South,Clothing,3,79.55
2663,2026-02-21,East,Components,3,370.95
2664,2026-02-22,South,Clothing,3,69.97
2665,2026-02-22,South,Clothing,5,91.4
2666,2026-02-22,West,Components,2,280.54
2667,2026-02-22,South,Components,4,320.29
2668,2026-02-22,West,Clothing,4,66.36
2669,2026-02-22,North,Components,4,334.44
2670,2026-02-23,East,Components,2,393.2
2671,2026-02-23,South,Accessories,2,57.47
2672,2026-02-23,West,Clothing,5,116.43
2673,2026-02-23,East,Components,5,150.65
2674,2026-02-24,West,Bikes,2,2290.65
2675,2026-02-24,North,Bikes,2,2914.68
2676,2026-02-24,West,Bikes,3,2613.58
2677,2026-02-24,East,Components,3,395.48
2678,2026-02-25,North,Bikes,2,2072.01
2679,2026-02-25,North,Clothing,5,105.25
2680,2026-02-26,East,Components,4,180.88
2681,2026-02-26,East,Bikes,3,2669.25
2682,2026-02-26,East,Bikes,5,1693.17
2683,2026-02-26,South,Clothing,5,92.08
2684,2026-02-26,East,Clothing,5,56.12
2685,2026-02-27,North,Components,1,395.21
2686,2026-02-27,South,Accessories,4,30.91
2687,2026-02-28,South,Clothing,5,53.23
2688,2026-02-28,North,Clothing,5,47.49
2689,2026-02-28,East,Components,5,119.85
2690,2026-02-28,West,Accessories,5,21.9
2691,2026-03-01,North,Components,1,123.11
2692,2026-03-01,North,Clothing,5,102.8
2693,2026-03-01,South,Bikes,3,2524.94
2694,2026-03-01,North,Clothing,5,101.37
2695,2026-03-01,West,Components,2,340.16
2696,2026-03-02,South,Clothing,4,59.24
2697,2026-03-02,South,Components,2,239.52
2698,2026-03-02,East,Clothing,5,64.79
2699,2026-03-02,North,Components,5,227.52
2700,2026-03-02,West,Clothing,1,83.39
2701,2026-03-02,North,Bikes,2,2060.66
2702,2026-03-03,North,Clothing,5,105.11
2703,2026-03-03,West,Bikes,3,1050.89
2704,2026-03-03,East,Clothing,1,37.04
2705,2026-03-03,South,Clothing,4,61.62
2706,2026-03-04,East,Bikes,5,1567.83
2707,2026-03-04,North,Bikes,3,2446.33
2708,2026-03-04,East,Accessories,5,44.96
2709,2026-03-04,South,Clothing,1,70.2
2710,2026-03-04,South,Clothing,4,85.27
2711,2026-03-05,East,Bikes,5,2585.72
2712,2026-03-05,North,Components,2,229.4
2713,2026-03-06,West,Bikes,5,2304.32
2714,2026-03-06,North,Bikes,2,2846.95
2715,2026-03-06,South,Bikes,4,2398.08
2716,2026-03-07,West,Components,4,156.1
2717,2026-03-07,South,Clothing,3,32.77
2718,2026-03-07,West,Clothing,1,79.43
2719,2026-03-07,South,Clothing,5,69.09
2720,2026-03-07,East,Accessories,1,21.63
2721,2026-03-07,South,Accessories,1,39.42
2722,2026-03-08,West,Accessories,3,46.23
2723,2026-03-08,North,Bikes,1,2236.45
2724,2026-03-08,West,Accessories,3,19.4
2725,2026-03-08,West,Components,1,186.36
2726,2026-03-09,East,Accessories,4,40.6
2727,2026-03-09,North,Components,4,349.38
2728,2026-03-09,South,Bikes,5,1935.75
2729,2026-03-09,South,Accessories,2,54.89
2730,2026-03-09,East,Components,1,180.34
2731,2026-03-10,North,Clothing,5,56.48
2732,2026-03-10,West,Accessories,5,28.84
2733,2026-03-10,South,Clothing,4,96.39
2734,2026-03-10,East,Accessories,4,35.71
2735,2026-03-10,East,Bikes,2,1043.61
2736,2026-03-11,West,Bikes,2,2680.06
2737,2026-03-11,North,Components,3,189.25
2738,2026-03-11,East,Bikes,4,2092.2
2739,2026-03-11,East,Bikes,3,2879.78
2740,2026-03-11,South,Clothing,2,101.06
2741,2026-03-11,North,Bikes,4,2108.39
2742,2026-03-12,North,Clothing,1,115.19
2743,2026-03-12,West,Clothing,5,50.53
2744,2026-03-12,East,Clothing,5,112.93
2745,2026-03-12,East,Bikes,5,994.91
2746,2026-03-12,West,Clothing,5,38.51
2747,2026-03-12,North,Clothing,3,109.01
2748,2026-03-13,East,Bikes,1,2876.08
2749,2026-03-13,North,Clothing,2,36.53
2750,2026-03-13,East,Accessories,1,20.19
2751,2026-03-13,South,Clothing,1,61.7
2752,2026-03-13,South,Accessories,2,35.1
2753,2026-03-14,East,Clothing,4,111.12
2754,2026-03-14,South,Clothing,1,66.79
2755,2026-03-14,North,Bikes,2,2006.9
2756,2026-03-14,West,Accessories,4,30.65
2757,2026-03-14,North,Clothing,1,68.49
2758,2026-03-14,West,Components,5,147.94
2759,2026-03-15,North,Bikes,5,2963.46
2760,2026-03-15,North,Clothing,4,59.31
2761,2026-03-15,North,Clothing,4,52.34
2762,2026-03-16,South,Bikes,1,2216.56
2763,2026-03-16,West,Components,5,175.34
2764,2026-03-16,East,Bikes,4,1534.51
2765,2026-03-17,South,Accessories,3,36.01
2766,2026-03-17,South,Accessories,5,49.7
2767,2026-03-17,North,Bikes,4,2303.28
2768,2026-03-18,South,Accessories,3,20.61
2769,2026-03-18,West,Components,4,135.23
2770,2026-03-18,South,Accessories,5,32.07
2771,2026-03-18,West,Accessories,3,37.07
2772,2026-03-18,South,Bikes,3,2772.92
2773,2026-03-18,South,Clothing,2,51.12
2774,2026-03-19,West,Accessories,4,37.38
2775,2026-03-19,East,Components,3,169.69
2776,2026-03-19,North,Bikes,4,986.34
2777,2026-03-19,West,Components,1,325.96
2778,2026-03-19,North,Accessories,5,19.19
2779,2026-03-20,South,Components,2,118.8
2780,2026-03-20,South,Clothing,3,67.19
2781,2026-03-20,East,Components,2,267.39
2782,2026-03-20,East,Bikes,5,2870.29
2783,2026-03-20,East,Bikes,1,911.56
2784,2026-03-21,West,Bikes,5,885.61
2785,2026-03-21,East,Accessories,1,47.59
2786,2026-03-21,North,Accessories,2,22.14
2787,2026-03-21,East,Accessories,5,29.35
2788,2026-03-21,East,Accessories,3,17.02
2789,2026-03-21,North,Bikes,4,978.84
2790,2026-03-22,West,Accessories,1,52.25
2791,2026-03-22,West,Bikes,1,1414.5
2792,2026-03-23,South,Components,1,225.21
2793,2026-03-23,West,Clothing,5,83.52
2794,2026-03-23,North,Components,1,395.83
2795,2026-03-23,South,Components,2,327.62
2796,2026-03-23,West,Clothing,1,116.37
2797,2026-03-23,South,Clothing,5,68.98
2798,2026-03-24,North,Components,2,313.57
2799,2026-03-24,South,Clothing,4,114.93
2800,2026-03-24,East,Components,4,200.26
2801,2026-03-24,West,Components,1,228.79
2802,2026-03-24,East,Bikes,5,1042.69
2803,2026-03-25,North,Accessories,5,18.24
2804,2026-03-25,South,Bikes,5,1278.21
2805,2026-03-26,West,Components,4,290.17
2806,2026-03-26,South,Components,3,188.63
2807,2026-03-26,South,Accessories,4,55.44
2808,2026-03-26,West,Clothing,1,113.39
2809,2026-03-26,South,Clothing,4,50.72
2810,2026-03-26,East,Clothing,1,108.94
2811,2026-03-27,South,Components,2,132.22
2812,2026-03-27,South,Bikes,1,1180.97
2813,2026-03-27,South,Clothing,4,63.15
2814,2026-03-27,South,Bikes,3,2595.32
2815,2026-03-27,East,Components,3,230.62
2816,2026-03-27,East,Clothing,5,44.74
2817,2026-03-28,North,Bikes,4,2240.23
2818,2026-03-28,West,Accessories,2,43.84
2819,2026-03-28,West,Bikes,5,2873.54
2820,2026-03-28,South,Bikes,5,843.77
2821,2026-03-28,West,Components,5,292.37
2822,2026-03-29,East,Bikes,1,1256.09
2823,2026-03-29,East,Bikes,1,1204.42
2824,2026-03-30,South,Accessories,3,27.9
2825,2026-03-30,West,Accessories,2,40.35
2826,2026-03-30,North,Clothing,4,64.51
2827,2026-03-31,East,Components,2,157.98
2828,2026-03-31,South,Components,4,262.42
2829,2026-03-31,South,Components,2,170.69
2830,2026-03-31,East,Accessories,3,19.43
2831,2026-03-31,North,Bikes,5,2948.21
2832,2026-03-31,North,Bikes,5,890.14
2833,2026-04-01,East,Bikes,2,1059.83
2834,2026-04-01,East,Accessories,3,38.48
2835,2026-04-01,South,Accessories,5,39.98
2836,2026-04-01,South,Bikes,2,2933.42
2837,2026-04-01,West,Components,2,275.07
2838,2026-04-01,South,Accessories,1,49.08
2839,2026-04-02,East,Accessories,3,33.57
2840,2026-04-02,East,Accessories,4,49.86
2841,2026-04-02,East,Bikes,5,1800.15
2842,2026-04-02,South,Bikes,5,2247.06
2843,2026-04-02,West,Clothing,4,57.52
2844,2026-04-03,West,Bikes,4,2741.1
2845,2026-04-03,East,Clothing,5,72.61
2846,2026-04-04,West,Accessories,1,42.23
2847,2026-04-04,East,Bikes,2,2932.37
2848,2026-04-04,East,Clothing,4,97.95
2849,2026-04-04,North,Accessories,2,41.65
2850,2026-04-05,South,Components,4,372.34
2851,2026-04-05,West,Clothing,5,64.81
2852,2026-04-05,South,Bikes,3,2221.9
2853,2026-04-06,North,Components,3,265.21
2854,2026-04-06,West,Clothing,3,67.43
2855,2026-04-07,South,Clothing,2,49.37
2856,2026-04-07,West,Accessories,5,27.59
2857,2026-04-07,West,Bikes,1,2882.87
2858,2026-04-07,East,Accessories,1,37.46
2859,2026-04-07,North,Bikes,3,2490.7
2860,2026-04-08,West,Components,3,247.13
2861,2026-04-08,West,Clothing,2,104.09
2862,2026-04-08,South,Bikes,5,2629.78
2863,2026-04-08,South,Accessories,2,52.52
2864,2026-04-08,North,Accessories,1,27.39
2865,2026-04-09,South,Clothing,5,93.2
2866,2026-04-09,East,Clothing,5,104.84
2867,2026-04-09,South,Bikes,2,1374.0
2868,2026-04-09,West,Components,2,288.83
2869,2026-04-09,South,Accessories,5,16.59
2870,2026-04-10,North,Clothing,3,56.39
2871,2026-04-10,West,Accessories,3,19.09
2872,2026-04-10,North,Accessories,2,22.76
2873,2026-04-10,South,Components,4,257.08
2874,2026-04-11,East,Bikes,5,1512.16
2875,2026-04-11,South,Accessories,2,49.26
2876,2026-04-11,West,Clothing,1,112.72
2877,2026-04-12,North,Accessories,4,20.19
2878,2026-04-12,North,Components,2,175.46
2879,2026-04-12,North,Components,1,124.76
2880,2026-04-12,East,Accessories,1,56.8
2881,2026-04-12,South,Bikes,5,2607.2
2882,2026-04-12,West,Bikes,3,1857.99
2883,2026-04-13,North,Clothing,4,90.57
2884,2026-04-13,South,Bikes,3,1562.86
2885,2026-04-14,East,Bikes,1,2929.37
2886,2026-04-14,South,Accessories,5,56.44
2887,2026-04-14,South,Accessories,2,21.17
2888,2026-04-14,North,Bikes,1,2153.88
2889,2026-04-14,East,Bikes,5,2937.94
2890,2026-04-14,North,Clothing,1,50.0
2891,2026-04-15,North,Components,2,273.27
2892,2026-04-15,North,Components,1,288.13
2893,2026-04-15,North,Bikes,1,1314.32
2894,2026-04-15,West,Bikes,5,1457.47
2895,2026-04-16,North,Clothing,5,72.48
2896,2026-04-16,West,Components,1,131.17
2897,2026-04-16,West,Clothing,5,89.47
2898,2026-04-16,West,Accessories,2,57.74
2899,2026-04-16,East,Bikes,5,2092.33
2900,2026-04-17,North,Bikes,5,2375.71
2901,2026-04-17,West,Clothing,4,58.82
2902,2026-04-17,East,Bikes,2,1457.44
2903,2026-04-17,South,Bikes,4,1985.17
2904,2026-04-17,East,Accessories,3,26.27
2905,2026-04-18,East,Clothing,2,108.31
2906,2026-04-18,North,Clothing,1,38.37
2907,2026-04-18,West,Clothing,3,60.73
2908,2026-04-19,South,Components,1,220.1
2909,2026-04-19,North,Accessories,1,40.82
2910,2026-04-19,North,Components,3,259.95
2911,2026-04-19,West,Accessories,4,55.09
2912,2026-04-20,West,Clothing,1,56.05
2913,2026-04-20,East,Accessories,3,32.73
2914,2026-04-21,West,Bikes,3,2182.19
2915,2026-04-21,North,Components,4,331.04
2916,2026-04-21,West,Bikes,5,1640.85
2917,2026-04-22,West,Bikes,5,909.99
2918,2026-04-22,North,Bikes,3,2135.31
2919,2026-04-23,South,Bikes,2,2012.02
2920,2026-04-23,West,Bikes,3,1414.0
2921,2026-04-24,East,Components,1,360.83
2922,2026-04-24,West,Bikes,1,970.18
2923,2026-04-24,East,Clothing,2,47.67
2924,2026-04-25,South,Bikes,2,2772.24
2925,2026-04-25,West,Bikes,3,996.02
2926,2026-04-25,East,Accessories,2,57.78
2927,2026-04-25,East,Components,3,253.15
2928,2026-04-25,West,Clothing,5,92.12
2929,2026-04-26,South,Accessories,2,29.11
2930,2026-04-26,East,Components,4,196.54
2931,2026-04-26,West,Bikes,1,2483.13
2932,2026-04-26,East,Clothing,1,106.04
2933,2026-04-27,East,Bikes,1,1884.95
2934,2026-04-27,South,Accessories,5,36.49
2935,2026-04-28,West,Components,2,132.19
2936,2026-04-28,North,Clothing,5,57.01
2937,2026-04-28,West,Accessories,5,36.91
2938,2026-04-28,West,Bikes,1,2295.0
2939,2026-04-28,North,Clothing,3,116.19
2940,2026-04-28,South,Components,3,252.12
2941,2026-04-29,East,Bikes,3,2241.78
2942,2026-04-29,West,Components,3,184.46
2943,2026-04-29,East,Clothing,4,79.09
2944,2026-04-29,West,Accessories,1,39.14
2945,2026-04-29,South,Bikes,5,1607.07
2946,2026-04-30,South,Accessories,1,44.42
2947,2026-04-30,East,Clothing,3,34.28
2948,2026-05-01,East,Components,3,190.69
2949,2026-05-01,North,Bikes,4,2705.65
2950,2026-05-01,East,Components,1,291.89
2951,2026-05-01,South,Components,4,176.84
2952,2026-05-01,East,Accessories,5,39.53
2953,2026-05-01,East,Clothing,2,145.58
2954,2026-05-02,South,Bikes,3,2564.65
2955,2026-05-02,North,Accessories,2,78.58
2956,2026-05-03,South,Components,2,174.0
2957,2026-05-03,South,Clothing,3,137.71
2958,2026-05-03,South,Components,3,363.54
2959,2026-05-03,South,Bikes,3,2076.88
2960,2026-05-03,North,Accessories,1,78.4
2961,2026-05-03,North,Bikes,5,2479.16
2962,2026-05-04,East,Clothing,1,156.64
2963,2026-05-04,West,Components,5,395.88
2964,2026-05-04,East,Accessories,5,68.45
2965,2026-05-05,North,Components,4,230.28
2966,2026-05-05,West,Accessories,2,24.33
2967,2026-05-05,South,Bikes,3,3983.49
2968,2026-05-05,West,Accessories,4,28.05
2969,2026-05-05,East,Accessories,1,40.46
2970,2026-05-06,East,Components,2,424.46
2971,2026-05-06,East,Clothing,2,48.24
2972,2026-05-06,South,Clothing,3,148.24
2973,2026-05-06,West,Bikes,4,1946.73
2974,2026-05-06,West,Clothing,5,76.91
2975,2026-05-06,West,Clothing,4,125.48
2976,2026-05-07,South,Clothing,3,56.52
2977,2026-05-07,East,Components,2,389.04
2978,2026-05-08,West,Components,2,475.43
2979,2026-05-08,North,Clothing,4,53.29
2980,2026-05-08,West,Accessories,1,71.16
2981,2026-05-09,East,Accessories,1,75.68
2982,2026-05-09,North,Bikes,3,1383.49
2983,2026-05-09,East,Clothing,1,86.07
2984,2026-05-09,North,Components,5,486.56
2985,2026-05-10,West,Clothing,2,153.23
2986,2026-05-10,South,Accessories,2,23.27
2987,2026-05-10,East,Clothing,5,143.14
2988,2026-05-11,South,Accessories,5,29.72
2989,2026-05-11,North,Accessories,3,37.5
2990,2026-05-11,East,Accessories,5,54.56
2991,2026-05-11,North,Clothing,2,48.49
2992,2026-05-12,South,Clothing,4,50.2
2993,2026-05-12,East,Components,2,296.82
2994,2026-05-12,South,Bikes,1,1804.07
2995,2026-05-13,West,Bikes,3,3993.05
2996,2026-05-13,East,Bikes,4,2629.3
2997,2026-05-13,North,Bikes,4,2354.45
2998,2026-05-13,South,Clothing,4,48.85
2999,2026-05-13,South,Bikes,5,2741.04
3000,2026-05-13,South,Bikes,5,1517.58
3001,2026-05-14,South,Bikes,2,2262.2
3002,2026-05-14,West,Bikes,5,4023.99
3003,2026-05-14,West,Components,1,155.13
3004,2026-05-14,West,Components,1,475.7
3005,2026-05-14,North,Components,5,197.59
3006,2026-05-14,West,Accessories,2,34.33
3007,2026-05-15,West,Accessories,5,57.0
3008,2026-05-15,North,Clothing,4,97.06
3009,2026-05-15,South,Clothing,3,145.44
3010,2026-05-15,North,Accessories,2,73.51
3011,2026-05-15,North,Clothing,4,104.14
3012,2026-05-16,East,Accessories,4,74.85
3013,2026-05-16,North,Components,2,162.4
3014,2026-05-16,South,Accessories,1,56.3
3015,2026-05-16,South,Bikes,1,3705.23
3016,2026-05-16,West,Components,5,295.88
3017,2026-05-16,North,Bikes,5,2742.66
3018,2026-05-17,South,Accessories,1,32.5
3019,2026-05-17,North,Accessories,5,74.69
3020,2026-05-17,North,Accessories,5,41.98
3021,2026-05-17,South,Bikes,3,2666.62
3022,2026-05-17,West,Accessories,2,67.78
3023,2026-05-18,South,Components,4,230.68
3024,2026-05-18,West,Accessories,4,39.06
3025,2026-05-18,South,Bikes,4,2352.41
3026,2026-05-18,East,Accessories,4,62.04
3027,2026-05-18,East,Bikes,3,1750.67
3028,2026-05-19,South,Clothing,1,152.82
3029,2026-05-19,South,Bikes,1,1725.81
3030,2026-05-19,East,Components,5,166.38
3031,2026-05-19,East,Clothing,2,63.58
3032,2026-05-19,North,Accessories,1,53.65
3033,2026-05-19,North,Bikes,5,3020.01
3034,2026-05-20,South,Clothing,5,106.31
3035,2026-05-20,North,Components,2,310.63
3036,2026-05-20,North,Bikes,3,2674.46
3037,2026-05-20,North,Accessories,5,65.35
3038,2026-05-20,West,Clothing,3,51.54
3039,2026-05-21,South,Bikes,2,2676.72
3040,2026-05-21,South,Accessories,1,69.56
3041,2026-05-21,East,Clothing,5,126.7
3042,2026-05-21,South,Bikes,2,3482.46
3043,2026-05-21,North,Bikes,2,1227.22
3044,2026-05-22,North,Clothing,2,44.55
3045,2026-05-22,West,Clothing,2,79.45
3046,2026-05-22,North,Clothing,4,94.21
3047,2026-05-23,North,Bikes,2,1625.63
3048,2026-05-23,East,Components,1,216.27
3049,2026-05-23,East,Components,5,431.16
3050,2026-05-23,East,Bikes,5,2074.05
3051,2026-05-23,East,Clothing,5,53.7
3052,2026-05-23,South,Clothing,4,115.65
3053,2026-05-24,East,Clothing,1,59.69
3054,2026-05-24,East,Components,1,396.41
3055,2026-05-24,West,Clothing,5,44.48
3056,2026-05-24,South,Bikes,3,4035.19
3057,2026-05-24,South,Clothing,2,99.28
3058,2026-05-24,East,Accessories,1,72.77
3059,2026-05-25,North,Clothing,1,106.77
3060,2026-05-25,East,Accessories,5,48.61
3061,2026-05-25,West,Accessories,2,26.01
3062,2026-05-25,North,Clothing,4,73.79
3063,2026-05-26,East,Bikes,2,3478.59
3064,2026-05-26,South,Bikes,4,3470.44
3065,2026-05-27,West,Clothing,5,108.96
3066,2026-05-27,South,Accessories,3,51.33
3067,2026-05-27,East,Accessories,3,69.91
3068,2026-05-27,South,Bikes,5,2616.95
3069,2026-05-27,East,Bikes,4,3807.3
3070,2026-05-28,North,Clothing,3,96.92
3071,2026-05-28,South,Clothing,1,95.46
3072,2026-05-28,West,Clothing,2,134.62
3073,2026-05-29,West,Accessories,5,43.02
3074,2026-05-29,North,Clothing,1,121.2
3075,2026-05-29,West,Bikes,1,3245.01
3076,2026-05-29,South,Bikes,5,3535.09
3077,2026-05-30,North,Clothing,1,138.67
3078,2026-05-30,East,Bikes,2,2824.08
3079,2026-05-30,West,Components,5,487.0
3080,2026-05-31,West,Components,1,185.94
3081,2026-05-31,North,Bikes,4,2753.86
3082,2026-05-31,South,Components,3,253.8
3083,2026-06-01,West,Bikes,5,2930.07
3084,2026-06-01,East,Clothing,4,77.05
3085,2026-06-01,North,Clothing,2,154.31
3086,2026-06-01,East,Bikes,3,1968.37
3087,2026-06-02,East,Bikes,5,2524.29
3088,2026-06-02,South,Accessories,5,40.43
3089,2026-06-03,East,Accessories,2,37.92
3090,2026-06-03,North,Bikes,2,2702.52
3091,2026-06-03,North,Components,5,424.72
3092,2026-06-03,East,Clothing,4,156.65
3093,2026-06-03,South,Bikes,5,3593.55
3094,2026-06-03,West,Bikes,5,2881.89
3095,2026-06-04,North,Bikes,2,2612.57
3096,2026-06-04,North,Bikes,5,3169.42
3097,2026-06-04,East,Accessories,1,69.85
3098,2026-06-05,North,Bikes,3,2504.73
3099,2026-06-05,North,Components,5,199.36
3100,2026-06-05,South,Bikes,3,2365.45
3101,2026-06-05,West,Accessories,2,35.04
3102,2026-06-05,South,Accessories,1,71.43
3103,2026-06-06,West,Components,5,380.3
3104,2026-06-06,South,Clothing,4,75.34
3105,2026-06-06,South,Bikes,2,2269.84
3106,2026-06-06,West,Bikes,1,2470.61
3107,2026-06-07,West,Bikes,1,3418.57
3108,2026-06-07,East,Clothing,3,90.42
3109,2026-06-07,East,Components,4,341.55
3110,2026-06-07,East,Components,5,436.29
3111,2026-06-07,East,Clothing,4,61.91
3112,2026-06-07,East,Bikes,2,3475.88
3113,2026-06-08,East,Accessories,4,46.82
3114,2026-06-08,East,Accessories,2,72.73
3115,2026-06-08,North,Clothing,2,59.68
3116,2026-06-08,South,Clothing,4,82.45
3117,2026-06-08,West,Accessories,2,29.37
3118,2026-06-09,East,Clothing,3,121.77
3119,2026-06-09,South,Bikes,3,3557.55
3120,2026-06-09,West,Clothing,2,72.17
3121,2026-06-10,North,Bikes,1,2729.08
3122,2026-06-10,South,Clothing,5,142.23
3123,2026-06-11,South,Bikes,2,3378.96
3124,2026-06-11,North,Components,1,247.36
3125,2026-06-11,South,Bikes,1,1745.77
3126,2026-06-11,North,Bikes,2,1960.79
3127,2026-06-11,East,Components,1,183.76
3128,2026-06-11,East,Bikes,1,2716.42
3129,2026-06-12,South,Bikes,5,2734.02
3130,2026-06-12,South,Components,1,296.93
3131,2026-06-13,North,Components,5,432.99
3132,2026-06-13,South,Accessories,5,63.39
3133,2026-06-13,North,Bikes,4,1702.06
3134,2026-06-14,East,Accessories,5,22.4
3135,2026-06-14,West,Components,4,403.89
3136,2026-06-14,West,Bikes,4,1675.24
3137,2026-06-14,West,Components,1,280.71
3138,2026-06-15,South,Clothing,4,134.51
3139,2026-06-15,South,Components,1,479.78
3140,2026-06-15,West,Components,4,440.34
3141,2026-06-16,East,Accessories,1,59.02
3142,2026-06-16,West,Bikes,3,2793.41
3143,2026-06-16,South,Components,2,444.68
3144,2026-06-17,North,Components,3,223.98
3145,2026-06-17,East,Clothing,4,149.88
3146,2026-06-17,North,Bikes,1,1997.75
3147,2026-06-17,North,Clothing,3,104.51
3148,2026-06-17,North,Accessories,1,62.99
3149,2026-06-17,East,Bikes,5,2984.42
3150,2026-06-18,West,Components,2,219.06
3151,2026-06-18,South,Clothing,4,150.32
3152,2026-06-18,North,Accessories,1,63.72
3153,2026-06-19,South,Bikes,2,1191.69
3154,2026-06-19,East,Bikes,5,4025.52
3155,2026-06-19,North,Components,2,161.88
3156,2026-06-19,North,Components,5,307.86
3157,2026-06-19,North,Accessories,5,62.48
3158,2026-06-20,North,Bikes,4,1343.5
3159,2026-06-20,East,Bikes,3,1828.45
3160,2026-06-20,East,Bikes,4,2892.09
3161,2026-06-21,West,Accessories,1,25.05
3162,2026-06-21,North,Accessories,4,29.33
3163,2026-06-21,North,Clothing,4,136.15
3164,2026-06-21,South,Bikes,2,3206.89
3165,2026-06-22,South,Components,2,156.22
3166,2026-06-22,North,Clothing,1,83.8
3167,2026-06-22,East,Bikes,5,1416.32
3168,2026-06-22,West,Bikes,1,3877.13
3169,2026-06-22,East,Bikes,3,1676.98
3170,2026-06-22,North,Components,5,153.86
3171,2026-06-23,East,Accessories,2,32.06
3172,2026-06-23,East,Clothing,4,64.96
3173,2026-06-23,North,Accessories,2,75.88
3174,2026-06-23,South,Bikes,4,2792.36
3175,2026-06-23,West,Clothing,5,106.28
3176,2026-06-24,East,Accessories,2,35.74
3177,2026-06-24,East,Bikes,3,2298.51
3178,2026-06-24,South,Accessories,5,63.71
3179,2026-06-24,South,Clothing,5,91.46
3180,2026-06-24,West,Clothing,3,66.22
3181,2026-06-25,South,Clothing,2,122.81
3182,2026-06-25,North,Accessories,2,59.71
3183,2026-06-25,West,Accessories,3,62.52
3184,2026-06-25,East,Bikes,2,3524.33
3185,2026-06-25,East,Components,1,241.42
3186,2026-06-26,West,Bikes,3,2549.29
3187,2026-06-26,West,Bikes,5,3168.8
3188,2026-06-26,East,Accessories,2,40.95
3189,2026-06-26,West,Components,3,459.86
3190,2026-06-26,North,Accessories,4,77.41
3191,2026-06-26,West,Components,1,470.27
3192,2026-06-27,North,Accessories,1,53.51
3193,2026-06-27,South,Clothing,5,102.8
3194,2026-06-27,East,Bikes,4,2400.31
3195,2026-06-27,South,Clothing,3,157.16
3196,2026-06-27,East,Clothing,1,81.99
3197,2026-06-28,East,Bikes,1,2031.2
3198,2026-06-28,South,Components,1,412.83
3199,2026-06-28,South,Accessories,1,45.84
3200,2026-06-29,South,Components,1,313.58
3201,2026-06-29,West,Clothing,1,59.0
3202,2026-06-29,South,Components,3,531.44
3203,2026-06-29,West,Components,5,268.22
3204,2026-06-29,East,Components,1,356.55
3205,2026-06-30,South,Accessories,4,27.91
3206,2026-06-30,East,Bikes,2,3578.66
3207,2026-07-01,East,Accessories,3,77.29
3208,2026-07-01,East,Bikes,1,1927.76
3209,2026-07-01,South,Bikes,1,3060.05
3210,2026-07-01,North,Clothing,5,69.05
3211,2026-07-01,North,Clothing,1,95.1
3212,2026-07-01,East,Bikes,3,1900.02
3213,2026-07-02,West,Accessories,2,36.35
3214,2026-07-02,North,Clothing,4,81.98
3215,2026-07-02,South,Clothing,2,131.08
3216,2026-07-02,East,Bikes,2,1634.19
3217,2026-07-03,East,Accessories,2,78.46
3218,2026-07-03,West,Accessories,3,73.73
3219,2026-07-03,South,Accessories,5,59.25
3220,2026-07-03,North,Clothing,4,55.31
3221,2026-07-04,North,Bikes,2,1536.97
3222,2026-07-04,South,Clothing,5,103.25
3223,2026-07-04,North,Accessories,4,22.08
3224,2026-07-04,East,Bikes,5,2294.94
3225,2026-07-04,South,Components,4,477.82
3226,2026-07-05,East,Components,3,470.7
3227,2026-07-05,West,Accessories,1,66.89
3228,2026-07-06,North,Components,3,455.2
3229,2026-07-06,East,Bikes,5,3225.02
3230,2026-07-06,North,Clothing,3,87.16
3231,2026-07-06,West,Components,4,355.2
3232,2026-07-06,West,Clothing,4,129.32
3233,2026-07-06,South,Accessories,5,30.66
3234,2026-07-07,North,Components,3,310.83
3235,2026-07-07,North,Accessories,3,58.09
3236,2026-07-08,North,Accessories,2,39.92
3237,2026-07-08,South,Clothing,2,150.93
3238,2026-07-08,East,Components,5,339.17
3239,2026-07-09,East,Clothing,5,102.66
3240,2026-07-09,West,Bikes,5,2345.85
3241,2026-07-09,East,Clothing,1,150.34
3242,2026-07-09,North,Components,4,341.6
3243,2026-07-10,West,Accessories,3,55.3
3244,2026-07-10,South,Bikes,3,1797.76
3245,2026-07-10,West,Bikes,5,1983.5
3246,2026-07-11,North,Accessories,3,38.57
3247,2026-07-11,South,Components,3,533.25
3248,2026-07-11,West,Components,3,297.56
3249,2026-07-11,North,Bikes,1,3107.48
3250,2026-07-12,South,Clothing,4,98.76
3251,2026-07-12,North,Components,4,291.78
3252,2026-07-12,South,Components,1,334.04
3253,2026-07-12,South,Clothing,2,59.69
3254,2026-07-12,North,Bikes,5,3355.11
3255,2026-07-13,East,Bikes,3,1439.61
3256,2026-07-13,North,Clothing,5,44.08
3257,2026-07-13,East,Clothing,2,85.39
3258,2026-07-13,South,Accessories,2,42.64
3259,2026-07-14,South,Accessories,4,48.63
3260,2026-07-14,West,Components,3,483.46
3261,2026-07-14,East,Accessories,3,62.81
3262,2026-07-14,West,Components,2,508.47
3263,2026-07-14,East,Bikes,3,2126.58
3264,2026-07-15,East,Components,4,537.32
3265,2026-07-15,East,Clothing,1,45.54
3266,2026-07-16,South,Accessories,5,67.49
3267,2026-07-16,South,Accessories,4,64.78
3268,2026-07-16,West,Accessories,4,39.71
3269,2026-07-16,South,Clothing,4,110.23
3270,2026-07-17,North,Bikes,4,3755.17
3271,2026-07-17,North,Clothing,5,141.46
3272,2026-07-17,North,Clothing,5,149.36
3273,2026-07-17,West,Components,1,539.08
3274,2026-07-17,North,Accessories,2,45.83
3275,2026-07-18,South,Components,5,431.31
3276,2026-07-18,East,Accessories,4,48.17
3277,2026-07-18,West,Accessories,2,46.27
3278,2026-07-18,North,Components,4,242.93
3279,2026-07-18,South,Clothing,3,77.96
3280,2026-07-18,North,Accessories,3,55.18
3281,2026-07-19,North,Bikes,5,2032.03
3282,2026-07-19,West,Bikes,4,3014.91
3283,2026-07-19,South,Accessories,3,44.08
3284,2026-07-20,East,Clothing,2,85.44
3285,2026-07-20,North,Accessories,2,33.51
3286,2026-07-20,East,Bikes,2,3437.5
3287,2026-07-20,South,Accessories,3,73.25
3288,2026-07-20,West,Bikes,2,3617.27
3289,2026-07-21,East,Clothing,2,123.82
3290,2026-07-21,East,Bikes,3,2709.72
3291,2026-07-22,South,Clothing,4,150.97
3292,2026-07-22,North,Components,5,162.35
3293,2026-07-22,West,Accessories,1,60.86
3294,2026-07-22,West,Accessories,3,56.93
3295,2026-07-22,South,Components,1,499.23
3296,2026-07-22,South,Components,4,310.74
3297,2026-07-23,North,Clothing,1,65.95
3298,2026-07-23,East,Bikes,5,2011.67
3299,2026-07-23,North,Components,3,326.41
3300,2026-07-24,South,Clothing,3,83.99
3301,2026-07-24,West,Bikes,1,2366.13
3302,2026-07-25,East,Bikes,1,2061.48
3303,2026-07-25,North,Clothing,2,149.05
3304,2026-07-25,North,Accessories,1,45.17
3305,2026-07-26,West,Bikes,5,3785.66
3306,2026-07-26,West,Clothing,4,101.86
3307,2026-07-26,East,Clothing,3,145.19
3308,2026-07-26,West,Clothing,2,93.02
3309,2026-07-27,South,Clothing,4,147.88
3310,2026-07-27,South,Components,1,260.77
3311,2026-07-28,South,Accessories,2,58.45
3312,2026-07-28,East,Accessories,3,34.99
3313,2026-07-28,West,Clothing,2,88.56
3314,2026-07-28,West,Accessories,1,57.44
3315,2026-07-28,East,Accessories,5,51.89
3316,2026-07-28,South,Accessories,5,54.82
3317,2026-07-29,East,Accessories,4,64.2
3318,2026-07-29,North,Clothing,2,76.08
3319,2026-07-29,North,Accessories,5,71.38
3320,2026-07-29,North,Bikes,4,1468.78
3321,2026-07-29,North,Accessories,5,45.28
3322,2026-07-30,North,Components,4,359.24
3323,2026-07-30,East,Bikes,4,3519.28
3324,2026-07-30,North,Bikes,2,2714.75
3325,2026-07-30,South,Components,1,324.74
3326,2026-07-31,North,Bikes,1,3289.14
3327,2026-07-31,West,Clothing,2,148.32
3328,2026-08-01,South,Bikes,5,1523.63
3329,2026-08-01,West,Clothing,5,95.55
3330,2026-08-02,North,Clothing,1,85.31
3331,2026-08-02,South,Components,4,480.16
3332,2026-08-03,East,Bikes,5,3274.98
3333,2026-08-03,North,Bikes,2,3829.55
3334,2026-08-03,South,Accessories,5,76.48
3335,2026-08-04,West,Bikes,1,3748.97
3336,2026-08-04,West,Accessories,1,70.14
3337,2026-08-04,East,Clothing,2,55.07
3338,2026-08-04,South,Components,3,516.08
3339,2026-08-04,South,Components,1,287.45
3340,2026-08-04,East,Accessories,3,51.34
3341,2026-08-05,East,Components,5,314.09
3342,2026-08-05,East,Bikes,1,2966.35
3343,2026-08-05,East,Components,3,382.19
3344,2026-08-05,East,Accessories,5,28.59
3345,2026-08-06,West,Bikes,5,3846.82
3346,2026-08-06,North,Bikes,4,3254.53
3347,2026-08-06,North,Components,4,225.53
3348,2026-08-06,North,Bikes,3,2019.79
3349,2026-08-07,West,Accessories,1,33.91
3350,2026-08-07,East,Components,5,506.43
3351,2026-08-07,East,Clothing,1,48.98
3352,2026-08-07,East,Components,2,393.94
3353,2026-08-07,North,Bikes,3,2045.0
3354,2026-08-08,West,Clothing,1,90.15
3355,2026-08-08,West,Clothing,5,134.58
3356,2026-08-08,North,Clothing,2,144.26
3357,2026-08-08,North,Bikes,2,3028.39
3358,2026-08-08,North,Clothing,4,61.83
3359,2026-08-08,North,Bikes,5,2431.4
3360,2026-08-09,East,Bikes,2,3273.38
3361,2026-08-09,South,Accessories,2,60.92
3362,2026-08-10,West,Accessories,1,60.8
3363,2026-08-10,South,Clothing,3,90.28
3364,2026-08-10,West,Bikes,2,1612.2
3365,2026-08-10,East,Accessories,1,52.82
3366,2026-08-11,North,Accessories,2,75.1
3367,2026-08-11,West,Components,5,227.57
3368,2026-08-11,West,Components,5,391.7
3369,2026-08-12,North,Clothing,5,88.05
3370,2026-08-12,West,Accessories,1,51.75
3371,2026-08-12,West,Bikes,3,2937.08
3372,2026-08-13,West,Accessories,1,49.91
3373,2026-08-13,South,Accessories,3,65.08
3374,2026-08-13,East,Components,3,179.9
3375,2026-08-13,North,Components,5,480.62
3376,2026-08-13,West,Components,2,423.48
3377,2026-08-14,East,Bikes,4,2907.75
3378,2026-08-14,East,Components,1,366.49
3379,2026-08-14,East,Bikes,4,2106.5
3380,2026-08-14,North,Clothing,2,132.73
3381,2026-08-14,East,Accessories,2,67.09
3382,2026-08-15,North,Clothing,3,154.18
3383,2026-08-15,North,Accessories,5,28.79
3384,2026-08-15,West,Accessories,4,39.9
3385,2026-08-16,North,Components,2,440.85
3386,2026-08-16,East,Components,3,464.64
3387,2026-08-16,East,Bikes,3,3970.46
3388,2026-08-17,West,Clothing,2,110.54
3389,2026-08-17,South,Components,2,234.53
3390,2026-08-17,North,Components,5,263.42
3391,2026-08-17,North,Accessories,4,44.38
3392,2026-08-17,South,Clothing,5,150.79
3393,2026-08-18,South,Components,4,192.1
3394,2026-08-18,North,Clothing,5,120.25
3395,2026-08-18,West,Components,4,305.44
3396,2026-08-18,East,Clothing,1,131.71
3397,2026-08-19,West,Bikes,4,2859.58
3398,2026-08-19,West,Accessories,4,76.63
3399,2026-08-19,North,Bikes,1,3212.74
3400,2026-08-19,South,Clothing,2,150.82
3401,2026-08-20,North,Accessories,2,26.45
3402,2026-08-20,North,Accessories,2,34.15
3403,2026-08-21,East,Clothing,4,68.1
3404,2026-08-21,South,Accessories,3,31.7
3405,2026-08-22,South,Accessories,4,50.52
3406,2026-08-22,South,Clothing,1,128.81
3407,2026-08-22,North,Components,2,286.1
3408,2026-08-22,North,Accessories,3,48.55
3409,2026-08-23,South,Components,1,424.93
3410,2026-08-23,North,Clothing,5,146.84
3411,2026-08-24,South,Components,3,309.7
3412,2026-08-24,North,Bikes,5,2046.87
3413,2026-08-24,East,Clothing,5,88.05
3414,2026-08-24,South,Components,4,506.18
3415,2026-08-24,West,Clothing,5,120.16
3416,2026-08-24,East,Accessories,4,28.1
3417,2026-08-25,West,Clothing,3,99.74
3418,2026-08-25,West,Accessories,4,62.39
3419,2026-08-26,East,Clothing,4,135.74
3420,2026-08-26,North,Accessories,2,47.08
3421,2026-08-27,North,Accessories,3,48.02
3422,2026-08-27,West,Accessories,1,54.15
3423,2026-08-28,East,Components,5,208.4
3424,2026-08-28,East,Accessories,4,64.33
3425,2026-08-29,North,Accessories,1,59.82
3426,2026-08-29,South,Accessories,1,27.92
3427,2026-08-29,West,Clothing,3,44.19
3428,2026-08-30,East,Bikes,5,2804.54
3429,2026-08-30,West,Clothing,1,51.4
3430,2026-08-31,East,Clothing,2,51.6
3431,2026-08-31,West,Clothing,1,93.15
3432,2026-08-31,South,Bikes,1,3545.61
3433,2026-08-31,East,Components,3,312.7
3434,2026-08-31,East,Bikes,5,2675.51
3435,2026-09-01,South,Accessories,5,31.66
3436,2026-09-01,West,Accessories,5,30.28
3437,2026-09-01,East,Clothing,2,76.38
3438,2026-09-01,East,Accessories,3,39.01
3439,2026-09-01,East,Components,2,274.55
3440,2026-09-02,South,Bikes,2,2847.45
3441,2026-09-02,South,Accessories,1,42.21
3442,2026-09-02,South,Bikes,5,1490.29
3443,2026-09-02,North,Clothing,1,63.44
3444,2026-09-02,North,Accessories,4,30.01
3445,2026-09-02,East,Accessories,1,41.38
3446,2026-09-03,West,Components,4,350.77
3447,2026-09-03,West,Components,3,117.15
3448,2026-09-03,East,Accessories,3,41.78
3449,2026-09-03,North,Accessories,2,33.47
3450,2026-09-04,West,Accessories,4,51.35
3451,2026-09-04,North,Clothing,1,34.9
3452,2026-09-05,West,Bikes,1,1893.12
3453,2026-09-05,East,Components,2,325.64
3454,2026-09-05,East,Accessories,1,20.13
3455,2026-09-05,South,Accessories,1,28.38
3456,2026-09-05,West,Clothing,2,55.56
3457,2026-09-06,West,Bikes,1,2674.86
3458,2026-09-06,East,Bikes,3,1987.52
3459,2026-09-07,North,Accessories,4,41.34
3460,2026-09-07,West,Bikes,4,854.97
3461,2026-09-07,West,Accessories,5,21.7
3462,2026-09-07,North,Accessories,2,30.1
3463,2026-09-07,North,Components,5,365.2
3464,2026-09-08,North,Bikes,3,1923.4
3465,2026-09-08,West,Components,2,359.09
3466,2026-09-08,West,Bikes,4,2343.91
3467,2026-09-08,South,Bikes,3,1843.28
3468,2026-09-09,North,Components,5,152.85
3469,2026-09-09,West,Accessories,1,26.32
3470,2026-09-09,North,Components,2,313.04
3471,2026-09-09,North,Components,2,124.62
3472,2026-09-10,West,Accessories,5,55.43
3473,2026-09-10,North,Components,4,194.92
3474,2026-09-10,West,Bikes,1,1817.61
3475,2026-09-10,East,Components,5,337.33
3476,2026-09-11,South,Components,4,297.84
3477,2026-09-11,East,Accessories,3,55.8
3478,2026-09-11,South,Accessories,2,57.03
3479,2026-09-11,South,Clothing,3,67.73
3480,2026-09-11,East,Clothing,4,75.12
3481,2026-09-12,East,Clothing,3,101.67
3482,2026-09-12,West,Components,5,237.72
3483,2026-09-12,East,Components,5,308.05
3484,2026-09-13,West,Components,4,129.82
3485,2026-09-13,South,Clothing,5,59.0
3486,2026-09-13,North,Accessories,5,53.9
3487,2026-09-13,South,Accessories,5,27.41
3488,2026-09-13,South,Accessories,3,37.97
3489,2026-09-14,North,Bikes,3,1495.98
3490,2026-09-14,West,Components,3,292.52
3491,2026-09-14,West,Accessories,2,46.77
3492,2026-09-14,West,Components,3,202.07
3493,2026-09-14,West,Bikes,5,1825.69
3494,2026-09-15,North,Components,5,314.31
3495,2026-09-15,North,Components,4,274.6
3496,2026-09-15,South,Accessories,4,56.88
3497,2026-09-15,West,Accessories,3,30.65
3498,2026-09-15,North,Components,3,244.27
3499,2026-09-16,West,Clothing,5,94.85
3500,2026-09-16,North,Components,5,232.31
3501,2026-09-16,South,Components,3,330.85
3502,2026-09-16,North,Clothing,1,55.93
3503,2026-09-16,South,Components,3,262.1
3504,2026-09-16,South,Clothing,5,101.68
3505,2026-09-17,South,Accessories,3,19.14
3506,2026-09-17,East,Accessories,3,19.9
3507,2026-09-17,South,Components,3,153.08
3508,2026-09-18,South,Components,5,151.03
3509,2026-09-18,South,Accessories,5,25.22
3510,2026-09-18,South,Accessories,3,20.56
3511,2026-09-19,East,Bikes,4,2838.45
3512,2026-09-19,South,Components,4,264.34
3513,2026-09-19,South,Accessories,1,22.27
3514,2026-09-19,South,Bikes,4,1765.45
3515,2026-09-19,West,Accessories,4,27.08
3516,2026-09-20,East,Components,3,115.55
3517,2026-09-20,West,Clothing,3,113.53
3518,2026-09-20,South,Accessories,1,38.96
3519,2026-09-21,South,Clothing,2,101.23
3520,2026-09-21,West,Bikes,5,1321.34
3521,2026-09-21,North,Clothing,2,51.45
3522,2026-09-21,South,Accessories,2,33.75
3523,2026-09-21,South,Components,5,300.82
3524,2026-09-22,South,Accessories,3,18.64
3525,2026-09-22,North,Accessories,3,31.79
3526,2026-09-22,North,Clothing,4,67.05
3527,2026-09-22,North,Accessories,2,43.37
3528,2026-09-22,South,Clothing,5,51.67
3529,2026-09-23,West,Components,4,119.95
3530,2026-09-23,South,Accessories,3,30.18
3531,2026-09-23,North,Components,2,193.25
3532,2026-09-23,East,Accessories,3,23.72
3533,2026-09-23,North,Components,2,255.37
3534,2026-09-24,East,Clothing,2,99.67
3535,2026-09-24,East,Bikes,4,2533.84
3536,2026-09-24,East,Components,1,252.19
3537,2026-09-24,West,Bikes,3,2367.83
3538,2026-09-24,West,Accessories,1,26.59
3539,2026-09-25,North,Components,3,387.64
3540,2026-09-25,North,Bikes,1,2005.58
3541,2026-09-25,South,Accessories,5,33.62
3542,2026-09-25,East,Accessories,3,41.15
3543,2026-09-26,West,Accessories,3,21.05
3544,2026-09-26,South,Clothing,5,68.95
3545,2026-09-26,West,Accessories,5,20.8
3546,2026-09-26,North,Clothing,5,63.69
3547,2026-09-26,West,Accessories,2,42.18
3548,2026-09-26,South,Bikes,2,1766.74
3549,2026-09-27,South,Clothing,4,43.81
3550,2026-09-27,South,Bikes,5,1738.43
3551,2026-09-27,South,Accessories,1,41.53
3552,2026-09-27,East,Clothing,4,77.61
3553,2026-09-27,East,Accessories,3,55.8
3554,2026-09-27,West,Clothing,3,56.3
3555,2026-09-28,West,Clothing,1,34.94
3556,2026-09-28,North,Clothing,5,86.08
3557,2026-09-28,North,Clothing,1,94.09
3558,2026-09-28,East,Bikes,5,931.33
3559,2026-09-28,West,Bikes,4,2372.16
3560,2026-09-29,West,Clothing,1,104.23
3561,2026-09-29,West,Bikes,5,955.7
3562,2026-09-30,North,Clothing,3,53.41
3563,2026-09-30,South,Components,4,333.68
3564,2026-09-30,East,Accessories,4,48.62
3565,2026-09-30,South,Clothing,3,70.09
3566,2026-10-01,North,Clothing,5,54.37
3567,2026-10-01,North,Accessories,5,28.89
3568,2026-10-01,West,Bikes,3,2128.59
3569,2026-10-01,West,Bikes,5,1438.96
3570,2026-10-02,East,Clothing,3,101.36
3571,2026-10-02,North,Bikes,3,1565.63
3572,2026-10-02,West,Components,3,386.36
3573,2026-10-02,East,Components,5,374.1
3574,2026-10-03,North,Bikes,2,2160.57
3575,2026-10-03,West,Accessories,3,17.27
3576,2026-10-04,South,Bikes,4,2001.2
3577,2026-10-04,North,Accessories,4,57.12
3578,2026-10-04,South,Clothing,4,39.33
3579,2026-10-04,South,Bikes,3,1196.34
3580,2026-10-04,South,Accessories,3,55.09
3581,2026-10-04,West,Clothing,1,32.7
3582,2026-10-05,East,Components,3,284.05
3583,2026-10-05,West,Accessories,3,56.28
3584,2026-10-05,West,Clothing,2,93.85
3585,2026-10-05,West,Accessories,3,19.15
3586,2026-10-05,North,Clothing,1,51.95
3587,2026-10-05,East,Bikes,3,1200.87
3588,2026-10-06,West,Bikes,4,1637.47
3589,2026-10-06,West,Accessories,5,16.68
3590,2026-10-06,South,Clothing,2,40.43
3591,2026-10-06,North,Bikes,1,981.27
3592,2026-10-07,North,Accessories,2,19.84
3593,2026-10-07,North,Accessories,4,28.41
3594,2026-10-07,North,Clothing,5,89.59
3595,2026-10-07,West,Clothing,3,44.07
3596,2026-10-07,West,Components,1,216.21
3597,2026-10-07,West,Clothing,1,88.42
3598,2026-10-08,South,Clothing,4,68.81
3599,2026-10-08,South,Clothing,2,95.58
3600,2026-10-08,East,Clothing,5,32.79
3601,2026-10-08,North,Components,2,369.07
3602,2026-10-08,West,Clothing,4,61.38
3603,2026-10-09,South,Bikes,5,1190.29
3604,2026-10-09,North,Bikes,3,2581.38
3605,2026-10-09,East,Clothing,4,34.45
3606,2026-10-09,North,Accessories,3,25.37
3607,2026-10-09,North,Accessories,5,42.98
3608,2026-10-09,West,Accessories,4,44.21
3609,2026-10-10,East,Components,3,399.18
3610,2026-10-10,South,Accessories,5,43.59
3611,2026-10-10,West,Clothing,4,57.33
3612,2026-10-10,East,Components,4,235.78
3613,2026-10-10,South,Bikes,2,1053.41
3614,2026-10-10,West,Bikes,1,915.26
3615,2026-10-11,North,Accessories,5,17.09
3616,2026-10-11,East,Bikes,5,1130.45
3617,2026-10-11,East,Accessories,2,45.57
3618,2026-10-11,East,Accessories,3,30.28
3619,2026-10-11,North,Components,4,315.1
3620,2026-10-11,West,Components,2,367.05
3621,2026-10-12,South,Bikes,1,1275.47
3622,2026-10-12,West,Accessories,4,28.24
3623,2026-10-13,South,Bikes,5,925.21
3624,2026-10-13,North,Accessories,2,27.3
3625,2026-10-13,South,Bikes,5,1220.58
3626,2026-10-13,East,Accessories,1,42.25
3627,2026-10-14,East,Clothing,3,88.53
3628,2026-10-14,South,Accessories,1,45.31
3629,2026-10-14,North,Bikes,3,1336.96
3630,2026-10-15,East,Components,4,203.78
3631,2026-10-15,West,Accessories,1,37.5
3632,2026-10-15,East,Clothing,5,99.48
3633,2026-10-15,South,Clothing,2,110.76
3634,2026-10-15,North,Clothing,1,97.72
3635,2026-10-16,West,Clothing,4,74.79
3636,2026-10-16,East,Components,2,215.91
3637,2026-10-16,East,Clothing,2,106.27
3638,2026-10-16,North,Components,2,179.59
3639,2026-10-17,North,Components,1,173.76
3640,2026-10-17,North,Components,5,391.6
3641,2026-10-17,West,Components,3,227.61
3642,2026-10-17,East,Components,2,263.29
3643,2026-10-17,West,Bikes,3,914.3
3644,2026-10-17,South,Accessories,4,37.94
3645,2026-10-18,North,Components,2,389.9
3646,2026-10-18,North,Accessories,5,55.55
3647,2026-10-18,East,Bikes,3,2455.77
3648,2026-10-18,East,Components,3,219.65
3649,2026-10-19,South,Accessories,5,47.38
3650,2026-10-19,East,Bikes,4,2490.36
3651,2026-10-19,East,Accessories,2,34.77
3652,2026-10-19,North,Clothing,3,95.12
3653,2026-10-20,South,Accessories,1,32.81
3654,2026-10-20,East,Clothing,1,64.68
3655,2026-10-20,West,Clothing,2,68.38
3656,2026-10-20,North,Bikes,3,1977.57
3657,2026-10-20,West,Bikes,5,2441.54
3658,2026-10-20,West,Components,3,182.97
3659,2026-10-21,East,Bikes,1,2184.26
3660,2026-10-21,South,Accessories,4,22.61
3661,2026-10-21,South,Components,4,293.92
3662,2026-10-22,South,Accessories,4,43.64
3663,2026-10-22,South,Components,3,193.73
3664,2026-10-22,West,Components,4,141.16
3665,2026-10-22,West,Clothing,5,115.55
3666,2026-10-22,West,Accessories,3,43.94
3667,2026-10-22,South,Accessories,2,53.17
3668,2026-10-23,North,Accessories,4,36.07
3669,2026-10-23,East,Bikes,3,1207.46
3670,2026-10-23,West,Bikes,3,2526.92
3671,2026-10-24,East,Bikes,2,1803.23
3672,2026-10-24,East,Accessories,4,54.66
3673,2026-10-24,West,Clothing,4,88.71
3674,2026-10-24,West,Accessories,1,33.21
3675,2026-10-24,East,Bikes,5,1851.08
3676,2026-10-25,West,Bikes,4,1967.6
3677,2026-10-25,South,Accessories,2,49.05
3678,2026-10-25,West,Bikes,3,2390.28
3679,2026-10-26,South,Accessories,1,30.62
3680,2026-10-26,East,Clothing,4,105.04
3681,2026-10-26,South,Accessories,5,35.53
3682,2026-10-26,West,Clothing,3,115.76
3683,2026-10-26,North,Clothing,1,41.61
3684,2026-10-27,East,Components,1,224.5
3685,2026-10-27,East,Bikes,5,1044.93
3686,2026-10-27,South,Components,2,241.02
3687,2026-10-27,West,Bikes,5,1666.9
3688,2026-10-27,East,Clothing,3,96.6
3689,2026-10-27,South,Clothing,3,55.33
3690,2026-10-28,North,Accessories,5,42.82
3691,2026-10-28,West,Components,3,387.27
3692,2026-10-28,North,Components,1,296.23
3693,2026-10-28,South,Accessories,5,43.08
3694,2026-10-29,East,Bikes,3,2954.33
3695,2026-10-29,South,Bikes,1,2724.68
3696,2026-10-30,North,Accessories,4,57.85
3697,2026-10-30,South,Accessories,5,25.59
3698,2026-10-31,East,Accessories,2,16.96
3699,2026-10-31,East,Clothing,4,44.02
3700,2026-10-31,North,Accessories,1,32.39
3701,2026-10-31,West,Clothing,2,93.68
3702,2026-10-31,South,Bikes,3,1915.78
3703,2026-10-31,South,Bikes,1,1199.34
3704,2026-11-01,East,Clothing,5,87.63
3705,2026-11-01,West,Clothing,1,60.36
3706,2026-11-01,South,Bikes,4,2570.35
3707,2026-11-01,West,Clothing,1,48.25
3708,2026-11-02,North,Components,4,335.9
3709,2026-11-02,East,Accessories,5,30.98
3710,2026-11-02,North,Accessories,5,57.15
3711,2026-11-02,West,Accessories,3,29.78
3712,2026-11-03,South,Accessories,4,57.3
3713,2026-11-03,North,Bikes,2,2679.35
3714,2026-11-04,North,Accessories,1,55.31
3715,2026-11-04,West,Components,5,209.32
3716,2026-11-05,North,Accessories,5,41.6
3717,2026-11-05,South,Clothing,2,98.83
3718,2026-11-05,North,Accessories,1,25.96
3719,2026-11-05,North,Bikes,3,1053.59
3720,2026-11-05,North,Clothing,5,46.09
3721,2026-11-05,North,Clothing,4,105.82
3722,2026-11-06,West,Components,2,227.86
3723,2026-11-06,West,Clothing,3,46.05
3724,2026-11-07,South,Components,2,246.22
3725,2026-11-07,North,Clothing,1,100.24
3726,2026-11-08,South,Clothing,3,34.43
3727,2026-11-08,West,Clothing,5,56.95
3728,2026-11-08,West,Components,2,182.28
3729,2026-11-09,South,Accessories,2,52.01
3730,2026-11-09,East,Accessories,3,23.49
3731,2026-11-09,South,Components,1,185.33
3732,2026-11-10,South,Clothing,1,57.18
3733,2026-11-10,South,Bikes,2,2221.87
3734,2026-11-10,South,Components,1,277.34
3735,2026-11-10,North,Clothing,1,63.54
3736,2026-11-10,South,Clothing,5,98.67
3737,2026-11-10,West,Components,5,195.43
3738,2026-11-11,West,Accessories,5,21.81
3739,2026-11-11,West,Bikes,4,1559.65
3740,2026-11-11,South,Clothing,4,102.36
3741,2026-11-11,West,Bikes,4,967.85
3742,2026-11-12,South,Accessories,1,32.43
3743,2026-11-12,South,Components,4,341.1
3744,2026-11-12,North,Clothing,3,116.18
3745,2026-11-13,West,Components,3,215.75
3746,2026-11-13,South,Accessories,4,19.02
3747,2026-11-13,North,Accessories,5,23.47
3748,2026-11-13,East,Components,1,211.78
3749,2026-11-13,South,Clothing,1,62.27
3750,2026-11-13,West,Bikes,5,1917.95
3751,2026-11-14,South,Accessories,1,19.67
3752,2026-11-14,South,Clothing,3,77.02
3753,2026-11-14,South,Clothing,2,85.8
3754,2026-11-15,West,Components,2,343.68
3755,2026-11-15,East,Bikes,1,1553.77
3756,2026-11-15,South,Bikes,4,2355.85
3757,2026-11-16,East,Components,1,326.94
3758,2026-11-16,East,Bikes,5,960.87
3759,2026-11-16,South,Accessories,1,48.41
3760,2026-11-16,South,Accessories,2,50.16
3761,2026-11-17,North,Clothing,5,110.53
3762,2026-11-17,East,Bikes,4,2001.56
3763,2026-11-17,North,Components,5,289.2
3764,2026-11-17,East,Bikes,5,2358.07
3765,2026-11-18,North,Bikes,1,918.98
3766,2026-11-18,West,Accessories,2,17.91
3767,2026-11-19,South,Clothing,2,43.36
3768,2026-11-19,East,Accessories,1,47.56
3769,2026-11-19,West,Accessories,4,31.19
3770,2026-11-19,North,Components,5,230.29
3771,2026-11-20,North,Bikes,2,1652.08
3772,2026-11-20,South,Clothing,5,67.79
3773,2026-11-20,North,Components,5,274.66
3774,2026-11-20,South,Components,4,320.42
3775,2026-11-20,East,Components,4,355.77
3776,2026-11-21,South,Clothing,2,114.02
3777,2026-11-21,South,Accessories,3,43.85
3778,2026-11-21,East,Components,1,302.51
3779,2026-11-21,South,Bikes,5,2650.08
3780,2026-11-21,East,Clothing,1,114.61
3781,2026-11-22,South,Clothing,4,37.48
3782,2026-11-22,East,Accessories,3,24.45
3783,2026-11-22,East,Components,2,327.04
3784,2026-11-22,East,Accessories,3,19.01
3785,2026-11-23,East,Bikes,1,1340.22
3786,2026-11-23,South,Accessories,1,32.22
3787,2026-11-23,North,Bikes,4,1588.24
3788,2026-11-23,East,Bikes,1,2702.08
3789,2026-11-23,East,Components,2,149.83
3790,2026-11-23,South,Clothing,4,55.88
3791,2026-11-24,South,Clothing,3,44.15
3792,2026-11-24,North,Bikes,3,1326.73
3793,2026-11-24,North,Clothing,3,109.42
3794,2026-11-24,West,Clothing,4,71.47
3795,2026-11-24,North,Accessories,1,25.05
3796,2026-11-24,South,Bikes,3,2956.82
3797,2026-11-25,South,Bikes,4,892.79
3798,2026-11-25,South,Accessories,1,16.77
3799,2026-11-25,South,Components,5,279.18
3800,2026-11-25,South,Accessories,2,18.57
3801,2026-11-25,South,Clothing,3,72.85
3802,2026-11-25,South,Bikes,3,1560.19
3803,2026-11-26,West,Components,5,192.8
3804,2026-11-26,South,Bikes,2,2625.09
3805,2026-11-27,West,Bikes,1,1338.6
3806,2026-11-27,East,Clothing,3,80.04
3807,2026-11-27,East,Components,1,237.83
3808,2026-11-28,North,Accessories,2,49.97
3809,2026-11-28,North,Bikes,3,2612.81
3810,2026-11-28,North,Components,5,204.62
3811,2026-11-29,West,Accessories,3,40.11
3812,2026-11-29,East,Clothing,2,101.19
3813,2026-11-30,North,Bikes,3,1259.93
3814,2026-11-30,North,Components,4,345.93
3815,2026-11-30,East,Bikes,1,2091.01
3816,2026-11-30,South,Bikes,3,883.42
3817,2026-11-30,South,Clothing,5,39.01
3818,2026-11-30,South,Bikes,3,1545.37
3819,2026-12-01,North,Components,2,372.35
3820,2026-12-01,East,Components,3,289.15
3821,2026-12-02,West,Accessories,3,29.91
3822,2026-12-02,South,Bikes,2,2336.37
3823,2026-12-03,East,Clothing,5,36.14
3824,2026-12-03,West,Clothing,5,57.61
3825,2026-12-03,East,Accessories,5,38.48
3826,2026-12-03,East,Components,4,368.1
3827,2026-12-03,South,Components,1,238.28
3828,2026-12-03,West,Accessories,4,39.55
3829,2026-12-04,North,Components,4,176.02
3830,2026-12-04,North,Accessories,4,22.42
3831,2026-12-04,West,Accessories,2,40.41
3832,2026-12-04,East,Clothing,3,72.61
3833,2026-12-04,East,Components,2,333.97
3834,2026-12-04,South,Clothing,1,42.72
3835,2026-12-05,North,Components,3,181.06
3836,2026-12-05,South,Components,1,240.92
3837,2026-12-06,East,Clothing,2,46.1
3838,2026-12-06,South,Bikes,5,1420.29
3839,2026-12-06,North,Bikes,1,1710.48
3840,2026-12-06,South,Bikes,4,2912.93
3841,2026-12-07,East,Bikes,2,1618.14
3842,2026-12-07,South,Components,3,333.13
3843,2026-12-07,East,Clothing,3,43.92
3844,2026-12-08,South,Clothing,4,92.56
3845,2026-12-08,West,Components,4,163.36
3846,2026-12-08,North,Clothing,1,106.72
3847,2026-12-08,West,Bikes,4,1257.92
3848,2026-12-08,West,Clothing,4,46.38
3849,2026-12-08,North,Bikes,3,1101.63
3850,2026-12-09,North,Components,4,245.27
3851,2026-12-09,South,Accessories,1,33.33
3852,2026-12-10,South,Accessories,5,46.17
3853,2026-12-10,South,Bikes,1,2370.31
3854,2026-12-10,West,Clothing,3,104.93
3855,2026-12-10,West,Bikes,2,1775.14
3856,2026-12-10,South,Components,3,159.01
3857,2026-12-11,West,Accessories,4,33.77
3858,2026-12-11,East,Bikes,5,2612.29
3859,2026-12-11,West,Bikes,4,949.67
3860,2026-12-11,North,Accessories,1,36.97
3861,2026-12-12,East,Clothing,3,103.31
3862,2026-12-12,East,Components,4,241.54
3863,2026-12-12,South,Components,5,286.06
3864,2026-12-12,North,Bikes,4,2785.23
3865,2026-12-12,East,Clothing,3,103.7
3866,2026-12-12,West,Accessories,1,35.29
3867,2026-12-13,North,Components,5,115.58
3868,2026-12-13,North,Accessories,2,20.2
3869,2026-12-13,North,Clothing,3,114.88
3870,2026-12-14,East,Bikes,2,1085.09
3871,2026-12-14,East,Components,2,224.97
3872,2026-12-14,South,Components,2,398.72
3873,2026-12-14,South,Components,2,310.6
3874,2026-12-14,South,Components,2,293.98
3875,2026-12-15,South,Bikes,2,1347.18
3876,2026-12-15,West,Accessories,2,27.4
3877,2026-12-15,East,Components,1,211.45
3878,2026-12-15,East,Accessories,1,16.39
3879,2026-12-15,East,Clothing,4,72.74
3880,2026-12-16,North,Accessories,3,41.13
3881,2026-12-16,South,Components,4,163.4
3882,2026-12-16,South,Clothing,2,65.17
3883,2026-12-16,West,Bikes,5,1937.3
3884,2026-12-16,South,Clothing,3,70.05
3885,2026-12-16,East,Bikes,3,1178.89
3886,2026-12-17,South,Clothing,5,39.42
3887,2026-12-17,North,Clothing,4,72.11
3888,2026-12-17,South,Components,2,162.25
3889,2026-12-17,West,Bikes,3,2127.69
3890,2026-12-18,East,Bikes,2,2905.0
3891,2026-12-18,South,Bikes,5,1669.03
3892,2026-12-18,South,Components,4,387.37
3893,2026-12-18,East,Clothing,2,99.44
3894,2026-12-18,West,Clothing,2,102.11
3895,2026-12-19,South,Clothing,5,95.95
3896,2026-12-19,South,Accessories,5,52.89
3897,2026-12-19,East,Components,3,375.68
3898,2026-12-19,West,Clothing,4,69.64
3899,2026-12-19,West,Accessories,3,37.43
3900,2026-12-20,West,Components,3,222.93
3901,2026-12-20,North,Components,3,342.8
3902,2026-12-20,East,Bikes,3,2496.58
3903,2026-12-20,West,Components,5,133.92
3904,2026-12-21,East,Accessories,3,34.87
3905,2026-12-21,West,Components,4,321.53
3906,2026-12-22,North,Components,4,196.28
3907,2026-12-22,East,Components,1,329.54
3908,2026-12-22,West,Components,4,165.61
3909,2026-12-22,South,Components,3,397.45
3910,2026-12-22,South,Bikes,3,2076.16
3911,2026-12-22,East,Accessories,1,29.74
3912,2026-12-23,East,Bikes,2,1388.76
3913,2026-12-23,North,Bikes,2,2351.28
3914,2026-12-23,East,Accessories,3,41.06
3915,2026-12-23,West,Accessories,4,54.64
3916,2026-12-24,East,Components,2,336.56
3917,2026-12-24,North,Bikes,5,1285.89
3918,2026-12-24,East,Clothing,3,50.53
3919,2026-12-24,South,Bikes,1,1500.98
3920,2026-12-24,North,Clothing,5,49.05
3921,2026-12-24,East,Bikes,3,1492.41
3922,2026-12-25,West,Accessories,5,53.91
3923,2026-12-25,East,Clothing,1,46.39
3924,2026-12-25,North,Bikes,4,1816.61
3925,2026-12-26,South,Components,1,161.41
3926,2026-12-26,North,Components,3,316.66
3927,2026-12-26,North,Components,2,162.53
3928,2026-12-27,West,Bikes,2,2026.0
3929,2026-12-27,East,Accessories,1,37.86
3930,2026-12-27,East,Components,5,250.79
3931,2026-12-27,North,Bikes,4,1477.34
3932,2026-12-27,East,Components,4,158.7
3933,2026-12-28,East,Components,1,330.81
3934,2026-12-28,South,Bikes,1,1577.04
3935,2026-12-28,South,Clothing,5,104.01
3936,2026-12-28,South,Components,3,142.09
3937,2026-12-28,North,Bikes,5,2975.48
3938,2026-12-28,East,Accessories,2,24.7
3939,2026-12-29,South,Accessories,3,30.5
3940,2026-12-29,South,Components,5,162.17
3941,2026-12-30,North,Bikes,1,2581.29
3942,2026-12-30,West,Components,4,215.46
3943,2026-12-31,East,Accessories,4,22.31
3944,2026-12-31,South,Accessories,1,50.38
3945,2026-12-31,East,Accessories,1,26.95
